exam_type,year,college_code,college_name,course_code,course_name,category,total_seats,category_seats,tuition_fee,other_fee,total_fee,closing_rank_mock,closing_rank_r1,closing_rank_r2,closing_rank_r3,closing_rank_r4
COMEDK,2025,E001,"Acharya Institute of Technology-Soladevanahalli, Bengaluru",AE,Aeronautical Engineering,GM,18,16,281100,20000,301100,,32990,,104061,56571
COMEDK,2025,E001,"Acharya Institute of Technology-Soladevanahalli, Bengaluru",AE,Aeronautical Engineering,KKR,18,2,281100,20000,301100,,97600,,,
COMEDK,2025,E001,"Acharya Institute of Technology-Soladevanahalli, Bengaluru",AI,Artificial Intelligence & Machine Learning,GM,36,33,281100,20000,301100,31672,28132,,52746,99107
COMEDK,2025,E001,"Acharya Institute of Technology-Soladevanahalli, Bengaluru",AI,Artificial Intelligence & Machine Learning,KKR,36,3,281100,20000,301100,77402,59237,86498,,
COMEDK,2025,E001,"Acharya Institute of Technology-Soladevanahalli, Bengaluru",BT,Biotechnology,GM,18,16,209390,20000,229390,59900,57931,,105937,82087
COMEDK,2025,E001,"Acharya Institute of Technology-Soladevanahalli, Bengaluru",BT,Biotechnology,KKR,18,2,209390,20000,229390,94718,94718,,,
COMEDK,2025,E001,"Acharya Institute of Technology-Soladevanahalli, Bengaluru",CD,Computer Science & Engineering (Data Science),GM,18,16,281100,20000,301100,,28589,,53623,103486
COMEDK,2025,E001,"Acharya Institute of Technology-Soladevanahalli, Bengaluru",CD,Computer Science & Engineering (Data Science),KKR,18,2,281100,20000,301100,,77022,102464,,
COMEDK,2025,E001,"Acharya Institute of Technology-Soladevanahalli, Bengaluru",CS,Computer Science & Engineering,GM,108,99,281100,20000,301100,,27452,,51728,109781
COMEDK,2025,E001,"Acharya Institute of Technology-Soladevanahalli, Bengaluru",CS,Computer Science & Engineering,KKR,108,9,281100,20000,301100,,64341,95420,,
COMEDK,2025,E001,"Acharya Institute of Technology-Soladevanahalli, Bengaluru",CV,Civil Engineering,GM,8,7,81800,20000,101800,70026,60864,,90907,
COMEDK,2025,E001,"Acharya Institute of Technology-Soladevanahalli, Bengaluru",CV,Civil Engineering,KKR,8,1,81800,20000,101800,,,,,
COMEDK,2025,E001,"Acharya Institute of Technology-Soladevanahalli, Bengaluru",EC,Electronics & Communication Engineering,GM,54,49,281100,20000,301100,44652,39829,,89548,87540
COMEDK,2025,E001,"Acharya Institute of Technology-Soladevanahalli, Bengaluru",EC,Electronics & Communication Engineering,KKR,54,5,281100,20000,301100,97035,90708,,,
COMEDK,2025,E001,"Acharya Institute of Technology-Soladevanahalli, Bengaluru",EE,Electrical & Electronics Engineering,GM,18,16,209390,20000,229390,,48775,,104887,
COMEDK,2025,E001,"Acharya Institute of Technology-Soladevanahalli, Bengaluru",EE,Electrical & Electronics Engineering,KKR,18,2,209390,20000,229390,,107783,,,
COMEDK,2025,E001,"Acharya Institute of Technology-Soladevanahalli, Bengaluru",IS,Information Science & Engineering,GM,72,66,281100,20000,301100,41490,39108,,75143,106733
COMEDK,2025,E001,"Acharya Institute of Technology-Soladevanahalli, Bengaluru",IS,Information Science & Engineering,KKR,72,6,281100,20000,301100,87959,85319,,,
COMEDK,2025,E001,"Acharya Institute of Technology-Soladevanahalli, Bengaluru",ME,Mechanical Engineering,GM,8,7,81800,20000,101800,62773,50724,,107616,
COMEDK,2025,E001,"Acharya Institute of Technology-Soladevanahalli, Bengaluru",ME,Mechanical Engineering,KKR,8,1,81800,20000,101800,,83862,83862,,
COMEDK,2025,E001,"Acharya Institute of Technology-Soladevanahalli, Bengaluru",MT,Mechatronics Engineering,GM,18,16,281100,20000,301100,81092,62208,,90218,
COMEDK,2025,E001,"Acharya Institute of Technology-Soladevanahalli, Bengaluru",MT,Mechatronics Engineering,KKR,18,2,281100,20000,301100,,91138,,,
COMEDK,2025,E001,"Acharya Institute of Technology-Soladevanahalli, Bengaluru",RI,Robotics & Artificial Intelligence,GM,18,16,281100,20000,301100,42895,38683,,70413,
COMEDK,2025,E001,"Acharya Institute of Technology-Soladevanahalli, Bengaluru",RI,Robotics & Artificial Intelligence,KKR,18,2,281100,20000,301100,101252,91837,,,
COMEDK,2025,E003,"A.C.S. College of Engineering-Kambipura Mysore Road, Bengaluru",AE,Aeronautical Engineering,GM,18,15,200000,20000,220000,,77093,,,
COMEDK,2025,E003,"A.C.S. College of Engineering-Kambipura Mysore Road, Bengaluru",AE,Aeronautical Engineering,KKR,18,3,200000,20000,220000,,,,,
COMEDK,2025,E003,"A.C.S. College of Engineering-Kambipura Mysore Road, Bengaluru",AI,Artificial Intelligence & Machine Learning,GM,18,15,200000,20000,220000,70872,53225,,92733,74861
COMEDK,2025,E003,"A.C.S. College of Engineering-Kambipura Mysore Road, Bengaluru",AI,Artificial Intelligence & Machine Learning,KKR,18,3,200000,20000,220000,92638,109748,,,
COMEDK,2025,E003,"A.C.S. College of Engineering-Kambipura Mysore Road, Bengaluru",AS,Aerospace Engineering,GM,18,15,200000,20000,220000,44372,48348,,90119,90119
COMEDK,2025,E003,"A.C.S. College of Engineering-Kambipura Mysore Road, Bengaluru",AS,Aerospace Engineering,KKR,18,3,200000,20000,220000,80099,77596,,,
COMEDK,2025,E003,"A.C.S. College of Engineering-Kambipura Mysore Road, Bengaluru",CD,Computer Science & Engineering (Data Science),GM,36,30,200000,20000,220000,,92839,,,
COMEDK,2025,E003,"A.C.S. College of Engineering-Kambipura Mysore Road, Bengaluru",CD,Computer Science & Engineering (Data Science),KKR,36,6,200000,20000,220000,,,,,
COMEDK,2025,E003,"A.C.S. College of Engineering-Kambipura Mysore Road, Bengaluru",CO,Computer Science & Engineering (IOT),GM,18,15,200000,20000,220000,106469,106469,,,
COMEDK,2025,E003,"A.C.S. College of Engineering-Kambipura Mysore Road, Bengaluru",CO,Computer Science & Engineering (IOT),KKR,18,3,200000,20000,220000,,,,,
COMEDK,2025,E003,"A.C.S. College of Engineering-Kambipura Mysore Road, Bengaluru",CS,Computer Science & Engineering,GM,72,59,200000,20000,220000,,72063,,104746,
COMEDK,2025,E003,"A.C.S. College of Engineering-Kambipura Mysore Road, Bengaluru",CS,Computer Science & Engineering,KKR,72,13,200000,20000,220000,,84428,,,
COMEDK,2025,E003,"A.C.S. College of Engineering-Kambipura Mysore Road, Bengaluru",CY,Computer Science & Engineering (Cyber Security),GM,18,15,200000,20000,220000,98149,111502,,98461,
COMEDK,2025,E003,"A.C.S. College of Engineering-Kambipura Mysore Road, Bengaluru",CY,Computer Science & Engineering (Cyber Security),KKR,18,3,200000,20000,220000,,,,,
COMEDK,2025,E003,"A.C.S. College of Engineering-Kambipura Mysore Road, Bengaluru",EC,Electronics & Communication Engineering,GM,18,15,200000,20000,220000,110471,104372,,,
COMEDK,2025,E003,"A.C.S. College of Engineering-Kambipura Mysore Road, Bengaluru",EC,Electronics & Communication Engineering,KKR,18,3,200000,20000,220000,,,,,
COMEDK,2025,E004,"Adichunchanagiri Institute Of Technology-Jyothi Nagara, Chikkamagaluru",AI,Artificial Intelligence & Machine Learning,GM,18,16,200000,20000,220000,83793,84307,,106484,62788
COMEDK,2025,E004,"Adichunchanagiri Institute Of Technology-Jyothi Nagara, Chikkamagaluru",AI,Artificial Intelligence & Machine Learning,KKR,18,2,200000,20000,220000,,,,,
COMEDK,2025,E004,"Adichunchanagiri Institute Of Technology-Jyothi Nagara, Chikkamagaluru",CD,Computer Science & Engineering (Data Science),GM,18,16,200000,20000,220000,,107613,,86772,
COMEDK,2025,E004,"Adichunchanagiri Institute Of Technology-Jyothi Nagara, Chikkamagaluru",CD,Computer Science & Engineering (Data Science),KKR,18,2,200000,20000,220000,,,,,
COMEDK,2025,E004,"Adichunchanagiri Institute Of Technology-Jyothi Nagara, Chikkamagaluru",CS,Computer Science & Engineering,GM,36,33,200000,20000,220000,,99949,,59442,96642
COMEDK,2025,E004,"Adichunchanagiri Institute Of Technology-Jyothi Nagara, Chikkamagaluru",CS,Computer Science & Engineering,KKR,36,3,200000,20000,220000,,,,,
COMEDK,2025,E004,"Adichunchanagiri Institute Of Technology-Jyothi Nagara, Chikkamagaluru",CV,Civil Engineering,GM,18,16,200000,20000,220000,,,,,
COMEDK,2025,E004,"Adichunchanagiri Institute Of Technology-Jyothi Nagara, Chikkamagaluru",CV,Civil Engineering,KKR,18,2,200000,20000,220000,,,,,
COMEDK,2025,E004,"Adichunchanagiri Institute Of Technology-Jyothi Nagara, Chikkamagaluru",EC,Electronics & Communication Engineering,GM,36,33,200000,20000,220000,110191,110191,,,
COMEDK,2025,E004,"Adichunchanagiri Institute Of Technology-Jyothi Nagara, Chikkamagaluru",EC,Electronics & Communication Engineering,KKR,36,3,200000,20000,220000,,,,,
COMEDK,2025,E004,"Adichunchanagiri Institute Of Technology-Jyothi Nagara, Chikkamagaluru",EE,Electrical & Electronics Engineering,GM,18,16,200000,20000,220000,,108350,,,
COMEDK,2025,E004,"Adichunchanagiri Institute Of Technology-Jyothi Nagara, Chikkamagaluru",EE,Electrical & Electronics Engineering,KKR,18,2,200000,20000,220000,,,,,
COMEDK,2025,E004,"Adichunchanagiri Institute Of Technology-Jyothi Nagara, Chikkamagaluru",IS,Information Science & Engineering,GM,18,16,200000,20000,220000,106976,104380,,,
COMEDK,2025,E004,"Adichunchanagiri Institute Of Technology-Jyothi Nagara, Chikkamagaluru",IS,Information Science & Engineering,KKR,18,2,200000,20000,220000,,,,,
COMEDK,2025,E004,"Adichunchanagiri Institute Of Technology-Jyothi Nagara, Chikkamagaluru",ME,Mechanical Engineering,GM,18,16,200000,20000,220000,105957,106615,,,
COMEDK,2025,E004,"Adichunchanagiri Institute Of Technology-Jyothi Nagara, Chikkamagaluru",ME,Mechanical Engineering,KKR,18,2,200000,20000,220000,,,,,
COMEDK,2025,E004,"Adichunchanagiri Institute Of Technology-Jyothi Nagara, Chikkamagaluru",RI,Robotics & Artificial Intelligence,GM,9,8,200000,20000,220000,106625,106484,,,
COMEDK,2025,E004,"Adichunchanagiri Institute Of Technology-Jyothi Nagara, Chikkamagaluru",RI,Robotics & Artificial Intelligence,KKR,9,1,200000,20000,220000,,,,,
COMEDK,2025,E005,"Akash Institute of Engineering and Technology-Devanahalli, Bengaluru Rural",AD,Artificial Intelligence & Data Science,GM,54,45,130000,20000,150000,,108689,,71024,84613
COMEDK,2025,E005,"Akash Institute of Engineering and Technology-Devanahalli, Bengaluru Rural",AD,Artificial Intelligence & Data Science,KKR,54,9,130000,20000,150000,,,,,
COMEDK,2025,E005,"Akash Institute of Engineering and Technology-Devanahalli, Bengaluru Rural",CD,Computer Science & Engineering (Data Science),GM,9,8,105000,20000,125000,,95521,,,
COMEDK,2025,E005,"Akash Institute of Engineering and Technology-Devanahalli, Bengaluru Rural",CD,Computer Science & Engineering (Data Science),KKR,9,1,105000,20000,125000,,,,,
COMEDK,2025,E005,"Akash Institute of Engineering and Technology-Devanahalli, Bengaluru Rural",CI,Computer Science & Engineering (Artificial & Machine Learning),GM,54,45,130000,20000,150000,111733,106210,,91347,84459
COMEDK,2025,E005,"Akash Institute of Engineering and Technology-Devanahalli, Bengaluru Rural",CI,Computer Science & Engineering (Artificial & Machine Learning),KKR,54,9,130000,20000,150000,,,,,
COMEDK,2025,E005,"Akash Institute of Engineering and Technology-Devanahalli, Bengaluru Rural",CS,Computer Science & Engineering,GM,54,45,130000,20000,150000,,68040,,111733,
COMEDK,2025,E005,"Akash Institute of Engineering and Technology-Devanahalli, Bengaluru Rural",CS,Computer Science & Engineering,KKR,54,9,130000,20000,150000,,100736,,,
COMEDK,2025,E005,"Akash Institute of Engineering and Technology-Devanahalli, Bengaluru Rural",CY,Computer Science & Engineering (Cyber Security),GM,36,30,130000,20000,150000,39940,108734,,104762,
COMEDK,2025,E005,"Akash Institute of Engineering and Technology-Devanahalli, Bengaluru Rural",CY,Computer Science & Engineering (Cyber Security),KKR,36,6,130000,20000,150000,,,,,
COMEDK,2025,E005,"Akash Institute of Engineering and Technology-Devanahalli, Bengaluru Rural",EC,Electronics & Communication Engineering,GM,27,22,90000,20000,110000,99522,100871,,,
COMEDK,2025,E005,"Akash Institute of Engineering and Technology-Devanahalli, Bengaluru Rural",EC,Electronics & Communication Engineering,KKR,27,5,90000,20000,110000,,,,,
COMEDK,2025,E005,"Akash Institute of Engineering and Technology-Devanahalli, Bengaluru Rural",IS,Information Science & Engineering,GM,27,22,80000,20000,100000,97311,78415,,,
COMEDK,2025,E005,"Akash Institute of Engineering and Technology-Devanahalli, Bengaluru Rural",IS,Information Science & Engineering,KKR,27,5,80000,20000,100000,,,,,
COMEDK,2025,E005,"Akash Institute of Engineering and Technology-Devanahalli, Bengaluru Rural",ME,Mechanical Engineering,GM,9,8,55000,20000,75000,,68496,,,
COMEDK,2025,E005,"Akash Institute of Engineering and Technology-Devanahalli, Bengaluru Rural",ME,Mechanical Engineering,KKR,9,1,55000,20000,75000,,,,,
COMEDK,2025,E006,"Alvas Institute of Engineering and Technology-Moodbidri, Mangaluru",AG,Agricultural Engineering,GM,18,16,80000,20000,100000,102792,109807,,,
COMEDK,2025,E006,"Alvas Institute of Engineering and Technology-Moodbidri, Mangaluru",AG,Agricultural Engineering,KKR,18,2,80000,20000,100000,,,,,
COMEDK,2025,E006,"Alvas Institute of Engineering and Technology-Moodbidri, Mangaluru",AI,Artificial Intelligence & Machine Learning,GM,36,33,200000,20000,220000,109512,109512,,89891,
COMEDK,2025,E006,"Alvas Institute of Engineering and Technology-Moodbidri, Mangaluru",AI,Artificial Intelligence & Machine Learning,KKR,36,3,200000,20000,220000,,,,,
COMEDK,2025,E006,"Alvas Institute of Engineering and Technology-Moodbidri, Mangaluru",CD,Computer Science & Engineering (Data Science),GM,18,16,200000,20000,220000,,108885,,56170,
COMEDK,2025,E006,"Alvas Institute of Engineering and Technology-Moodbidri, Mangaluru",CD,Computer Science & Engineering (Data Science),KKR,18,2,200000,20000,220000,,,,,
COMEDK,2025,E006,"Alvas Institute of Engineering and Technology-Moodbidri, Mangaluru",CG,Computer Science & Design,GM,18,16,200000,20000,220000,,,,,
COMEDK,2025,E006,"Alvas Institute of Engineering and Technology-Moodbidri, Mangaluru",CG,Computer Science & Design,KKR,18,2,200000,20000,220000,,,,,
COMEDK,2025,E006,"Alvas Institute of Engineering and Technology-Moodbidri, Mangaluru",CS,Computer Science & Engineering,GM,72,66,200000,20000,220000,,110618,,107931,
COMEDK,2025,E006,"Alvas Institute of Engineering and Technology-Moodbidri, Mangaluru",CS,Computer Science & Engineering,KKR,72,6,200000,20000,220000,,,,,
COMEDK,2025,E006,"Alvas Institute of Engineering and Technology-Moodbidri, Mangaluru",CV,Civil Engineering,GM,18,16,60000,20000,80000,,,,,
COMEDK,2025,E006,"Alvas Institute of Engineering and Technology-Moodbidri, Mangaluru",CV,Civil Engineering,KKR,18,2,60000,20000,80000,,,,,
COMEDK,2025,E006,"Alvas Institute of Engineering and Technology-Moodbidri, Mangaluru",EC,Electronics & Communication Engineering,GM,36,33,200000,20000,220000,91746,110471,,,
COMEDK,2025,E006,"Alvas Institute of Engineering and Technology-Moodbidri, Mangaluru",EC,Electronics & Communication Engineering,KKR,36,3,200000,20000,220000,,,,,
COMEDK,2025,E006,"Alvas Institute of Engineering and Technology-Moodbidri, Mangaluru",IC,Computer Science & Engineering (IOT & Cyber Including Block Chain Technology),GM,18,16,200000,20000,220000,105112,105112,,75282,
COMEDK,2025,E006,"Alvas Institute of Engineering and Technology-Moodbidri, Mangaluru",IC,Computer Science & Engineering (IOT & Cyber Including Block Chain Technology),KKR,18,2,200000,20000,220000,,,,,
COMEDK,2025,E006,"Alvas Institute of Engineering and Technology-Moodbidri, Mangaluru",IS,Information Science & Engineering,GM,18,16,200000,20000,220000,,105816,,,
COMEDK,2025,E006,"Alvas Institute of Engineering and Technology-Moodbidri, Mangaluru",IS,Information Science & Engineering,KKR,18,2,200000,20000,220000,,,,,
COMEDK,2025,E006,"Alvas Institute of Engineering and Technology-Moodbidri, Mangaluru",ME,Mechanical Engineering,GM,18,16,80000,20000,100000,,59506,,,
COMEDK,2025,E006,"Alvas Institute of Engineering and Technology-Moodbidri, Mangaluru",ME,Mechanical Engineering,KKR,18,2,80000,20000,100000,,,,,
COMEDK,2025,E007,"AMC Engineering College-Bannerghatta Rd, Bengaluru",AE,Aeronautical Engineering,GM,18,16,125000,20000,145000,,65679,,95021,
COMEDK,2025,E007,"AMC Engineering College-Bannerghatta Rd, Bengaluru",AE,Aeronautical Engineering,KKR,18,2,125000,20000,145000,,101846,,,
COMEDK,2025,E007,"AMC Engineering College-Bannerghatta Rd, Bengaluru",AI,Artificial Intelligence & Machine Learning,GM,54,49,200000,20000,220000,68207,61086,,109229,103040
COMEDK,2025,E007,"AMC Engineering College-Bannerghatta Rd, Bengaluru",AI,Artificial Intelligence & Machine Learning,KKR,54,5,200000,20000,220000,88135,109296,,,
COMEDK,2025,E007,"AMC Engineering College-Bannerghatta Rd, Bengaluru",CD,Computer Science & Engineering (Data Science),GM,36,33,175000,20000,195000,,69322,,92944,
COMEDK,2025,E007,"AMC Engineering College-Bannerghatta Rd, Bengaluru",CD,Computer Science & Engineering (Data Science),KKR,36,3,175000,20000,195000,,87495,,,
COMEDK,2025,E007,"AMC Engineering College-Bannerghatta Rd, Bengaluru",CI,Computer Science & Engineering (Artificial & Machine Learning),GM,54,49,200000,20000,220000,83269,62210,,111096,110976
COMEDK,2025,E007,"AMC Engineering College-Bannerghatta Rd, Bengaluru",CI,Computer Science & Engineering (Artificial & Machine Learning),KKR,54,5,200000,20000,220000,92917,92917,,,
COMEDK,2025,E007,"AMC Engineering College-Bannerghatta Rd, Bengaluru",CS,Computer Science & Engineering,GM,162,149,200000,20000,220000,,67547,,109518,102932
COMEDK,2025,E007,"AMC Engineering College-Bannerghatta Rd, Bengaluru",CS,Computer Science & Engineering,KKR,162,13,200000,20000,220000,,108388,108388,,
COMEDK,2025,E007,"AMC Engineering College-Bannerghatta Rd, Bengaluru",CV,Civil Engineering,GM,9,8,125000,20000,145000,93784,107819,,,
COMEDK,2025,E007,"AMC Engineering College-Bannerghatta Rd, Bengaluru",CV,Civil Engineering,KKR,9,1,125000,20000,145000,,,,,
COMEDK,2025,E007,"AMC Engineering College-Bannerghatta Rd, Bengaluru",EC,Electronics & Communication Engineering,GM,54,49,175000,20000,195000,111162,86989,,62066,
COMEDK,2025,E007,"AMC Engineering College-Bannerghatta Rd, Bengaluru",EC,Electronics & Communication Engineering,KKR,54,5,175000,20000,195000,,,,,
COMEDK,2025,E007,"AMC Engineering College-Bannerghatta Rd, Bengaluru",EE,Electrical & Electronics Engineering,GM,9,8,125000,20000,145000,,107250,,70900,
COMEDK,2025,E007,"AMC Engineering College-Bannerghatta Rd, Bengaluru",EE,Electrical & Electronics Engineering,KKR,9,1,125000,20000,145000,,,,,
COMEDK,2025,E007,"AMC Engineering College-Bannerghatta Rd, Bengaluru",ME,Mechanical Engineering,GM,9,8,125000,20000,145000,103137,103137,,,
COMEDK,2025,E007,"AMC Engineering College-Bannerghatta Rd, Bengaluru",ME,Mechanical Engineering,KKR,9,1,125000,20000,145000,,,,,
COMEDK,2025,E009,"Angadi Institute of Technology and Management-Savagaon Road, Belagavi",AD,Artificial Intelligence & Data Science,GM,18,16,199138,20000,219138,,95863,,,
COMEDK,2025,E009,"Angadi Institute of Technology and Management-Savagaon Road, Belagavi",AD,Artificial Intelligence & Data Science,KKR,18,2,199138,20000,219138,,,,,
COMEDK,2025,E009,"Angadi Institute of Technology and Management-Savagaon Road, Belagavi",CS,Computer Science & Engineering,GM,54,49,199138,20000,219138,,110388,,,
COMEDK,2025,E009,"Angadi Institute of Technology and Management-Savagaon Road, Belagavi",CS,Computer Science & Engineering,KKR,54,5,199138,20000,219138,,,,,
COMEDK,2025,E009,"Angadi Institute of Technology and Management-Savagaon Road, Belagavi",CV,Civil Engineering,GM,9,8,199138,20000,219138,,,,,
COMEDK,2025,E009,"Angadi Institute of Technology and Management-Savagaon Road, Belagavi",CV,Civil Engineering,KKR,9,1,199138,20000,219138,,,,,
COMEDK,2025,E009,"Angadi Institute of Technology and Management-Savagaon Road, Belagavi",EC,Electronics & Communication Engineering,GM,18,16,199138,20000,219138,104692,104692,,107672,
COMEDK,2025,E009,"Angadi Institute of Technology and Management-Savagaon Road, Belagavi",EC,Electronics & Communication Engineering,KKR,18,2,199138,20000,219138,,,,,
COMEDK,2025,E009,"Angadi Institute of Technology and Management-Savagaon Road, Belagavi",EE,Electrical & Electronics Engineering,GM,9,8,199138,20000,219138,,,,,
COMEDK,2025,E009,"Angadi Institute of Technology and Management-Savagaon Road, Belagavi",EE,Electrical & Electronics Engineering,KKR,9,1,199138,20000,219138,,,,,
COMEDK,2025,E009,"Angadi Institute of Technology and Management-Savagaon Road, Belagavi",ME,Mechanical Engineering,GM,18,16,199138,20000,219138,,,,,
COMEDK,2025,E009,"Angadi Institute of Technology and Management-Savagaon Road, Belagavi",ME,Mechanical Engineering,KKR,18,2,199138,20000,219138,,,,,
COMEDK,2025,E009,"Angadi Institute of Technology and Management-Savagaon Road, Belagavi",RA,Robotics & Automation,GM,9,8,199138,20000,219138,,,,,
COMEDK,2025,E009,"Angadi Institute of Technology and Management-Savagaon Road, Belagavi",RA,Robotics & Automation,KKR,9,1,199138,20000,219138,,,,,
COMEDK,2025,E011,"APS College of Engineering-Kanakapura Road, Bengaluru",CI,Computer Science & Engineering (Artificial & Machine Learning),GM,9,8,200000,12110,212110,75328,73500,,94218,
COMEDK,2025,E011,"APS College of Engineering-Kanakapura Road, Bengaluru",CI,Computer Science & Engineering (Artificial & Machine Learning),KKR,9,1,200000,12110,212110,,,,,
COMEDK,2025,E011,"APS College of Engineering-Kanakapura Road, Bengaluru",CS,Computer Science & Engineering,GM,36,32,200000,12110,212110,,99522,,41643,
COMEDK,2025,E011,"APS College of Engineering-Kanakapura Road, Bengaluru",CS,Computer Science & Engineering,KKR,36,4,200000,12110,212110,,,,,
COMEDK,2025,E011,"APS College of Engineering-Kanakapura Road, Bengaluru",CY,Computer Science & Engineering (Cyber Security),GM,9,8,200000,12110,212110,59028,106002,,,
COMEDK,2025,E011,"APS College of Engineering-Kanakapura Road, Bengaluru",CY,Computer Science & Engineering (Cyber Security),KKR,9,1,200000,12110,212110,,,,,
COMEDK,2025,E011,"APS College of Engineering-Kanakapura Road, Bengaluru",EC,Electronics & Communication Engineering,GM,18,16,160000,12110,172110,83993,107673,,,
COMEDK,2025,E011,"APS College of Engineering-Kanakapura Road, Bengaluru",EC,Electronics & Communication Engineering,KKR,18,2,160000,12110,172110,,,,,
COMEDK,2025,E011,"APS College of Engineering-Kanakapura Road, Bengaluru",IS,Information Science & Engineering,GM,18,16,160000,12110,172110,101024,111599,,,
COMEDK,2025,E011,"APS College of Engineering-Kanakapura Road, Bengaluru",IS,Information Science & Engineering,KKR,18,2,160000,12110,172110,,,,,
COMEDK,2025,E012,"Atria Institute of Technology-Hebbal, Bengaluru",AI,Artificial Intelligence & Machine Learning,GM,36,33,200000,20000,220000,57754,49068,,92297,85194
COMEDK,2025,E012,"Atria Institute of Technology-Hebbal, Bengaluru",AI,Artificial Intelligence & Machine Learning,KKR,36,3,200000,20000,220000,,106136,106136,,
COMEDK,2025,E012,"Atria Institute of Technology-Hebbal, Bengaluru",CD,Computer Science & Engineering (Data Science),GM,36,33,200000,20000,220000,,57537,,111230,105457
COMEDK,2025,E012,"Atria Institute of Technology-Hebbal, Bengaluru",CD,Computer Science & Engineering (Data Science),KKR,36,3,200000,20000,220000,,65760,,,
COMEDK,2025,E012,"Atria Institute of Technology-Hebbal, Bengaluru",CS,Computer Science & Engineering,GM,144,132,200000,20000,220000,,55167,,85478,99556
COMEDK,2025,E012,"Atria Institute of Technology-Hebbal, Bengaluru",CS,Computer Science & Engineering,KKR,144,12,200000,20000,220000,,89608,71316,,
COMEDK,2025,E012,"Atria Institute of Technology-Hebbal, Bengaluru",CV,Civil Engineering,GM,9,8,200000,20000,220000,94732,108782,,,
COMEDK,2025,E012,"Atria Institute of Technology-Hebbal, Bengaluru",CV,Civil Engineering,KKR,9,1,200000,20000,220000,,,,,
COMEDK,2025,E012,"Atria Institute of Technology-Hebbal, Bengaluru",EC,Electronics & Communication Engineering,GM,54,49,200000,20000,220000,109370,80362,,110946,110946
COMEDK,2025,E012,"Atria Institute of Technology-Hebbal, Bengaluru",EC,Electronics & Communication Engineering,KKR,54,5,200000,20000,220000,,,,,
COMEDK,2025,E012,"Atria Institute of Technology-Hebbal, Bengaluru",IS,Information Science & Engineering,GM,54,49,200000,20000,220000,84420,67054,,109052,53093
COMEDK,2025,E012,"Atria Institute of Technology-Hebbal, Bengaluru",IS,Information Science & Engineering,KKR,54,5,200000,20000,220000,,,,,
COMEDK,2025,E012,"Atria Institute of Technology-Hebbal, Bengaluru",ME,Mechanical Engineering,GM,9,8,200000,20000,220000,97836,96855,,,
COMEDK,2025,E012,"Atria Institute of Technology-Hebbal, Bengaluru",ME,Mechanical Engineering,KKR,9,1,200000,20000,220000,,,,,
COMEDK,2025,E012,"Atria Institute of Technology-Hebbal, Bengaluru",RA,Robotics & Automation,GM,18,16,200000,20000,220000,104693,87865,,104693,
COMEDK,2025,E012,"Atria Institute of Technology-Hebbal, Bengaluru",RA,Robotics & Automation,KKR,18,2,200000,20000,220000,,,,,
COMEDK,2025,E013,"Akshaya Institute of Technology-Koratagere Road, Tumakuru",AD,Artificial Intelligence & Data Science,GM,18,16,200000,20000,220000,,104749,,,
COMEDK,2025,E013,"Akshaya Institute of Technology-Koratagere Road, Tumakuru",AD,Artificial Intelligence & Data Science,KKR,18,2,200000,20000,220000,,,,,
COMEDK,2025,E013,"Akshaya Institute of Technology-Koratagere Road, Tumakuru",AG,Agricultural Engineering,GM,18,16,200000,20000,220000,,,,,
COMEDK,2025,E013,"Akshaya Institute of Technology-Koratagere Road, Tumakuru",AG,Agricultural Engineering,KKR,18,2,200000,20000,220000,,,,,
COMEDK,2025,E013,"Akshaya Institute of Technology-Koratagere Road, Tumakuru",CS,Computer Science & Engineering,GM,54,48,200000,20000,220000,,107303,,,
COMEDK,2025,E013,"Akshaya Institute of Technology-Koratagere Road, Tumakuru",CS,Computer Science & Engineering,KKR,54,6,200000,20000,220000,,,,,
COMEDK,2025,E013,"Akshaya Institute of Technology-Koratagere Road, Tumakuru",EC,Electronics & Communication Engineering,GM,36,32,200000,20000,220000,,,,,
COMEDK,2025,E013,"Akshaya Institute of Technology-Koratagere Road, Tumakuru",EC,Electronics & Communication Engineering,KKR,36,4,200000,20000,220000,,,,,
COMEDK,2025,E013,"Akshaya Institute of Technology-Koratagere Road, Tumakuru",IS,Information Science & Engineering,GM,18,16,200000,20000,220000,,,,,
COMEDK,2025,E013,"Akshaya Institute of Technology-Koratagere Road, Tumakuru",IS,Information Science & Engineering,KKR,18,2,200000,20000,220000,,,,,
COMEDK,2025,E013,"Akshaya Institute of Technology-Koratagere Road, Tumakuru",ME,Mechanical Engineering,GM,18,16,200000,20000,220000,,,,,
COMEDK,2025,E013,"Akshaya Institute of Technology-Koratagere Road, Tumakuru",ME,Mechanical Engineering,KKR,18,2,200000,20000,220000,,,,,
COMEDK,2025,E014,"Anuvartik Mirji Bharatesh Institute of Technology-Shindhollicross, Belagavi",AI,Artificial Intelligence & Machine Learning,GM,18,16,115000,20000,135000,108895,108895,,104513,
COMEDK,2025,E014,"Anuvartik Mirji Bharatesh Institute of Technology-Shindhollicross, Belagavi",AI,Artificial Intelligence & Machine Learning,KKR,18,2,115000,20000,135000,,,,,
COMEDK,2025,E014,"Anuvartik Mirji Bharatesh Institute of Technology-Shindhollicross, Belagavi",CS,Computer Science & Engineering,GM,54,49,125000,20000,145000,,110299,,,
COMEDK,2025,E014,"Anuvartik Mirji Bharatesh Institute of Technology-Shindhollicross, Belagavi",CS,Computer Science & Engineering,KKR,54,5,125000,20000,145000,,,,,
COMEDK,2025,E014,"Anuvartik Mirji Bharatesh Institute of Technology-Shindhollicross, Belagavi",EC,Electronics & Communication Engineering,GM,36,33,115000,20000,135000,109578,109578,,,
COMEDK,2025,E014,"Anuvartik Mirji Bharatesh Institute of Technology-Shindhollicross, Belagavi",EC,Electronics & Communication Engineering,KKR,36,3,115000,20000,135000,,,,,
COMEDK,2025,E015,"B.N.M. Institute of Technology-Banashankari, Bengaluru",AI,Artificial Intelligence & Machine Learning,GM,36,33,281100,20000,301100,19079,17237,,30837,43182
COMEDK,2025,E015,"B.N.M. Institute of Technology-Banashankari, Bengaluru",AI,Artificial Intelligence & Machine Learning,KKR,36,3,281100,20000,301100,48608,49553,57776,,
COMEDK,2025,E015,"B.N.M. Institute of Technology-Banashankari, Bengaluru",CS,Computer Science & Engineering,GM,54,49,281100,20000,301100,,14636,,24582,36964
COMEDK,2025,E015,"B.N.M. Institute of Technology-Banashankari, Bengaluru",CS,Computer Science & Engineering,KKR,54,5,281100,20000,301100,,39528,52860,,
COMEDK,2025,E015,"B.N.M. Institute of Technology-Banashankari, Bengaluru",EC,Electronics & Communication Engineering,GM,36,33,281100,20000,301100,23857,20973,,37057,63350
COMEDK,2025,E015,"B.N.M. Institute of Technology-Banashankari, Bengaluru",EC,Electronics & Communication Engineering,KKR,36,3,281100,20000,301100,62244,58647,63087,,
COMEDK,2025,E015,"B.N.M. Institute of Technology-Banashankari, Bengaluru",EE,Electrical & Electronics Engineering,GM,18,16,200000,20000,220000,,29181,,62330,91589
COMEDK,2025,E015,"B.N.M. Institute of Technology-Banashankari, Bengaluru",EE,Electrical & Electronics Engineering,KKR,18,2,200000,20000,220000,,86589,,,
COMEDK,2025,E015,"B.N.M. Institute of Technology-Banashankari, Bengaluru",IS,Information Science & Engineering,GM,18,16,281100,20000,301100,19430,18289,,31447,45911
COMEDK,2025,E015,"B.N.M. Institute of Technology-Banashankari, Bengaluru",IS,Information Science & Engineering,KKR,18,2,281100,20000,301100,52860,52564,,,
COMEDK,2025,E015,"B.N.M. Institute of Technology-Banashankari, Bengaluru",ME,Mechanical Engineering,GM,18,16,150000,20000,170000,50635,42615,,108369,
COMEDK,2025,E015,"B.N.M. Institute of Technology-Banashankari, Bengaluru",ME,Mechanical Engineering,KKR,18,2,150000,20000,170000,,,,,
COMEDK,2025,E016,"KLE Technological University Formerly known as BVBCET-Vidyanagar, Hubballi",AR,Automation & Robotics Engineering,GM,18,16,205000,20000,225000,35707,33236,,53894,106607
COMEDK,2025,E016,"KLE Technological University Formerly known as BVBCET-Vidyanagar, Hubballi",AR,Automation & Robotics Engineering,KKR,18,2,205000,20000,225000,79665,58669,111016,,
COMEDK,2025,E016,"KLE Technological University Formerly known as BVBCET-Vidyanagar, Hubballi",BT,Biotechnology,GM,18,16,124000,20000,144000,85626,67817,,106895,
COMEDK,2025,E016,"KLE Technological University Formerly known as BVBCET-Vidyanagar, Hubballi",BT,Biotechnology,KKR,18,2,124000,20000,144000,,93008,,,
COMEDK,2025,E016,"KLE Technological University Formerly known as BVBCET-Vidyanagar, Hubballi",CA,Computer Science & Engineering (Artificial,GM,36,33,281100,20000,301100,22438,20584,,33066,47299
COMEDK,2025,E016,"KLE Technological University Formerly known as BVBCET-Vidyanagar, Hubballi",CA,Computer Science & Engineering (Artificial,KKR,36,3,281100,20000,301100,40047,34279,48608,,
COMEDK,2025,E016,"KLE Technological University Formerly known as BVBCET-Vidyanagar, Hubballi",CS,Computer Science & Engineering,GM,144,132,281100,20000,301100,,19953,,31388,42269
COMEDK,2025,E016,"KLE Technological University Formerly known as BVBCET-Vidyanagar, Hubballi",CS,Computer Science & Engineering,KKR,144,12,281100,20000,301100,,31564,41231,,
COMEDK,2025,E016,"KLE Technological University Formerly known as BVBCET-Vidyanagar, Hubballi",CV,Civil Engineering,GM,36,33,205000,20000,225000,111127,99411,,111127,111127
COMEDK,2025,E016,"KLE Technological University Formerly known as BVBCET-Vidyanagar, Hubballi",CV,Civil Engineering,KKR,36,3,205000,20000,225000,,111016,,,
COMEDK,2025,E016,"KLE Technological University Formerly known as BVBCET-Vidyanagar, Hubballi",EC,Electronics & Communication Engineering,GM,162,149,281100,20000,301100,37452,33464,,54028,68078
COMEDK,2025,E016,"KLE Technological University Formerly known as BVBCET-Vidyanagar, Hubballi",EC,Electronics & Communication Engineering,KKR,162,13,281100,20000,301100,70401,63087,97034,,
COMEDK,2025,E016,"KLE Technological University Formerly known as BVBCET-Vidyanagar, Hubballi",EE,Electrical & Electronics Engineering,GM,54,49,281100,20000,301100,,55340,,110581,105816
COMEDK,2025,E016,"KLE Technological University Formerly known as BVBCET-Vidyanagar, Hubballi",EE,Electrical & Electronics Engineering,KKR,54,5,281100,20000,301100,,107292,107292,,
COMEDK,2025,E016,"KLE Technological University Formerly known as BVBCET-Vidyanagar, Hubballi",ME,Mechanical Engineering,GM,54,49,205000,20000,225000,93520,79263,,103984,81153
COMEDK,2025,E016,"KLE Technological University Formerly known as BVBCET-Vidyanagar, Hubballi",ME,Mechanical Engineering,KKR,54,5,205000,20000,225000,,108639,,,
COMEDK,2025,E016,"KLE Technological University Formerly known as BVBCET-Vidyanagar, Hubballi",VLS,VLSI,GM,18,16,281100,20000,301100,41820,39413,,60902,73602
COMEDK,2025,E016,"KLE Technological University Formerly known as BVBCET-Vidyanagar, Hubballi",VLS,VLSI,KKR,18,2,281100,20000,301100,103167,83165,,,
COMEDK,2025,E017,"Ballari Institute of Technology And Management-Near Allipura, Ballari",AI,Artificial Intelligence & Machine Learning,GM,72,21,281100,20000,301100,98103,105216,,86938,
COMEDK,2025,E017,"Ballari Institute of Technology And Management-Near Allipura, Ballari",AI,Artificial Intelligence & Machine Learning,KKR,72,51,281100,20000,301100,,,66293,,
COMEDK,2025,E017,"Ballari Institute of Technology And Management-Near Allipura, Ballari",CA,Computer Science & Engineering (Artificial,GM,36,10,281100,20000,301100,91728,71689,,73490,
COMEDK,2025,E017,"Ballari Institute of Technology And Management-Near Allipura, Ballari",CA,Computer Science & Engineering (Artificial,KKR,36,26,281100,20000,301100,94232,94232,,,
COMEDK,2025,E017,"Ballari Institute of Technology And Management-Near Allipura, Ballari",CD,Computer Science & Engineering (Data Science),GM,36,10,281100,20000,301100,,109097,,,
COMEDK,2025,E017,"Ballari Institute of Technology And Management-Near Allipura, Ballari",CD,Computer Science & Engineering (Data Science),KKR,36,26,281100,20000,301100,,,,,
COMEDK,2025,E017,"Ballari Institute of Technology And Management-Near Allipura, Ballari",CS,Computer Science & Engineering,GM,72,21,281100,20000,301100,,96362,,,
COMEDK,2025,E017,"Ballari Institute of Technology And Management-Near Allipura, Ballari",CS,Computer Science & Engineering,KKR,72,51,281100,20000,301100,,99418,,,
COMEDK,2025,E017,"Ballari Institute of Technology And Management-Near Allipura, Ballari",CV,Civil Engineering,GM,18,5,281100,20000,301100,,,,,
COMEDK,2025,E017,"Ballari Institute of Technology And Management-Near Allipura, Ballari",CV,Civil Engineering,KKR,18,13,281100,20000,301100,,,,,
COMEDK,2025,E017,"Ballari Institute of Technology And Management-Near Allipura, Ballari",EC,Electronics & Communication Engineering,GM,72,21,281100,20000,301100,47857,109976,,,
COMEDK,2025,E017,"Ballari Institute of Technology And Management-Near Allipura, Ballari",EC,Electronics & Communication Engineering,KKR,72,51,281100,20000,301100,,,,,
COMEDK,2025,E017,"Ballari Institute of Technology And Management-Near Allipura, Ballari",EE,Electrical & Electronics Engineering,GM,36,10,281100,20000,301100,,,,,
COMEDK,2025,E017,"Ballari Institute of Technology And Management-Near Allipura, Ballari",EE,Electrical & Electronics Engineering,KKR,36,26,281100,20000,301100,,,,,
COMEDK,2025,E017,"Ballari Institute of Technology And Management-Near Allipura, Ballari",ME,Mechanical Engineering,GM,36,10,281100,20000,301100,,68894,,,
COMEDK,2025,E017,"Ballari Institute of Technology And Management-Near Allipura, Ballari",ME,Mechanical Engineering,KKR,36,26,281100,20000,301100,,,,,
COMEDK,2025,E019,"Bangalore Institute of Technology-V V Puram, Bengaluru",AI,Artificial Intelligence & Machine Learning,GM,54,49,281088,20000,301088,8380,7577,,12943,22868
COMEDK,2025,E019,"Bangalore Institute of Technology-V V Puram, Bengaluru",AI,Artificial Intelligence & Machine Learning,KKR,54,5,281088,20000,301088,28553,28069,33260,,
COMEDK,2025,E019,"Bangalore Institute of Technology-V V Puram, Bengaluru",CD,Computer Science & Engineering (Data Science),GM,18,16,281088,20000,301088,,6503,,10496,18272
COMEDK,2025,E019,"Bangalore Institute of Technology-V V Puram, Bengaluru",CD,Computer Science & Engineering (Data Science),KKR,18,2,281088,20000,301088,,26807,32551,,
COMEDK,2025,E019,"Bangalore Institute of Technology-V V Puram, Bengaluru",CS,Computer Science & Engineering,GM,90,82,281088,20000,301088,,5892,,9177,16423
COMEDK,2025,E019,"Bangalore Institute of Technology-V V Puram, Bengaluru",CS,Computer Science & Engineering,KKR,90,8,281088,20000,301088,,21259,28602,,
COMEDK,2025,E019,"Bangalore Institute of Technology-V V Puram, Bengaluru",CV,Civil Engineering,GM,36,33,281088,20000,301088,46023,45120,,84998,99675
COMEDK,2025,E019,"Bangalore Institute of Technology-V V Puram, Bengaluru",CV,Civil Engineering,KKR,36,3,281088,20000,301088,83820,102213,,,
COMEDK,2025,E019,"Bangalore Institute of Technology-V V Puram, Bengaluru",EC,Electronics & Communication Engineering,GM,54,49,281088,20000,301088,12471,11758,,19284,32635
COMEDK,2025,E019,"Bangalore Institute of Technology-V V Puram, Bengaluru",EC,Electronics & Communication Engineering,KKR,54,5,281088,20000,301088,41340,37395,43337,,
COMEDK,2025,E019,"Bangalore Institute of Technology-V V Puram, Bengaluru",EE,Electrical & Electronics Engineering,GM,18,16,281088,20000,301088,,16859,,29168,54276
COMEDK,2025,E019,"Bangalore Institute of Technology-V V Puram, Bengaluru",EE,Electrical & Electronics Engineering,KKR,18,2,281088,20000,301088,,80766,,,
COMEDK,2025,E019,"Bangalore Institute of Technology-V V Puram, Bengaluru",EI,Electronics & Instrumentation Engineering,GM,18,16,281088,20000,301088,,19334,,33853,68852
COMEDK,2025,E019,"Bangalore Institute of Technology-V V Puram, Bengaluru",EI,Electronics & Instrumentation Engineering,KKR,18,2,281088,20000,301088,,91711,,,
COMEDK,2025,E019,"Bangalore Institute of Technology-V V Puram, Bengaluru",ET,Electronics & Telecommunication Engineering,GM,18,16,281088,20000,301088,16394,14668,,25329,51158
COMEDK,2025,E019,"Bangalore Institute of Technology-V V Puram, Bengaluru",ET,Electronics & Telecommunication Engineering,KKR,18,2,281088,20000,301088,78883,90835,,,
COMEDK,2025,E019,"Bangalore Institute of Technology-V V Puram, Bengaluru",IC,Computer Science & Engineering (IOT & Cyber Including Block Chain Technology),GM,18,16,281088,20000,301088,9086,8008,,13341,24466
COMEDK,2025,E019,"Bangalore Institute of Technology-V V Puram, Bengaluru",IC,Computer Science & Engineering (IOT & Cyber Including Block Chain Technology),KKR,18,2,281088,20000,301088,28677,28602,34220,,
COMEDK,2025,E019,"Bangalore Institute of Technology-V V Puram, Bengaluru",IS,Information Science & Engineering,GM,54,49,281088,20000,301088,10693,9969,,15238,24965
COMEDK,2025,E019,"Bangalore Institute of Technology-V V Puram, Bengaluru",IS,Information Science & Engineering,KKR,54,5,281088,20000,301088,34584,27265,,,
COMEDK,2025,E019,"Bangalore Institute of Technology-V V Puram, Bengaluru",ME,Mechanical Engineering,GM,36,33,281088,20000,301088,33330,33330,,53844,99493
COMEDK,2025,E019,"Bangalore Institute of Technology-V V Puram, Bengaluru",ME,Mechanical Engineering,KKR,36,3,281088,20000,301088,108484,108484,,,
COMEDK,2025,E019,"Bangalore Institute of Technology-V V Puram, Bengaluru",RI,Robotics & Artificial Intelligence,GM,18,16,281088,20000,301088,11776,10693,,17065,30233
COMEDK,2025,E019,"Bangalore Institute of Technology-V V Puram, Bengaluru",RI,Robotics & Artificial Intelligence,KKR,18,2,281088,20000,301088,36524,33647,58765,,
COMEDK,2025,E019,"Bangalore Institute of Technology-V V Puram, Bengaluru",VL,Electronics Engineering (VLSI Design & Technology),GM,18,16,281088,20000,301088,16578,13882,,23687,42283
COMEDK,2025,E019,"Bangalore Institute of Technology-V V Puram, Bengaluru",VL,Electronics Engineering (VLSI Design & Technology),KKR,18,2,281088,20000,301088,43337,79186,70401,,
COMEDK,2025,E020,"Bangalore Technological Institute-Chikkanayakanahalli Dinne, Bengaluru",AI,Artificial Intelligence & Machine Learning,GM,36,33,180000,10000,190000,67897,69053,,107728,
COMEDK,2025,E020,"Bangalore Technological Institute-Chikkanayakanahalli Dinne, Bengaluru",AI,Artificial Intelligence & Machine Learning,KKR,36,3,180000,10000,190000,80903,110166,,,
COMEDK,2025,E020,"Bangalore Technological Institute-Chikkanayakanahalli Dinne, Bengaluru",CD,Computer Science & Engineering (Data Science),GM,18,16,110000,10000,120000,,69946,,103964,
COMEDK,2025,E020,"Bangalore Technological Institute-Chikkanayakanahalli Dinne, Bengaluru",CD,Computer Science & Engineering (Data Science),KKR,18,2,110000,10000,120000,,,,,
COMEDK,2025,E020,"Bangalore Technological Institute-Chikkanayakanahalli Dinne, Bengaluru",CE,Computer Engineering,GM,18,16,110000,10000,120000,71241,64521,,100965,
COMEDK,2025,E020,"Bangalore Technological Institute-Chikkanayakanahalli Dinne, Bengaluru",CE,Computer Engineering,KKR,18,2,110000,10000,120000,,,,,
COMEDK,2025,E020,"Bangalore Technological Institute-Chikkanayakanahalli Dinne, Bengaluru",CS,Computer Science & Engineering,GM,54,49,180000,10000,190000,,68596,,81326,53793
COMEDK,2025,E020,"Bangalore Technological Institute-Chikkanayakanahalli Dinne, Bengaluru",CS,Computer Science & Engineering,KKR,54,5,180000,10000,190000,,86987,,,
COMEDK,2025,E020,"Bangalore Technological Institute-Chikkanayakanahalli Dinne, Bengaluru",CV,Civil Engineering,GM,9,8,60000,10000,70000,93576,93576,,,
COMEDK,2025,E020,"Bangalore Technological Institute-Chikkanayakanahalli Dinne, Bengaluru",CV,Civil Engineering,KKR,9,1,60000,10000,70000,,,,,
COMEDK,2025,E020,"Bangalore Technological Institute-Chikkanayakanahalli Dinne, Bengaluru",EC,Electronics & Communication Engineering,GM,18,16,110000,10000,120000,94248,83540,,94248,
COMEDK,2025,E020,"Bangalore Technological Institute-Chikkanayakanahalli Dinne, Bengaluru",EC,Electronics & Communication Engineering,KKR,18,2,110000,10000,120000,,,,,
COMEDK,2025,E020,"Bangalore Technological Institute-Chikkanayakanahalli Dinne, Bengaluru",IS,Information Science & Engineering,GM,18,16,110000,10000,120000,102442,91314,,,
COMEDK,2025,E020,"Bangalore Technological Institute-Chikkanayakanahalli Dinne, Bengaluru",IS,Information Science & Engineering,KKR,18,2,110000,10000,120000,,,,,
COMEDK,2025,E020,"Bangalore Technological Institute-Chikkanayakanahalli Dinne, Bengaluru",ME,Mechanical Engineering,GM,9,8,60000,10000,70000,91241,95617,,,
COMEDK,2025,E020,"Bangalore Technological Institute-Chikkanayakanahalli Dinne, Bengaluru",ME,Mechanical Engineering,KKR,9,1,60000,10000,70000,,,,,
COMEDK,2025,E020,"Bangalore Technological Institute-Chikkanayakanahalli Dinne, Bengaluru",RI,Robotics & Artificial Intelligence,GM,18,16,110000,10000,120000,104954,96436,,65090,
COMEDK,2025,E020,"Bangalore Technological Institute-Chikkanayakanahalli Dinne, Bengaluru",RI,Robotics & Artificial Intelligence,KKR,18,2,110000,10000,120000,,,,,
COMEDK,2025,E021,"Bapuji Institute of Engineering and Technology-Shamanur Road, Davangere",AI,Artificial Intelligence & Machine Learning,GM,72,66,200000,20000,220000,99691,89509,,111412,101886
COMEDK,2025,E021,"Bapuji Institute of Engineering and Technology-Shamanur Road, Davangere",AI,Artificial Intelligence & Machine Learning,KKR,72,6,200000,20000,220000,104525,104525,78883,,
COMEDK,2025,E021,"Bapuji Institute of Engineering and Technology-Shamanur Road, Davangere",BT,Biotechnology,GM,4,3,91000,20000,111000,82175,59254,,,
COMEDK,2025,E021,"Bapuji Institute of Engineering and Technology-Shamanur Road, Davangere",BT,Biotechnology,KKR,4,1,91000,20000,111000,,,,,
COMEDK,2025,E021,"Bapuji Institute of Engineering and Technology-Shamanur Road, Davangere",CD,Computer Science & Engineering (Data Science),GM,18,15,200000,20000,220000,,82667,,111716,
COMEDK,2025,E021,"Bapuji Institute of Engineering and Technology-Shamanur Road, Davangere",CD,Computer Science & Engineering (Data Science),KKR,18,3,200000,20000,220000,,,,,
COMEDK,2025,E021,"Bapuji Institute of Engineering and Technology-Shamanur Road, Davangere",CH,Chemical Engineering,GM,4,3,91000,20000,111000,94423,94423,,,
COMEDK,2025,E021,"Bapuji Institute of Engineering and Technology-Shamanur Road, Davangere",CH,Chemical Engineering,KKR,4,1,91000,20000,111000,,,,,
COMEDK,2025,E021,"Bapuji Institute of Engineering and Technology-Shamanur Road, Davangere",CS,Computer Science & Engineering,GM,153,140,200000,20000,220000,,81544,,110850,111716
COMEDK,2025,E021,"Bapuji Institute of Engineering and Technology-Shamanur Road, Davangere",CS,Computer Science & Engineering,KKR,153,13,200000,20000,220000,,86412,109579,,
COMEDK,2025,E021,"Bapuji Institute of Engineering and Technology-Shamanur Road, Davangere",CV,Civil Engineering,GM,10,8,91000,20000,111000,95637,111127,,,
COMEDK,2025,E021,"Bapuji Institute of Engineering and Technology-Shamanur Road, Davangere",CV,Civil Engineering,KKR,10,2,91000,20000,111000,,,,,
COMEDK,2025,E021,"Bapuji Institute of Engineering and Technology-Shamanur Road, Davangere",EC,Electronics & Communication Engineering,GM,16,14,200000,20000,220000,98423,86621,,101158,101288
COMEDK,2025,E021,"Bapuji Institute of Engineering and Technology-Shamanur Road, Davangere",EC,Electronics & Communication Engineering,KKR,16,2,200000,20000,220000,,,,,
COMEDK,2025,E021,"Bapuji Institute of Engineering and Technology-Shamanur Road, Davangere",EE,Electrical & Electronics Engineering,GM,18,15,91000,20000,111000,,106255,,,
COMEDK,2025,E021,"Bapuji Institute of Engineering and Technology-Shamanur Road, Davangere",EE,Electrical & Electronics Engineering,KKR,18,3,91000,20000,111000,,,,,
COMEDK,2025,E021,"Bapuji Institute of Engineering and Technology-Shamanur Road, Davangere",IS,Information Science & Engineering,GM,45,41,200000,20000,220000,111716,99476,,106067,90931
COMEDK,2025,E021,"Bapuji Institute of Engineering and Technology-Shamanur Road, Davangere",IS,Information Science & Engineering,KKR,45,4,200000,20000,220000,,102127,,,
COMEDK,2025,E021,"Bapuji Institute of Engineering and Technology-Shamanur Road, Davangere",TX,Textile Technology,GM,4,3,91000,20000,111000,,,,,
COMEDK,2025,E021,"Bapuji Institute of Engineering and Technology-Shamanur Road, Davangere",TX,Textile Technology,KKR,4,1,91000,20000,111000,,,,,
COMEDK,2025,E023,"Basavakalyan Engineering College-NH9 Basavakalyan, Bidar",AD,Artificial Intelligence & Data Science,GM,9,2,150000,10000,160000,,,,,
COMEDK,2025,E023,"Basavakalyan Engineering College-NH9 Basavakalyan, Bidar",AD,Artificial Intelligence & Data Science,KKR,9,7,150000,10000,160000,,,,,
COMEDK,2025,E023,"Basavakalyan Engineering College-NH9 Basavakalyan, Bidar",CR,Computer Science,GM,18,5,150000,10000,160000,,64882,,,
COMEDK,2025,E023,"Basavakalyan Engineering College-NH9 Basavakalyan, Bidar",CR,Computer Science,KKR,18,13,150000,10000,160000,,,,,
COMEDK,2025,E023,"Basavakalyan Engineering College-NH9 Basavakalyan, Bidar",CS,Computer Science & Engineering,GM,36,10,150000,10000,160000,,68884,,,
COMEDK,2025,E023,"Basavakalyan Engineering College-NH9 Basavakalyan, Bidar",CS,Computer Science & Engineering,KKR,36,26,150000,10000,160000,,,,,
COMEDK,2025,E023,"Basavakalyan Engineering College-NH9 Basavakalyan, Bidar",CV,Civil Engineering,GM,9,2,60000,10000,70000,,,,,
COMEDK,2025,E023,"Basavakalyan Engineering College-NH9 Basavakalyan, Bidar",CV,Civil Engineering,KKR,9,7,60000,10000,70000,,,,,
COMEDK,2025,E023,"Basavakalyan Engineering College-NH9 Basavakalyan, Bidar",EC,Electronics & Communication Engineering,GM,18,5,110000,10000,120000,,93991,,,
COMEDK,2025,E023,"Basavakalyan Engineering College-NH9 Basavakalyan, Bidar",EC,Electronics & Communication Engineering,KKR,18,13,110000,10000,120000,,,,,
COMEDK,2025,E023,"Basavakalyan Engineering College-NH9 Basavakalyan, Bidar",ME,Mechanical Engineering,GM,9,2,60000,10000,70000,,,,,
COMEDK,2025,E023,"Basavakalyan Engineering College-NH9 Basavakalyan, Bidar",ME,Mechanical Engineering,KKR,9,7,60000,10000,70000,,,,,
COMEDK,2025,E023,"Basavakalyan Engineering College-NH9 Basavakalyan, Bidar",UE,Electronics & Computer Engineering,GM,9,2,110000,10000,120000,,,,,
COMEDK,2025,E023,"Basavakalyan Engineering College-NH9 Basavakalyan, Bidar",UE,Electronics & Computer Engineering,KKR,9,7,110000,10000,120000,,,,,
COMEDK,2025,E024,"Basaveshwar Engineering College-Vidya Nagar, Bagalkote",AI,Artificial Intelligence & Machine Learning,GM,18,16,200000,20000,220000,78643,71729,,103197,74077
COMEDK,2025,E024,"Basaveshwar Engineering College-Vidya Nagar, Bagalkote",AI,Artificial Intelligence & Machine Learning,KKR,18,2,200000,20000,220000,,,,,
COMEDK,2025,E024,"Basaveshwar Engineering College-Vidya Nagar, Bagalkote",AU,Automobile Engineering,GM,9,8,60000,20000,80000,,83464,,,
COMEDK,2025,E024,"Basaveshwar Engineering College-Vidya Nagar, Bagalkote",AU,Automobile Engineering,KKR,9,1,60000,20000,80000,,,,,
COMEDK,2025,E024,"Basaveshwar Engineering College-Vidya Nagar, Bagalkote",BT,Biotechnology,GM,9,8,60000,20000,80000,97480,101145,,,
COMEDK,2025,E024,"Basaveshwar Engineering College-Vidya Nagar, Bagalkote",BT,Biotechnology,KKR,9,1,60000,20000,80000,,,,,
COMEDK,2025,E024,"Basaveshwar Engineering College-Vidya Nagar, Bagalkote",CS,Computer Science & Engineering,GM,36,33,200000,20000,220000,,66072,,92928,103197
COMEDK,2025,E024,"Basaveshwar Engineering College-Vidya Nagar, Bagalkote",CS,Computer Science & Engineering,KKR,36,3,200000,20000,220000,,93452,93452,,
COMEDK,2025,E024,"Basaveshwar Engineering College-Vidya Nagar, Bagalkote",CV,Civil Engineering,GM,9,8,100000,20000,120000,,111199,,,
COMEDK,2025,E024,"Basaveshwar Engineering College-Vidya Nagar, Bagalkote",CV,Civil Engineering,KKR,9,1,100000,20000,120000,,,,,
COMEDK,2025,E024,"Basaveshwar Engineering College-Vidya Nagar, Bagalkote",EC,Electronics & Communication Engineering,GM,18,16,200000,20000,220000,99134,86721,,108233,90169
COMEDK,2025,E024,"Basaveshwar Engineering College-Vidya Nagar, Bagalkote",EC,Electronics & Communication Engineering,KKR,18,2,200000,20000,220000,,,,,
COMEDK,2025,E024,"Basaveshwar Engineering College-Vidya Nagar, Bagalkote",IS,Information Science & Engineering,GM,54,49,200000,20000,220000,108363,111215,,108363,109052
COMEDK,2025,E024,"Basaveshwar Engineering College-Vidya Nagar, Bagalkote",IS,Information Science & Engineering,KKR,54,5,200000,20000,220000,,,,,
COMEDK,2025,E024,"Basaveshwar Engineering College-Vidya Nagar, Bagalkote",UE,Electronics & Computer Engineering,GM,18,16,200000,20000,220000,101580,105011,,,
COMEDK,2025,E024,"Basaveshwar Engineering College-Vidya Nagar, Bagalkote",UE,Electronics & Computer Engineering,KKR,18,2,200000,20000,220000,,,,,
COMEDK,2025,E026,"BLDEAs V.P. Dr.P.G.Halakatti College of Engineering and Technology-Ashram Road, Vijayapura",CA,Computer Science & Engineering (Artificial,GM,18,16,200000,20000,220000,101867,101501,,103425,
COMEDK,2025,E026,"BLDEAs V.P. Dr.P.G.Halakatti College of Engineering and Technology-Ashram Road, Vijayapura",CA,Computer Science & Engineering (Artificial,KKR,18,2,200000,20000,220000,,,,,
COMEDK,2025,E026,"BLDEAs V.P. Dr.P.G.Halakatti College of Engineering and Technology-Ashram Road, Vijayapura",CD,Computer Science & Engineering (Data Science),GM,18,16,200000,20000,220000,,108471,,,
COMEDK,2025,E026,"BLDEAs V.P. Dr.P.G.Halakatti College of Engineering and Technology-Ashram Road, Vijayapura",CD,Computer Science & Engineering (Data Science),KKR,18,2,200000,20000,220000,,,,,
COMEDK,2025,E026,"BLDEAs V.P. Dr.P.G.Halakatti College of Engineering and Technology-Ashram Road, Vijayapura",CS,Computer Science & Engineering,GM,54,49,200000,20000,220000,,105699,,106797,91800
COMEDK,2025,E026,"BLDEAs V.P. Dr.P.G.Halakatti College of Engineering and Technology-Ashram Road, Vijayapura",CS,Computer Science & Engineering,KKR,54,5,200000,20000,220000,,,,,
COMEDK,2025,E026,"BLDEAs V.P. Dr.P.G.Halakatti College of Engineering and Technology-Ashram Road, Vijayapura",CV,Civil Engineering,GM,36,33,200000,20000,220000,,,,,
COMEDK,2025,E026,"BLDEAs V.P. Dr.P.G.Halakatti College of Engineering and Technology-Ashram Road, Vijayapura",CV,Civil Engineering,KKR,36,3,200000,20000,220000,,,,,
COMEDK,2025,E026,"BLDEAs V.P. Dr.P.G.Halakatti College of Engineering and Technology-Ashram Road, Vijayapura",EC,Electronics & Communication Engineering,GM,18,16,200000,20000,220000,,99134,,,
COMEDK,2025,E026,"BLDEAs V.P. Dr.P.G.Halakatti College of Engineering and Technology-Ashram Road, Vijayapura",EC,Electronics & Communication Engineering,KKR,18,2,200000,20000,220000,,,,,
COMEDK,2025,E026,"BLDEAs V.P. Dr.P.G.Halakatti College of Engineering and Technology-Ashram Road, Vijayapura",EE,Electrical & Electronics Engineering,GM,15,13,200000,20000,220000,,105483,,,
COMEDK,2025,E026,"BLDEAs V.P. Dr.P.G.Halakatti College of Engineering and Technology-Ashram Road, Vijayapura",EE,Electrical & Electronics Engineering,KKR,15,2,200000,20000,220000,,,,,
COMEDK,2025,E026,"BLDEAs V.P. Dr.P.G.Halakatti College of Engineering and Technology-Ashram Road, Vijayapura",IS,Information Science & Engineering,GM,18,16,200000,20000,220000,105816,,,,
COMEDK,2025,E026,"BLDEAs V.P. Dr.P.G.Halakatti College of Engineering and Technology-Ashram Road, Vijayapura",IS,Information Science & Engineering,KKR,18,2,200000,20000,220000,,,,,
COMEDK,2025,E026,"BLDEAs V.P. Dr.P.G.Halakatti College of Engineering and Technology-Ashram Road, Vijayapura",ME,Mechanical Engineering,GM,18,16,200000,20000,220000,,,,,
COMEDK,2025,E026,"BLDEAs V.P. Dr.P.G.Halakatti College of Engineering and Technology-Ashram Road, Vijayapura",ME,Mechanical Engineering,KKR,18,2,200000,20000,220000,,,,,
COMEDK,2025,E027,"BMS College of Engineering-Basavanagudi, Bengaluru",AD,Artificial Intelligence & Data Science,GM,18,16,281100,20000,301100,,2614,,4049,5885
COMEDK,2025,E027,"BMS College of Engineering-Basavanagudi, Bengaluru",AD,Artificial Intelligence & Data Science,KKR,18,2,281100,20000,301100,,10668,,,
COMEDK,2025,E027,"BMS College of Engineering-Basavanagudi, Bengaluru",AI,Artificial Intelligence & Machine Learning,GM,108,99,281100,20000,301100,3043,2932,,4569,6686
COMEDK,2025,E027,"BMS College of Engineering-Basavanagudi, Bengaluru",AI,Artificial Intelligence & Machine Learning,KKR,108,9,281100,20000,301100,15219,11824,16435,,
COMEDK,2025,E027,"BMS College of Engineering-Basavanagudi, Bengaluru",BT,Biotechnology,GM,18,16,281100,20000,301100,18547,14685,,30409,39302
COMEDK,2025,E027,"BMS College of Engineering-Basavanagudi, Bengaluru",BT,Biotechnology,KKR,18,2,281100,20000,301100,57710,27720,76894,,
COMEDK,2025,E027,"BMS College of Engineering-Basavanagudi, Bengaluru",CB,Computer Science & Business Systems,GM,18,16,281100,20000,301100,2830,2609,,4349,6650
COMEDK,2025,E027,"BMS College of Engineering-Basavanagudi, Bengaluru",CB,Computer Science & Business Systems,KKR,18,2,281100,20000,301100,12612,13163,19646,,
COMEDK,2025,E027,"BMS College of Engineering-Basavanagudi, Bengaluru",CD,Computer Science & Engineering (Data Science),GM,18,16,281100,20000,301100,,2360,,3854,5610
COMEDK,2025,E027,"BMS College of Engineering-Basavanagudi, Bengaluru",CD,Computer Science & Engineering (Data Science),KKR,18,2,281100,20000,301100,,10925,17078,,
COMEDK,2025,E027,"BMS College of Engineering-Basavanagudi, Bengaluru",CH,Chemical Engineering,GM,18,16,281100,20000,301100,16340,15697,,25041,44795
COMEDK,2025,E027,"BMS College of Engineering-Basavanagudi, Bengaluru",CH,Chemical Engineering,KKR,18,2,281100,20000,301100,76894,79098,106796,,
COMEDK,2025,E027,"BMS College of Engineering-Basavanagudi, Bengaluru",CS,Computer Science & Engineering,GM,360,331,281100,20000,301100,,2323,,3689,5312
COMEDK,2025,E027,"BMS College of Engineering-Basavanagudi, Bengaluru",CS,Computer Science & Engineering,KKR,360,29,281100,20000,301100,,9487,14570,,
COMEDK,2025,E027,"BMS College of Engineering-Basavanagudi, Bengaluru",CV,Civil Engineering,GM,18,16,281100,20000,301100,21321,19183,,31147,47626
COMEDK,2025,E027,"BMS College of Engineering-Basavanagudi, Bengaluru",CV,Civil Engineering,KKR,18,2,281100,20000,301100,57165,68362,66307,,
COMEDK,2025,E027,"BMS College of Engineering-Basavanagudi, Bengaluru",EC,Electronics & Communication Engineering,GM,108,99,281100,20000,301100,3584,3448,,5302,7904
COMEDK,2025,E027,"BMS College of Engineering-Basavanagudi, Bengaluru",EC,Electronics & Communication Engineering,KKR,108,9,281100,20000,301100,17442,15910,19669,,
COMEDK,2025,E027,"BMS College of Engineering-Basavanagudi, Bengaluru",IC,Computer Science & Engineering (IOT & Cyber Including Block Chain Technology),GM,18,16,281100,20000,301100,2647,2526,,4089,6143
COMEDK,2025,E027,"BMS College of Engineering-Basavanagudi, Bengaluru",IC,Computer Science & Engineering (IOT & Cyber Including Block Chain Technology),KKR,18,2,281100,20000,301100,12403,12090,17185,,
COMEDK,2025,E027,"BMS College of Engineering-Basavanagudi, Bengaluru",ME,Mechanical Engineering,GM,18,16,281100,20000,301100,8472,8486,,13510,21793
COMEDK,2025,E027,"BMS College of Engineering-Basavanagudi, Bengaluru",ME,Mechanical Engineering,KKR,18,2,281100,20000,301100,61598,54256,73003,,
COMEDK,2025,E028,"BMS Institute of Technology and Management-Yelahanka, Bengaluru",AI,Artificial Intelligence & Machine Learning,GM,108,99,281100,20000,301100,11593,11067,,16633,26313
COMEDK,2025,E028,"BMS Institute of Technology and Management-Yelahanka, Bengaluru",AI,Artificial Intelligence & Machine Learning,KKR,108,9,281100,20000,301100,36344,33257,41835,,
COMEDK,2025,E028,"BMS Institute of Technology and Management-Yelahanka, Bengaluru",CB,Computer Science & Business Systems,GM,18,16,281100,20000,301100,10775,10507,,15601,22972
COMEDK,2025,E028,"BMS Institute of Technology and Management-Yelahanka, Bengaluru",CB,Computer Science & Business Systems,KKR,18,2,281100,20000,301100,37185,31502,43905,,
COMEDK,2025,E028,"BMS Institute of Technology and Management-Yelahanka, Bengaluru",CS,Computer Science & Engineering,GM,270,248,281100,20000,301100,,9885,,14153,19984
COMEDK,2025,E028,"BMS Institute of Technology and Management-Yelahanka, Bengaluru",CS,Computer Science & Engineering,KKR,270,22,281100,20000,301100,,31320,40297,,
COMEDK,2025,E028,"BMS Institute of Technology and Management-Yelahanka, Bengaluru",CV,Civil Engineering,GM,18,16,281100,20000,301100,40000,36809,,68667,98837
COMEDK,2025,E028,"BMS Institute of Technology and Management-Yelahanka, Bengaluru",CV,Civil Engineering,KKR,18,2,281100,20000,301100,84969,83934,,,
COMEDK,2025,E028,"BMS Institute of Technology and Management-Yelahanka, Bengaluru",EC,Electronics & Communication Engineering,GM,54,49,281100,20000,301100,13370,12245,,19346,29885
COMEDK,2025,E028,"BMS Institute of Technology and Management-Yelahanka, Bengaluru",EC,Electronics & Communication Engineering,KKR,54,5,281100,20000,301100,41513,40419,54977,,
COMEDK,2025,E028,"BMS Institute of Technology and Management-Yelahanka, Bengaluru",EE,Electrical & Electronics Engineering,GM,18,16,281100,20000,301100,,15728,,26385,47837
COMEDK,2025,E028,"BMS Institute of Technology and Management-Yelahanka, Bengaluru",EE,Electrical & Electronics Engineering,KKR,18,2,281100,20000,301100,,57136,72717,,
COMEDK,2025,E028,"BMS Institute of Technology and Management-Yelahanka, Bengaluru",ME,Mechanical Engineering,GM,18,16,281100,20000,301100,27669,26304,,43026,68406
COMEDK,2025,E028,"BMS Institute of Technology and Management-Yelahanka, Bengaluru",ME,Mechanical Engineering,KKR,18,2,281100,20000,301100,87404,76654,76654,,
COMEDK,2025,E030,"Brindavan College of Engineering-Yelahanka, Bengaluru",AI,Artificial Intelligence & Machine Learning,GM,27,24,261100,20000,281100,105621,105621,,,
COMEDK,2025,E030,"Brindavan College of Engineering-Yelahanka, Bengaluru",AI,Artificial Intelligence & Machine Learning,KKR,27,3,261100,20000,281100,,,,,
COMEDK,2025,E030,"Brindavan College of Engineering-Yelahanka, Bengaluru",CS,Computer Science & Engineering,GM,45,41,180000,20000,200000,,109894,,,
COMEDK,2025,E030,"Brindavan College of Engineering-Yelahanka, Bengaluru",CS,Computer Science & Engineering,KKR,45,4,180000,20000,200000,,,,,
COMEDK,2025,E030,"Brindavan College of Engineering-Yelahanka, Bengaluru",CV,Civil Engineering,GM,9,8,30000,20000,50000,,,,6655,
COMEDK,2025,E030,"Brindavan College of Engineering-Yelahanka, Bengaluru",CV,Civil Engineering,KKR,9,1,30000,20000,50000,,,,,
COMEDK,2025,E030,"Brindavan College of Engineering-Yelahanka, Bengaluru",EC,Electronics & Communication Engineering,GM,36,33,180000,20000,200000,29665,106272,,,
COMEDK,2025,E030,"Brindavan College of Engineering-Yelahanka, Bengaluru",EC,Electronics & Communication Engineering,KKR,36,3,180000,20000,200000,,,,,
COMEDK,2025,E030,"Brindavan College of Engineering-Yelahanka, Bengaluru",IC,Computer Science & Engineering (IOT & Cyber Including Block Chain Technology),GM,18,16,160000,20000,180000,91015,91015,,,
COMEDK,2025,E030,"Brindavan College of Engineering-Yelahanka, Bengaluru",IC,Computer Science & Engineering (IOT & Cyber Including Block Chain Technology),KKR,18,2,160000,20000,180000,,,,,
COMEDK,2025,E030,"Brindavan College of Engineering-Yelahanka, Bengaluru",IS,Information Science & Engineering,GM,18,16,190000,20000,210000,,96601,,,
COMEDK,2025,E030,"Brindavan College of Engineering-Yelahanka, Bengaluru",IS,Information Science & Engineering,KKR,18,2,190000,20000,210000,,,,,
COMEDK,2025,E030,"Brindavan College of Engineering-Yelahanka, Bengaluru",ME,Mechanical Engineering,GM,9,8,30000,20000,50000,32957,32957,,,
COMEDK,2025,E030,"Brindavan College of Engineering-Yelahanka, Bengaluru",ME,Mechanical Engineering,KKR,9,1,30000,20000,50000,,,,,
COMEDK,2025,E032,"C.M.R. Institute of Technology-Brookefield, Bengaluru",AD,Artificial Intelligence & Data Science,GM,36,33,281100,20000,301100,,16318,,24251,36348
COMEDK,2025,E032,"C.M.R. Institute of Technology-Brookefield, Bengaluru",AD,Artificial Intelligence & Data Science,KKR,36,3,281100,20000,301100,,59571,,,
COMEDK,2025,E032,"C.M.R. Institute of Technology-Brookefield, Bengaluru",AI,Artificial Intelligence & Machine Learning,GM,36,33,281100,20000,301100,16708,15445,,22998,34791
COMEDK,2025,E032,"C.M.R. Institute of Technology-Brookefield, Bengaluru",AI,Artificial Intelligence & Machine Learning,KKR,36,3,281100,20000,301100,64349,54977,59185,,
COMEDK,2025,E032,"C.M.R. Institute of Technology-Brookefield, Bengaluru",CD,Computer Science & Engineering (Data Science),GM,18,16,281100,20000,301100,,13776,,19813,29052
COMEDK,2025,E032,"C.M.R. Institute of Technology-Brookefield, Bengaluru",CD,Computer Science & Engineering (Data Science),KKR,18,2,281100,20000,301100,,47344,69259,,
COMEDK,2025,E032,"C.M.R. Institute of Technology-Brookefield, Bengaluru",CI,Computer Science & Engineering (Artificial & Machine Learning),GM,18,16,281100,20000,301100,13525,13109,,18611,26892
COMEDK,2025,E032,"C.M.R. Institute of Technology-Brookefield, Bengaluru",CI,Computer Science & Engineering (Artificial & Machine Learning),KKR,18,2,281100,20000,301100,44538,40897,,,
COMEDK,2025,E032,"C.M.R. Institute of Technology-Brookefield, Bengaluru",CS,Computer Science & Engineering,GM,54,49,281100,20000,301100,,12617,,18084,26223
COMEDK,2025,E032,"C.M.R. Institute of Technology-Brookefield, Bengaluru",CS,Computer Science & Engineering,KKR,54,5,281100,20000,301100,,37373,45058,,
COMEDK,2025,E032,"C.M.R. Institute of Technology-Brookefield, Bengaluru",EC,Electronics & Communication Engineering,GM,72,66,281100,20000,301100,26314,22698,,38765,63591
COMEDK,2025,E032,"C.M.R. Institute of Technology-Brookefield, Bengaluru",EC,Electronics & Communication Engineering,KKR,72,6,281100,20000,301100,97992,75040,94161,,
COMEDK,2025,E032,"C.M.R. Institute of Technology-Brookefield, Bengaluru",IS,Information Science & Engineering,GM,54,49,281100,20000,301100,20349,18602,,26492,39306
COMEDK,2025,E032,"C.M.R. Institute of Technology-Brookefield, Bengaluru",IS,Information Science & Engineering,KKR,54,5,281100,20000,301100,66421,54491,,,
COMEDK,2025,E033,"Cambridge Institute of Technology-K R Puram, Bengaluru",AI,Artificial Intelligence & Machine Learning,GM,36,33,281100,20000,301100,37146,33011,,59221,111359
COMEDK,2025,E033,"Cambridge Institute of Technology-K R Puram, Bengaluru",AI,Artificial Intelligence & Machine Learning,KKR,36,3,281100,20000,301100,111009,76271,96946,,
COMEDK,2025,E033,"Cambridge Institute of Technology-K R Puram, Bengaluru",CD,Computer Science & Engineering (Data Science),GM,18,16,281100,20000,301100,,32745,,58396,85816
COMEDK,2025,E033,"Cambridge Institute of Technology-K R Puram, Bengaluru",CD,Computer Science & Engineering (Data Science),KKR,18,2,281100,20000,301100,,84302,76918,,
COMEDK,2025,E033,"Cambridge Institute of Technology-K R Puram, Bengaluru",CS,Computer Science & Engineering,GM,126,113,281100,20000,301100,,32250,,58952,110484
COMEDK,2025,E033,"Cambridge Institute of Technology-K R Puram, Bengaluru",CS,Computer Science & Engineering,KKR,126,13,281100,20000,301100,,111009,106519,,
COMEDK,2025,E033,"Cambridge Institute of Technology-K R Puram, Bengaluru",CV,Civil Engineering,GM,18,16,281100,20000,301100,108782,107929,,,
COMEDK,2025,E033,"Cambridge Institute of Technology-K R Puram, Bengaluru",CV,Civil Engineering,KKR,18,2,281100,20000,301100,,,,,
COMEDK,2025,E033,"Cambridge Institute of Technology-K R Puram, Bengaluru",EC,Electronics & Communication Engineering,GM,54,49,281100,20000,301100,53323,48249,,111194,88739
COMEDK,2025,E033,"Cambridge Institute of Technology-K R Puram, Bengaluru",EC,Electronics & Communication Engineering,KKR,54,5,281100,20000,301100,64529,60420,,,
COMEDK,2025,E033,"Cambridge Institute of Technology-K R Puram, Bengaluru",EE,Electrical & Electronics Engineering,GM,18,16,281100,20000,301100,,59391,,98440,
COMEDK,2025,E033,"Cambridge Institute of Technology-K R Puram, Bengaluru",EE,Electrical & Electronics Engineering,KKR,18,2,281100,20000,301100,,,,,
COMEDK,2025,E033,"Cambridge Institute of Technology-K R Puram, Bengaluru",IC,Computer Science & Engineering (IOT & Cyber Including Block Chain Technology),GM,18,16,281100,20000,301100,39396,34554,,63549,93618
COMEDK,2025,E033,"Cambridge Institute of Technology-K R Puram, Bengaluru",IC,Computer Science & Engineering (IOT & Cyber Including Block Chain Technology),KKR,18,2,281100,20000,301100,,,,,
COMEDK,2025,E033,"Cambridge Institute of Technology-K R Puram, Bengaluru",ME,Mechanical Engineering,GM,18,16,281100,20000,301100,103564,78058,,82604,
COMEDK,2025,E033,"Cambridge Institute of Technology-K R Puram, Bengaluru",ME,Mechanical Engineering,KKR,18,2,281100,20000,301100,,,,,
COMEDK,2025,E035,"Channabasaveshwara Institute of Technology- Gubbi, Tumakuru",AD,Artificial Intelligence & Data Science,GM,18,16,281100,20000,301100,,106098,,,
COMEDK,2025,E035,"Channabasaveshwara Institute of Technology- Gubbi, Tumakuru",AD,Artificial Intelligence & Data Science,KKR,18,2,281100,20000,301100,,,,,
COMEDK,2025,E035,"Channabasaveshwara Institute of Technology- Gubbi, Tumakuru",CS,Computer Science & Engineering,GM,54,49,281100,20000,301100,,108040,,88016,
COMEDK,2025,E035,"Channabasaveshwara Institute of Technology- Gubbi, Tumakuru",CS,Computer Science & Engineering,KKR,54,5,281100,20000,301100,,,,,
COMEDK,2025,E035,"Channabasaveshwara Institute of Technology- Gubbi, Tumakuru",CV,Civil Engineering,GM,18,16,281100,20000,301100,101700,101700,,,
COMEDK,2025,E035,"Channabasaveshwara Institute of Technology- Gubbi, Tumakuru",CV,Civil Engineering,KKR,18,2,281100,20000,301100,,,,,
COMEDK,2025,E035,"Channabasaveshwara Institute of Technology- Gubbi, Tumakuru",EC,Electronics & Communication Engineering,GM,36,33,281100,20000,301100,18339,91875,,,
COMEDK,2025,E035,"Channabasaveshwara Institute of Technology- Gubbi, Tumakuru",EC,Electronics & Communication Engineering,KKR,36,3,281100,20000,301100,,,,,
COMEDK,2025,E035,"Channabasaveshwara Institute of Technology- Gubbi, Tumakuru",EE,Electrical & Electronics Engineering,GM,18,16,281100,20000,301100,,,,,
COMEDK,2025,E035,"Channabasaveshwara Institute of Technology- Gubbi, Tumakuru",EE,Electrical & Electronics Engineering,KKR,18,2,281100,20000,301100,,,,,
COMEDK,2025,E035,"Channabasaveshwara Institute of Technology- Gubbi, Tumakuru",IS,Information Science & Engineering,GM,18,16,281100,20000,301100,,,,,
COMEDK,2025,E035,"Channabasaveshwara Institute of Technology- Gubbi, Tumakuru",IS,Information Science & Engineering,KKR,18,2,281100,20000,301100,,,,,
COMEDK,2025,E035,"Channabasaveshwara Institute of Technology- Gubbi, Tumakuru",ME,Mechanical Engineering,GM,18,16,281100,20000,301100,,,,,
COMEDK,2025,E035,"Channabasaveshwara Institute of Technology- Gubbi, Tumakuru",ME,Mechanical Engineering,KKR,18,2,281100,20000,301100,,,,,
COMEDK,2025,E036,"Chanakya University-Devanahalli, Bengaluru Rural",CCS,Civil Construction & Sustainability Engineering,GM,25,23,200000,5000,205000,,78919,,,
COMEDK,2025,E036,"Chanakya University-Devanahalli, Bengaluru Rural",CCS,Civil Construction & Sustainability Engineering,KKR,25,2,200000,5000,205000,,,,,
COMEDK,2025,E036,"Chanakya University-Devanahalli, Bengaluru Rural",MAE,Mechanical & Aerospace Engineering,GM,5,4,200000,5000,205000,,58735,,61373,
COMEDK,2025,E036,"Chanakya University-Devanahalli, Bengaluru Rural",MAE,Mechanical & Aerospace Engineering,KKR,5,1,200000,5000,205000,,,,,
COMEDK,2025,E036,"Chanakya University-Devanahalli, Bengaluru Rural",VL,Electronics Engineering (VLSI Design & Technology),GM,25,23,250000,5000,255000,106627,106483,,48972,
COMEDK,2025,E036,"Chanakya University-Devanahalli, Bengaluru Rural",VL,Electronics Engineering (VLSI Design & Technology),KKR,25,2,250000,5000,255000,,,,,
COMEDK,2025,E037,"City Engineering College-Doddakalasandra, Bengaluru",AI,Artificial Intelligence & Machine Learning,GM,36,33,150000,20000,170000,110482,110482,,,
COMEDK,2025,E037,"City Engineering College-Doddakalasandra, Bengaluru",AI,Artificial Intelligence & Machine Learning,KKR,36,3,150000,20000,170000,,,,,
COMEDK,2025,E037,"City Engineering College-Doddakalasandra, Bengaluru",CS,Computer Science & Engineering,GM,50,45,200000,20000,220000,,109524,,,
COMEDK,2025,E037,"City Engineering College-Doddakalasandra, Bengaluru",CS,Computer Science & Engineering,KKR,50,5,200000,20000,220000,,,,,
COMEDK,2025,E037,"City Engineering College-Doddakalasandra, Bengaluru",CV,Civil Engineering,GM,9,8,65000,20000,85000,,,,,
COMEDK,2025,E037,"City Engineering College-Doddakalasandra, Bengaluru",CV,Civil Engineering,KKR,9,1,65000,20000,85000,,,,,
COMEDK,2025,E037,"City Engineering College-Doddakalasandra, Bengaluru",EC,Electronics & Communication Engineering,GM,8,7,125000,20000,145000,96817,96817,,,
COMEDK,2025,E037,"City Engineering College-Doddakalasandra, Bengaluru",EC,Electronics & Communication Engineering,KKR,8,1,125000,20000,145000,,,,,
COMEDK,2025,E037,"City Engineering College-Doddakalasandra, Bengaluru",IC,Computer Science & Engineering (IOT & Cyber Including Block Chain Technology),GM,9,8,125000,20000,145000,65072,,,100851,
COMEDK,2025,E037,"City Engineering College-Doddakalasandra, Bengaluru",IC,Computer Science & Engineering (IOT & Cyber Including Block Chain Technology),KKR,9,1,125000,20000,145000,,,,,
COMEDK,2025,E037,"City Engineering College-Doddakalasandra, Bengaluru",IS,Information Science & Engineering,GM,15,13,125000,20000,145000,,,,,
COMEDK,2025,E037,"City Engineering College-Doddakalasandra, Bengaluru",IS,Information Science & Engineering,KKR,15,2,125000,20000,145000,,,,,
COMEDK,2025,E037,"City Engineering College-Doddakalasandra, Bengaluru",ME,Mechanical Engineering,GM,9,8,65000,20000,85000,99390,87100,,,
COMEDK,2025,E037,"City Engineering College-Doddakalasandra, Bengaluru",ME,Mechanical Engineering,KKR,9,1,65000,20000,85000,,,,,
COMEDK,2025,E038,"Coorg Institute of Technology-Ponnampet, South Kodagu",AD,Artificial Intelligence & Data Science,GM,18,16,200000,20000,220000,,110685,,,
COMEDK,2025,E038,"Coorg Institute of Technology-Ponnampet, South Kodagu",AD,Artificial Intelligence & Data Science,KKR,18,2,200000,20000,220000,,,,,
COMEDK,2025,E038,"Coorg Institute of Technology-Ponnampet, South Kodagu",AI,Artificial Intelligence & Machine Learning,GM,18,16,200000,20000,220000,101886,101886,,,
COMEDK,2025,E038,"Coorg Institute of Technology-Ponnampet, South Kodagu",AI,Artificial Intelligence & Machine Learning,KKR,18,2,200000,20000,220000,,,,,
COMEDK,2025,E038,"Coorg Institute of Technology-Ponnampet, South Kodagu",CS,Computer Science & Engineering,GM,36,32,200000,20000,220000,,106864,,63276,
COMEDK,2025,E038,"Coorg Institute of Technology-Ponnampet, South Kodagu",CS,Computer Science & Engineering,KKR,36,4,200000,20000,220000,,,,,
COMEDK,2025,E038,"Coorg Institute of Technology-Ponnampet, South Kodagu",CV,Civil Engineering,GM,9,8,100000,20000,120000,,,,,
COMEDK,2025,E038,"Coorg Institute of Technology-Ponnampet, South Kodagu",CV,Civil Engineering,KKR,9,1,100000,20000,120000,,,,,
COMEDK,2025,E038,"Coorg Institute of Technology-Ponnampet, South Kodagu",CY,Computer Science & Engineering (Cyber Security),GM,18,16,200000,20000,220000,81952,90149,,,
COMEDK,2025,E038,"Coorg Institute of Technology-Ponnampet, South Kodagu",CY,Computer Science & Engineering (Cyber Security),KKR,18,2,200000,20000,220000,,,,,
COMEDK,2025,E038,"Coorg Institute of Technology-Ponnampet, South Kodagu",EC,Electronics & Communication Engineering,GM,18,16,200000,20000,220000,92784,92784,,,
COMEDK,2025,E038,"Coorg Institute of Technology-Ponnampet, South Kodagu",EC,Electronics & Communication Engineering,KKR,18,2,200000,20000,220000,,,,,
COMEDK,2025,E038,"Coorg Institute of Technology-Ponnampet, South Kodagu",ME,Mechanical Engineering,GM,9,8,100000,20000,120000,82980,82980,,,
COMEDK,2025,E038,"Coorg Institute of Technology-Ponnampet, South Kodagu",ME,Mechanical Engineering,KKR,9,1,100000,20000,120000,,,,,
COMEDK,2025,E039,"Dayananda Sagar Academy of Technology and Management-Kanakpura Road, Bengaluru",CD,Computer Science & Engineering (Data Science),GM,36,33,281100,20000,301100,,20304,,37213,68369
COMEDK,2025,E039,"Dayananda Sagar Academy of Technology and Management-Kanakpura Road, Bengaluru",CD,Computer Science & Engineering (Data Science),KKR,36,3,281100,20000,301100,,41231,73575,,
COMEDK,2025,E039,"Dayananda Sagar Academy of Technology and Management-Kanakpura Road, Bengaluru",CI,Computer Science & Engineering (Artificial & Machine Learning),GM,36,33,281100,20000,301100,19366,17753,,34054,54107
COMEDK,2025,E039,"Dayananda Sagar Academy of Technology and Management-Kanakpura Road, Bengaluru",CI,Computer Science & Engineering (Artificial & Machine Learning),KKR,36,3,281100,20000,301100,43815,28557,,,
COMEDK,2025,E039,"Dayananda Sagar Academy of Technology and Management-Kanakpura Road, Bengaluru",CS,Computer Science & Engineering,GM,108,99,281100,20000,301100,,19262,,35187,58956
COMEDK,2025,E039,"Dayananda Sagar Academy of Technology and Management-Kanakpura Road, Bengaluru",CS,Computer Science & Engineering,KKR,108,9,281100,20000,301100,,37238,65823,,
COMEDK,2025,E039,"Dayananda Sagar Academy of Technology and Management-Kanakpura Road, Bengaluru",CY,Computer Science & Engineering (Cyber Security),GM,18,16,281100,20000,301100,22293,20349,,37819,73943
COMEDK,2025,E039,"Dayananda Sagar Academy of Technology and Management-Kanakpura Road, Bengaluru",CY,Computer Science & Engineering (Cyber Security),KKR,18,2,281100,20000,301100,53984,47011,73702,,
COMEDK,2025,E039,"Dayananda Sagar Academy of Technology and Management-Kanakpura Road, Bengaluru",EC,Electronics & Communication Engineering,GM,54,49,281100,20000,301100,27699,25383,,46875,108621
COMEDK,2025,E039,"Dayananda Sagar Academy of Technology and Management-Kanakpura Road, Bengaluru",EC,Electronics & Communication Engineering,KKR,54,5,281100,20000,301100,75283,48327,96589,,
COMEDK,2025,E039,"Dayananda Sagar Academy of Technology and Management-Kanakpura Road, Bengaluru",IC,Computer Science & Engineering (IOT & Cyber Including Block Chain Technology),GM,18,16,281100,20000,301100,25279,22765,,39604,86367
COMEDK,2025,E039,"Dayananda Sagar Academy of Technology and Management-Kanakpura Road, Bengaluru",IC,Computer Science & Engineering (IOT & Cyber Including Block Chain Technology),KKR,18,2,281100,20000,301100,63566,49662,76449,,
COMEDK,2025,E039,"Dayananda Sagar Academy of Technology and Management-Kanakpura Road, Bengaluru",IS,Information Science & Engineering,GM,54,49,281100,20000,301100,29142,26132,,44072,94611
COMEDK,2025,E039,"Dayananda Sagar Academy of Technology and Management-Kanakpura Road, Bengaluru",IS,Information Science & Engineering,KKR,54,5,281100,20000,301100,66538,62734,,,
COMEDK,2025,E039,"Dayananda Sagar Academy of Technology and Management-Kanakpura Road, Bengaluru",ME,Mechanical Engineering,GM,9,8,281100,20000,301100,40017,37624,,57162,91599
COMEDK,2025,E039,"Dayananda Sagar Academy of Technology and Management-Kanakpura Road, Bengaluru",ME,Mechanical Engineering,KKR,9,1,281100,20000,301100,,107055,,,
COMEDK,2025,E040,"Dayananda Sagar College of Engineering-Kumaraswamy Layout, Bengaluru",AE,Aeronautical Engineering,GM,18,16,281100,20000,301100,,11582,,21325,37450
COMEDK,2025,E040,"Dayananda Sagar College of Engineering-Kumaraswamy Layout, Bengaluru",AE,Aeronautical Engineering,KKR,18,2,281100,20000,301100,,56849,59439,,
COMEDK,2025,E040,"Dayananda Sagar College of Engineering-Kumaraswamy Layout, Bengaluru",AI,Artificial Intelligence & Machine Learning,GM,36,33,281100,20000,301100,4593,4299,,6201,9622
COMEDK,2025,E040,"Dayananda Sagar College of Engineering-Kumaraswamy Layout, Bengaluru",AI,Artificial Intelligence & Machine Learning,KKR,36,3,281100,20000,301100,17711,15323,19685,,
COMEDK,2025,E040,"Dayananda Sagar College of Engineering-Kumaraswamy Layout, Bengaluru",AU,Automobile Engineering,GM,8,7,281100,20000,301100,18227,18227,,37797,63821
COMEDK,2025,E040,"Dayananda Sagar College of Engineering-Kumaraswamy Layout, Bengaluru",AU,Automobile Engineering,KKR,8,1,281100,20000,301100,76203,76203,,,
COMEDK,2025,E040,"Dayananda Sagar College of Engineering-Kumaraswamy Layout, Bengaluru",BT,Biotechnology,GM,18,16,281100,20000,301100,29267,24672,,44710,81432
COMEDK,2025,E040,"Dayananda Sagar College of Engineering-Kumaraswamy Layout, Bengaluru",BT,Biotechnology,KKR,18,2,281100,20000,301100,81543,73759,,,
COMEDK,2025,E040,"Dayananda Sagar College of Engineering-Kumaraswamy Layout, Bengaluru",CD,Computer Science & Engineering (Data Science),GM,18,16,281100,20000,301100,,3754,,5740,8322
COMEDK,2025,E040,"Dayananda Sagar College of Engineering-Kumaraswamy Layout, Bengaluru",CD,Computer Science & Engineering (Data Science),KKR,18,2,281100,20000,301100,,17185,20497,,
COMEDK,2025,E040,"Dayananda Sagar College of Engineering-Kumaraswamy Layout, Bengaluru",CG,Computer Science & Design,GM,18,16,281100,20000,301100,5470,5232,,7492,11261
COMEDK,2025,E040,"Dayananda Sagar College of Engineering-Kumaraswamy Layout, Bengaluru",CG,Computer Science & Design,KKR,18,2,281100,20000,301100,20402,22630,31502,,
COMEDK,2025,E040,"Dayananda Sagar College of Engineering-Kumaraswamy Layout, Bengaluru",CH,Chemical Engineering,GM,8,7,281100,20000,301100,22504,18853,,38499,53019
COMEDK,2025,E040,"Dayananda Sagar College of Engineering-Kumaraswamy Layout, Bengaluru",CH,Chemical Engineering,KKR,8,1,281100,20000,301100,44202,79665,,,
COMEDK,2025,E040,"Dayananda Sagar College of Engineering-Kumaraswamy Layout, Bengaluru",CS,Computer Science & Engineering,GM,90,82,281100,20000,301100,,3609,,5479,7819
COMEDK,2025,E040,"Dayananda Sagar College of Engineering-Kumaraswamy Layout, Bengaluru",CS,Computer Science & Engineering,KKR,90,8,281100,20000,301100,,16001,18974,,
COMEDK,2025,E040,"Dayananda Sagar College of Engineering-Kumaraswamy Layout, Bengaluru",CV,Civil Engineering,GM,9,8,281100,20000,301100,27845,25041,,40753,68618
COMEDK,2025,E040,"Dayananda Sagar College of Engineering-Kumaraswamy Layout, Bengaluru",CV,Civil Engineering,KKR,9,1,281100,20000,301100,68362,60328,84969,,
COMEDK,2025,E040,"Dayananda Sagar College of Engineering-Kumaraswamy Layout, Bengaluru",CY,Computer Science & Engineering (Cyber Security),GM,18,16,281100,20000,301100,4532,4229,,6442,9105
COMEDK,2025,E040,"Dayananda Sagar College of Engineering-Kumaraswamy Layout, Bengaluru",CY,Computer Science & Engineering (Cyber Security),KKR,18,2,281100,20000,301100,20369,17711,21259,,
COMEDK,2025,E040,"Dayananda Sagar College of Engineering-Kumaraswamy Layout, Bengaluru",EC,Electronics & Communication Engineering,GM,90,82,281100,20000,301100,6820,6712,,10951,17651
COMEDK,2025,E040,"Dayananda Sagar College of Engineering-Kumaraswamy Layout, Bengaluru",EC,Electronics & Communication Engineering,KKR,90,8,281100,20000,301100,28470,26002,28677,,
COMEDK,2025,E040,"Dayananda Sagar College of Engineering-Kumaraswamy Layout, Bengaluru",EE,Electrical & Electronics Engineering,GM,36,33,281100,20000,301100,,10695,,19099,36048
COMEDK,2025,E040,"Dayananda Sagar College of Engineering-Kumaraswamy Layout, Bengaluru",EE,Electrical & Electronics Engineering,KKR,36,3,281100,20000,301100,,47709,49381,,
COMEDK,2025,E040,"Dayananda Sagar College of Engineering-Kumaraswamy Layout, Bengaluru",ET,Electronics & Telecommunication Engineering,GM,36,33,281100,20000,301100,10943,10958,,17797,30129
COMEDK,2025,E040,"Dayananda Sagar College of Engineering-Kumaraswamy Layout, Bengaluru",ET,Electronics & Telecommunication Engineering,KKR,36,3,281100,20000,301100,38041,38041,,,
COMEDK,2025,E040,"Dayananda Sagar College of Engineering-Kumaraswamy Layout, Bengaluru",IC,Computer Science & Engineering (IOT & Cyber Including Block Chain Technology),GM,18,16,281100,20000,301100,4699,4535,,6664,10204
COMEDK,2025,E040,"Dayananda Sagar College of Engineering-Kumaraswamy Layout, Bengaluru",IC,Computer Science & Engineering (IOT & Cyber Including Block Chain Technology),KKR,18,2,281100,20000,301100,25534,25658,25934,,
COMEDK,2025,E040,"Dayananda Sagar College of Engineering-Kumaraswamy Layout, Bengaluru",IS,Information Science & Engineering,GM,54,49,281100,20000,301100,5390,5084,,7373,10627
COMEDK,2025,E040,"Dayananda Sagar College of Engineering-Kumaraswamy Layout, Bengaluru",IS,Information Science & Engineering,KKR,54,5,281100,20000,301100,19777,19685,,,
COMEDK,2025,E040,"Dayananda Sagar College of Engineering-Kumaraswamy Layout, Bengaluru",MD,Medical Electronics Engineering,GM,8,7,281100,20000,301100,30157,28658,,50220,71114
COMEDK,2025,E040,"Dayananda Sagar College of Engineering-Kumaraswamy Layout, Bengaluru",MD,Medical Electronics Engineering,KKR,8,1,281100,20000,301100,,,,,
COMEDK,2025,E040,"Dayananda Sagar College of Engineering-Kumaraswamy Layout, Bengaluru",ME,Mechanical Engineering,GM,36,33,281100,20000,301100,24105,20990,,34913,55934
COMEDK,2025,E040,"Dayananda Sagar College of Engineering-Kumaraswamy Layout, Bengaluru",ME,Mechanical Engineering,KKR,36,3,281100,20000,301100,91711,73726,108484,,
COMEDK,2025,E040,"Dayananda Sagar College of Engineering-Kumaraswamy Layout, Bengaluru",RI,Robotics & Artificial Intelligence,GM,18,16,281100,20000,301100,6123,5543,,8006,12335
COMEDK,2025,E040,"Dayananda Sagar College of Engineering-Kumaraswamy Layout, Bengaluru",RI,Robotics & Artificial Intelligence,KKR,18,2,281100,20000,301100,26803,20402,32330,,
COMEDK,2025,E041,"DON BOSCO Institute of Technology-Kumbalgodu, Bengaluru",AD,Artificial Intelligence & Data Science,GM,36,33,230100,20000,250100,,70477,,102657,
COMEDK,2025,E041,"DON BOSCO Institute of Technology-Kumbalgodu, Bengaluru",AD,Artificial Intelligence & Data Science,KKR,36,3,230100,20000,250100,,,,,
COMEDK,2025,E041,"DON BOSCO Institute of Technology-Kumbalgodu, Bengaluru",CI,Computer Science & Engineering (Artificial & Machine Learning),GM,36,33,230100,20000,250100,79690,65473,,107604,71736
COMEDK,2025,E041,"DON BOSCO Institute of Technology-Kumbalgodu, Bengaluru",CI,Computer Science & Engineering (Artificial & Machine Learning),KKR,36,3,230100,20000,250100,97034,97034,,,
COMEDK,2025,E041,"DON BOSCO Institute of Technology-Kumbalgodu, Bengaluru",CS,Computer Science & Engineering,GM,90,82,281100,20000,301100,,65174,,111427,78693
COMEDK,2025,E041,"DON BOSCO Institute of Technology-Kumbalgodu, Bengaluru",CS,Computer Science & Engineering,KKR,90,8,281100,20000,301100,,,,,
COMEDK,2025,E041,"DON BOSCO Institute of Technology-Kumbalgodu, Bengaluru",EC,Electronics & Communication Engineering,GM,15,13,210100,20000,230100,90566,70362,,81250,
COMEDK,2025,E041,"DON BOSCO Institute of Technology-Kumbalgodu, Bengaluru",EC,Electronics & Communication Engineering,KKR,15,2,210100,20000,230100,,,,,
COMEDK,2025,E041,"DON BOSCO Institute of Technology-Kumbalgodu, Bengaluru",EE,Electrical & Electronics Engineering,GM,5,4,110100,20000,130100,,81888,,32466,
COMEDK,2025,E041,"DON BOSCO Institute of Technology-Kumbalgodu, Bengaluru",EE,Electrical & Electronics Engineering,KKR,5,1,110100,20000,130100,,,,,
COMEDK,2025,E041,"DON BOSCO Institute of Technology-Kumbalgodu, Bengaluru",IC,Computer Science & Engineering (IOT & Cyber Including Block Chain Technology),GM,18,16,210100,20000,230100,105817,80333,,33031,
COMEDK,2025,E041,"DON BOSCO Institute of Technology-Kumbalgodu, Bengaluru",IC,Computer Science & Engineering (IOT & Cyber Including Block Chain Technology),KKR,18,2,210100,20000,230100,,,,,
COMEDK,2025,E041,"DON BOSCO Institute of Technology-Kumbalgodu, Bengaluru",IS,Information Science & Engineering,GM,32,29,210100,20000,230100,109945,85455,,,
COMEDK,2025,E041,"DON BOSCO Institute of Technology-Kumbalgodu, Bengaluru",IS,Information Science & Engineering,KKR,32,3,210100,20000,230100,,,,,
COMEDK,2025,E042,"Dr. Ambedkar Institute of Technology-Malathahalli, Bengaluru",AE,Aeronautical Engineering,GM,18,16,281100,20000,301100,,43902,,107317,
COMEDK,2025,E042,"Dr. Ambedkar Institute of Technology-Malathahalli, Bengaluru",AE,Aeronautical Engineering,KKR,18,2,281100,20000,301100,,59439,,,
COMEDK,2025,E042,"Dr. Ambedkar Institute of Technology-Malathahalli, Bengaluru",AI,Artificial Intelligence & Machine Learning,GM,18,16,281100,20000,301100,28403,23862,,45417,84409
COMEDK,2025,E042,"Dr. Ambedkar Institute of Technology-Malathahalli, Bengaluru",AI,Artificial Intelligence & Machine Learning,KKR,18,2,281100,20000,301100,58887,52860,57701,,
COMEDK,2025,E042,"Dr. Ambedkar Institute of Technology-Malathahalli, Bengaluru",CB,Computer Science & Business Systems,GM,18,16,281100,20000,301100,33311,30454,,59929,76077
COMEDK,2025,E042,"Dr. Ambedkar Institute of Technology-Malathahalli, Bengaluru",CB,Computer Science & Business Systems,KKR,18,2,281100,20000,301100,87924,76839,93900,,
COMEDK,2025,E042,"Dr. Ambedkar Institute of Technology-Malathahalli, Bengaluru",CD,Computer Science & Engineering (Data Science),GM,18,16,281100,20000,301100,,25701,,48747,110247
COMEDK,2025,E042,"Dr. Ambedkar Institute of Technology-Malathahalli, Bengaluru",CD,Computer Science & Engineering (Data Science),KKR,18,2,281100,20000,301100,,63566,79646,,
COMEDK,2025,E042,"Dr. Ambedkar Institute of Technology-Malathahalli, Bengaluru",CS,Computer Science & Engineering,GM,54,49,281100,20000,301100,,22749,,42969,82800
COMEDK,2025,E042,"Dr. Ambedkar Institute of Technology-Malathahalli, Bengaluru",CS,Computer Science & Engineering,KKR,54,5,281100,20000,301100,,46728,74549,,
COMEDK,2025,E042,"Dr. Ambedkar Institute of Technology-Malathahalli, Bengaluru",CV,Civil Engineering,GM,9,8,281100,20000,301100,65128,58085,,,
COMEDK,2025,E042,"Dr. Ambedkar Institute of Technology-Malathahalli, Bengaluru",CV,Civil Engineering,KKR,9,1,281100,20000,301100,,,,,
COMEDK,2025,E042,"Dr. Ambedkar Institute of Technology-Malathahalli, Bengaluru",EC,Electronics & Communication Engineering,GM,18,16,281100,20000,301100,33879,27873,,60654,84729
COMEDK,2025,E042,"Dr. Ambedkar Institute of Technology-Malathahalli, Bengaluru",EC,Electronics & Communication Engineering,KKR,18,2,281100,20000,301100,89166,69057,,,
COMEDK,2025,E042,"Dr. Ambedkar Institute of Technology-Malathahalli, Bengaluru",ECV,Electronics and Communication Engineering (VLSI & Technology),GM,18,16,281100,20000,301100,40936,36057,,82112,70725
COMEDK,2025,E042,"Dr. Ambedkar Institute of Technology-Malathahalli, Bengaluru",ECV,Electronics and Communication Engineering (VLSI & Technology),KKR,18,2,281100,20000,301100,82849,90825,,,
COMEDK,2025,E042,"Dr. Ambedkar Institute of Technology-Malathahalli, Bengaluru",IS,Information Science & Engineering,GM,36,33,281100,20000,301100,33868,29882,,60782,109945
COMEDK,2025,E042,"Dr. Ambedkar Institute of Technology-Malathahalli, Bengaluru",IS,Information Science & Engineering,KKR,36,3,281100,20000,301100,72787,75338,,,
COMEDK,2025,E043,"Yenepoya Institute of Technology formerly known as Dr. M V Shetty Institute of Technology-Moodbidri, Mangaluru",AI,Artificial Intelligence & Machine Learning,GM,18,16,200000,20000,220000,111559,111559,,89103,
COMEDK,2025,E043,"Yenepoya Institute of Technology formerly known as Dr. M V Shetty Institute of Technology-Moodbidri, Mangaluru",AI,Artificial Intelligence & Machine Learning,KKR,18,2,200000,20000,220000,,,,,
COMEDK,2025,E043,"Yenepoya Institute of Technology formerly known as Dr. M V Shetty Institute of Technology-Moodbidri, Mangaluru",CD,Computer Science & Engineering (Data Science),GM,18,16,200000,20000,220000,,76730,,,
COMEDK,2025,E043,"Yenepoya Institute of Technology formerly known as Dr. M V Shetty Institute of Technology-Moodbidri, Mangaluru",CD,Computer Science & Engineering (Data Science),KKR,18,2,200000,20000,220000,,,,,
COMEDK,2025,E043,"Yenepoya Institute of Technology formerly known as Dr. M V Shetty Institute of Technology-Moodbidri, Mangaluru",CS,Computer Science & Engineering,GM,36,33,200000,20000,220000,,111733,,,
COMEDK,2025,E043,"Yenepoya Institute of Technology formerly known as Dr. M V Shetty Institute of Technology-Moodbidri, Mangaluru",CS,Computer Science & Engineering,KKR,36,3,200000,20000,220000,,,,,
COMEDK,2025,E043,"Yenepoya Institute of Technology formerly known as Dr. M V Shetty Institute of Technology-Moodbidri, Mangaluru",EC,Electronics & Communication Engineering,GM,18,16,200000,20000,220000,74734,,,,
COMEDK,2025,E043,"Yenepoya Institute of Technology formerly known as Dr. M V Shetty Institute of Technology-Moodbidri, Mangaluru",EC,Electronics & Communication Engineering,KKR,18,2,200000,20000,220000,,,,,
COMEDK,2025,E043,"Yenepoya Institute of Technology formerly known as Dr. M V Shetty Institute of Technology-Moodbidri, Mangaluru",EE,Electrical & Electronics Engineering,GM,9,8,200000,20000,220000,,,,,
COMEDK,2025,E043,"Yenepoya Institute of Technology formerly known as Dr. M V Shetty Institute of Technology-Moodbidri, Mangaluru",EE,Electrical & Electronics Engineering,KKR,9,1,200000,20000,220000,,,,,
COMEDK,2025,E043,"Yenepoya Institute of Technology formerly known as Dr. M V Shetty Institute of Technology-Moodbidri, Mangaluru",IC,Computer Science & Engineering (IOT & Cyber Including Block Chain Technology),GM,18,16,200000,20000,220000,,,,,
COMEDK,2025,E043,"Yenepoya Institute of Technology formerly known as Dr. M V Shetty Institute of Technology-Moodbidri, Mangaluru",IC,Computer Science & Engineering (IOT & Cyber Including Block Chain Technology),KKR,18,2,200000,20000,220000,,,,,
COMEDK,2025,E043,"Yenepoya Institute of Technology formerly known as Dr. M V Shetty Institute of Technology-Moodbidri, Mangaluru",IS,Information Science & Engineering,GM,18,16,200000,20000,220000,,,,,
COMEDK,2025,E043,"Yenepoya Institute of Technology formerly known as Dr. M V Shetty Institute of Technology-Moodbidri, Mangaluru",IS,Information Science & Engineering,KKR,18,2,200000,20000,220000,,,,,
COMEDK,2025,E043,"Yenepoya Institute of Technology formerly known as Dr. M V Shetty Institute of Technology-Moodbidri, Mangaluru",ME,Mechanical Engineering,GM,9,8,200000,20000,220000,,,,,
COMEDK,2025,E043,"Yenepoya Institute of Technology formerly known as Dr. M V Shetty Institute of Technology-Moodbidri, Mangaluru",ME,Mechanical Engineering,KKR,9,1,200000,20000,220000,,,,,
COMEDK,2025,E044,"Dr.Shri Shri Shivakumara Mahaswamy College of Engineering-Nelamangala, Bengaluru Rural",CS,Computer Science & Engineering,GM,36,33,200000,20000,220000,,66222,,,
COMEDK,2025,E044,"Dr.Shri Shri Shivakumara Mahaswamy College of Engineering-Nelamangala, Bengaluru Rural",CS,Computer Science & Engineering,KKR,36,3,200000,20000,220000,,,,,
COMEDK,2025,E044,"Dr.Shri Shri Shivakumara Mahaswamy College of Engineering-Nelamangala, Bengaluru Rural",CV,Civil Engineering,GM,9,8,200000,20000,220000,,,,,
COMEDK,2025,E044,"Dr.Shri Shri Shivakumara Mahaswamy College of Engineering-Nelamangala, Bengaluru Rural",CV,Civil Engineering,KKR,9,1,200000,20000,220000,,,,,
COMEDK,2025,E044,"Dr.Shri Shri Shivakumara Mahaswamy College of Engineering-Nelamangala, Bengaluru Rural",EC,Electronics & Communication Engineering,GM,9,8,200000,20000,220000,,,,,
COMEDK,2025,E044,"Dr.Shri Shri Shivakumara Mahaswamy College of Engineering-Nelamangala, Bengaluru Rural",EC,Electronics & Communication Engineering,KKR,9,1,200000,20000,220000,,,,,
COMEDK,2025,E044,"Dr.Shri Shri Shivakumara Mahaswamy College of Engineering-Nelamangala, Bengaluru Rural",EE,Electrical & Electronics Engineering,GM,9,8,200000,20000,220000,,,,,
COMEDK,2025,E044,"Dr.Shri Shri Shivakumara Mahaswamy College of Engineering-Nelamangala, Bengaluru Rural",EE,Electrical & Electronics Engineering,KKR,9,1,200000,20000,220000,,,,,
COMEDK,2025,E044,"Dr.Shri Shri Shivakumara Mahaswamy College of Engineering-Nelamangala, Bengaluru Rural",IS,Information Science & Engineering,GM,18,16,200000,20000,220000,,,,,
COMEDK,2025,E044,"Dr.Shri Shri Shivakumara Mahaswamy College of Engineering-Nelamangala, Bengaluru Rural",IS,Information Science & Engineering,KKR,18,2,200000,20000,220000,,,,,
COMEDK,2025,E044,"Dr.Shri Shri Shivakumara Mahaswamy College of Engineering-Nelamangala, Bengaluru Rural",ME,Mechanical Engineering,GM,18,16,200000,20000,220000,,,,,
COMEDK,2025,E044,"Dr.Shri Shri Shivakumara Mahaswamy College of Engineering-Nelamangala, Bengaluru Rural",ME,Mechanical Engineering,KKR,18,2,200000,20000,220000,,,,,
COMEDK,2025,E045,"Dr H N National College Of Engineering-Jayanagar, Bengaluru",AD,Artificial Intelligence & Data Science,GM,18,16,281000,10000,291000,,92178,,106828,
COMEDK,2025,E045,"Dr H N National College Of Engineering-Jayanagar, Bengaluru",AD,Artificial Intelligence & Data Science,KKR,18,2,281000,10000,291000,,,,,
COMEDK,2025,E045,"Dr H N National College Of Engineering-Jayanagar, Bengaluru",CS,Computer Science & Engineering,GM,36,33,281000,10000,291000,,85363,,99127,
COMEDK,2025,E045,"Dr H N National College Of Engineering-Jayanagar, Bengaluru",CS,Computer Science & Engineering,KKR,36,3,281000,10000,291000,,,,,
COMEDK,2025,E045,"Dr H N National College Of Engineering-Jayanagar, Bengaluru",EC,Electronics & Communication Engineering,GM,8,7,281000,10000,291000,104887,104887,,,
COMEDK,2025,E045,"Dr H N National College Of Engineering-Jayanagar, Bengaluru",EC,Electronics & Communication Engineering,KKR,8,1,281000,10000,291000,,,,,
COMEDK,2025,E045,"Dr H N National College Of Engineering-Jayanagar, Bengaluru",IS,Information Science & Engineering,GM,6,5,281000,10000,291000,83887,105378,,83887,
COMEDK,2025,E045,"Dr H N National College Of Engineering-Jayanagar, Bengaluru",IS,Information Science & Engineering,KKR,6,1,281000,10000,291000,,,,,
COMEDK,2025,E046,"East Point College of Engineering and Technology-Avalahalli, Bengaluru",CD,Computer Science & Engineering (Data Science),GM,18,16,200000,20000,220000,,67436,,104956,
COMEDK,2025,E046,"East Point College of Engineering and Technology-Avalahalli, Bengaluru",CD,Computer Science & Engineering (Data Science),KKR,18,2,200000,20000,220000,,,,,
COMEDK,2025,E046,"East Point College of Engineering and Technology-Avalahalli, Bengaluru",CI,Computer Science & Engineering (Artificial & Machine Learning),GM,36,33,200000,20000,220000,71697,61605,,110249,59837
COMEDK,2025,E046,"East Point College of Engineering and Technology-Avalahalli, Bengaluru",CI,Computer Science & Engineering (Artificial & Machine Learning),KKR,36,3,200000,20000,220000,,,,,
COMEDK,2025,E046,"East Point College of Engineering and Technology-Avalahalli, Bengaluru",CS,Computer Science & Engineering,GM,20,18,200000,20000,220000,,45073,,87819,86011
COMEDK,2025,E046,"East Point College of Engineering and Technology-Avalahalli, Bengaluru",CS,Computer Science & Engineering,KKR,20,2,200000,20000,220000,,,,,
COMEDK,2025,E046,"East Point College of Engineering and Technology-Avalahalli, Bengaluru",EC,Electronics & Communication Engineering,GM,4,3,200000,20000,220000,75355,44561,,74935,74935
COMEDK,2025,E046,"East Point College of Engineering and Technology-Avalahalli, Bengaluru",EC,Electronics & Communication Engineering,KKR,4,1,200000,20000,220000,,,,,
COMEDK,2025,E046,"East Point College of Engineering and Technology-Avalahalli, Bengaluru",IC,Computer Science & Engineering (IOT & Cyber Including Block Chain Technology),GM,18,16,200000,20000,220000,90819,73479,,110484,
COMEDK,2025,E046,"East Point College of Engineering and Technology-Avalahalli, Bengaluru",IC,Computer Science & Engineering (IOT & Cyber Including Block Chain Technology),KKR,18,2,200000,20000,220000,,,,,
COMEDK,2025,E046,"East Point College of Engineering and Technology-Avalahalli, Bengaluru",IS,Information Science & Engineering,GM,6,5,200000,20000,220000,73270,68312,,108885,
COMEDK,2025,E046,"East Point College of Engineering and Technology-Avalahalli, Bengaluru",IS,Information Science & Engineering,KKR,6,1,200000,20000,220000,,84027,,,
COMEDK,2025,E048,"East West Institute of Technology-BEL Layout, Bengaluru",AD,Artificial Intelligence & Data Science,GM,18,16,200000,12600,212600,,86713,,,
COMEDK,2025,E048,"East West Institute of Technology-BEL Layout, Bengaluru",AD,Artificial Intelligence & Data Science,KKR,18,2,200000,12600,212600,,,,,
COMEDK,2025,E048,"East West Institute of Technology-BEL Layout, Bengaluru",AI,Artificial Intelligence & Machine Learning,GM,18,16,200000,12600,212600,88757,88008,,108498,73053
COMEDK,2025,E048,"East West Institute of Technology-BEL Layout, Bengaluru",AI,Artificial Intelligence & Machine Learning,KKR,18,2,200000,12600,212600,,,,,
COMEDK,2025,E048,"East West Institute of Technology-BEL Layout, Bengaluru",CI,Computer Science & Engineering (Artificial & Machine Learning),GM,18,16,200000,12600,212600,83430,86900,,64384,
COMEDK,2025,E048,"East West Institute of Technology-BEL Layout, Bengaluru",CI,Computer Science & Engineering (Artificial & Machine Learning),KKR,18,2,200000,12600,212600,,,,,
COMEDK,2025,E048,"East West Institute of Technology-BEL Layout, Bengaluru",CS,Computer Science & Engineering,GM,72,66,200000,12600,212600,,94673,,88757,88757
COMEDK,2025,E048,"East West Institute of Technology-BEL Layout, Bengaluru",CS,Computer Science & Engineering,KKR,72,6,200000,12600,212600,,,,,
COMEDK,2025,E048,"East West Institute of Technology-BEL Layout, Bengaluru",CV,Civil Engineering,GM,6,5,125000,2000,127000,96241,110360,,,
COMEDK,2025,E048,"East West Institute of Technology-BEL Layout, Bengaluru",CV,Civil Engineering,KKR,6,1,125000,2000,127000,,,,,
COMEDK,2025,E048,"East West Institute of Technology-BEL Layout, Bengaluru",EC,Electronics & Communication Engineering,GM,6,5,175000,2000,177000,93759,92761,,69091,
COMEDK,2025,E048,"East West Institute of Technology-BEL Layout, Bengaluru",EC,Electronics & Communication Engineering,KKR,6,1,175000,2000,177000,,,,,
COMEDK,2025,E048,"East West Institute of Technology-BEL Layout, Bengaluru",EE,Electrical & Electronics Engineering,GM,6,5,125000,2000,127000,,109696,,108308,
COMEDK,2025,E048,"East West Institute of Technology-BEL Layout, Bengaluru",EE,Electrical & Electronics Engineering,KKR,6,1,125000,2000,127000,,,,,
COMEDK,2025,E048,"East West Institute of Technology-BEL Layout, Bengaluru",IC,Computer Science & Engineering (IOT & Cyber Including Block Chain Technology),GM,9,8,200000,12600,212600,49806,49806,,,
COMEDK,2025,E048,"East West Institute of Technology-BEL Layout, Bengaluru",IC,Computer Science & Engineering (IOT & Cyber Including Block Chain Technology),KKR,9,1,200000,12600,212600,,,,,
COMEDK,2025,E048,"East West Institute of Technology-BEL Layout, Bengaluru",IS,Information Science & Engineering,GM,18,16,175000,12600,187600,110647,105814,,,
COMEDK,2025,E048,"East West Institute of Technology-BEL Layout, Bengaluru",IS,Information Science & Engineering,KKR,18,2,175000,12600,187600,,,,,
COMEDK,2025,E048,"East West Institute of Technology-BEL Layout, Bengaluru",ME,Mechanical Engineering,GM,6,5,125000,2000,127000,,,,104180,
COMEDK,2025,E048,"East West Institute of Technology-BEL Layout, Bengaluru",ME,Mechanical Engineering,KKR,6,1,125000,2000,127000,,,,,
COMEDK,2025,E048,"East West Institute of Technology-BEL Layout, Bengaluru",UE,Electronics & Computer Engineering,GM,18,16,150000,2000,152000,71964,71964,,,
COMEDK,2025,E048,"East West Institute of Technology-BEL Layout, Bengaluru",UE,Electronics & Computer Engineering,KKR,18,2,150000,2000,152000,,,,,
COMEDK,2025,E049,"Garden City University-Old Madras Road, Bengaluru",CN,Computer Science & Technology,GM,18,9,200000,20000,220000,97498,99891,,79136,
COMEDK,2025,E049,"Garden City University-Old Madras Road, Bengaluru",CN,Computer Science & Technology,KKR,18,9,200000,20000,220000,,,,,
COMEDK,2025,E049,"Garden City University-Old Madras Road, Bengaluru",CS,Computer Science & Engineering,GM,18,9,200000,20000,220000,,46466,,106127,63842
COMEDK,2025,E049,"Garden City University-Old Madras Road, Bengaluru",CS,Computer Science & Engineering,KKR,18,9,200000,20000,220000,,,,,
COMEDK,2025,E049,"Garden City University-Old Madras Road, Bengaluru",INT,Information Technology,GM,18,9,200000,20000,220000,80653,109154,,,
COMEDK,2025,E049,"Garden City University-Old Madras Road, Bengaluru",INT,Information Technology,KKR,18,9,200000,20000,220000,,,,,
COMEDK,2025,E049,"Garden City University-Old Madras Road, Bengaluru",IS,Information Science & Engineering,GM,18,9,200000,20000,220000,106433,104027,,,
COMEDK,2025,E049,"Garden City University-Old Madras Road, Bengaluru",IS,Information Science & Engineering,KKR,18,9,200000,20000,220000,,,,,
COMEDK,2025,E049,"Garden City University-Old Madras Road, Bengaluru",ROB,Robotics,GM,18,9,200000,20000,220000,73658,73658,,,
COMEDK,2025,E049,"Garden City University-Old Madras Road, Bengaluru",ROB,Robotics,KKR,18,9,200000,20000,220000,,,,,
COMEDK,2025,E049,"Garden City University-Old Madras Road, Bengaluru",VL,Electronics Engineering (VLSI Design & Technology),GM,18,9,200000,20000,220000,,71865,,,
COMEDK,2025,E049,"Garden City University-Old Madras Road, Bengaluru",VL,Electronics Engineering (VLSI Design & Technology),KKR,18,9,200000,20000,220000,,,,,
COMEDK,2025,E050,"Global Academy of Technology-Rajarajeshwari Nagar, Bengaluru",AD,Artificial Intelligence & Data Science,GM,36,33,200000,20000,220000,,45980,,80207,55758
COMEDK,2025,E050,"Global Academy of Technology-Rajarajeshwari Nagar, Bengaluru",AD,Artificial Intelligence & Data Science,KKR,36,3,200000,20000,220000,,98558,,,
COMEDK,2025,E050,"Global Academy of Technology-Rajarajeshwari Nagar, Bengaluru",AE,Aeronautical Engineering,GM,18,16,200000,20000,220000,,65088,,76592,
COMEDK,2025,E050,"Global Academy of Technology-Rajarajeshwari Nagar, Bengaluru",AE,Aeronautical Engineering,KKR,18,2,200000,20000,220000,,,,,
COMEDK,2025,E050,"Global Academy of Technology-Rajarajeshwari Nagar, Bengaluru",AI,Artificial Intelligence & Machine Learning,GM,18,16,200000,20000,220000,48133,41564,,63167,99801
COMEDK,2025,E050,"Global Academy of Technology-Rajarajeshwari Nagar, Bengaluru",AI,Artificial Intelligence & Machine Learning,KKR,18,2,200000,20000,220000,104865,101671,,,
COMEDK,2025,E050,"Global Academy of Technology-Rajarajeshwari Nagar, Bengaluru",CI,Computer Science & Engineering (Artificial & Machine Learning),GM,36,33,200000,20000,220000,50209,42145,,79288,94669
COMEDK,2025,E050,"Global Academy of Technology-Rajarajeshwari Nagar, Bengaluru",CI,Computer Science & Engineering (Artificial & Machine Learning),KKR,36,3,200000,20000,220000,,100293,,,
COMEDK,2025,E050,"Global Academy of Technology-Rajarajeshwari Nagar, Bengaluru",CS,Computer Science & Engineering,GM,90,82,200000,20000,220000,,39809,,75438,110697
COMEDK,2025,E050,"Global Academy of Technology-Rajarajeshwari Nagar, Bengaluru",CS,Computer Science & Engineering,KKR,90,8,200000,20000,220000,,83120,107333,,
COMEDK,2025,E050,"Global Academy of Technology-Rajarajeshwari Nagar, Bengaluru",CV,Civil Engineering,GM,5,4,200000,20000,220000,104120,82355,,104120,
COMEDK,2025,E050,"Global Academy of Technology-Rajarajeshwari Nagar, Bengaluru",CV,Civil Engineering,KKR,5,1,200000,20000,220000,,,,,
COMEDK,2025,E050,"Global Academy of Technology-Rajarajeshwari Nagar, Bengaluru",EC,Electronics & Communication Engineering,GM,72,66,200000,20000,220000,74893,61454,,111800,74350
COMEDK,2025,E050,"Global Academy of Technology-Rajarajeshwari Nagar, Bengaluru",EC,Electronics & Communication Engineering,KKR,72,6,200000,20000,220000,,,,,
COMEDK,2025,E050,"Global Academy of Technology-Rajarajeshwari Nagar, Bengaluru",EE,Electrical & Electronics Engineering,GM,5,4,200000,20000,220000,,70297,,91719,
COMEDK,2025,E050,"Global Academy of Technology-Rajarajeshwari Nagar, Bengaluru",EE,Electrical & Electronics Engineering,KKR,5,1,200000,20000,220000,,,,,
COMEDK,2025,E050,"Global Academy of Technology-Rajarajeshwari Nagar, Bengaluru",IS,Information Science & Engineering,GM,54,49,200000,20000,220000,63167,53309,,101196,92682
COMEDK,2025,E050,"Global Academy of Technology-Rajarajeshwari Nagar, Bengaluru",IS,Information Science & Engineering,KKR,54,5,200000,20000,220000,,104865,,,
COMEDK,2025,E050,"Global Academy of Technology-Rajarajeshwari Nagar, Bengaluru",ME,Mechanical Engineering,GM,5,4,200000,20000,220000,80915,72009,,94278,
COMEDK,2025,E050,"Global Academy of Technology-Rajarajeshwari Nagar, Bengaluru",ME,Mechanical Engineering,KKR,5,1,200000,20000,220000,,,,,
COMEDK,2025,E051,"GM Institute of Technology-P B Road, Davangere",AI,Artificial Intelligence & Machine Learning,GM,36,33,200000,20000,220000,109969,109678,,,
COMEDK,2025,E051,"GM Institute of Technology-P B Road, Davangere",AI,Artificial Intelligence & Machine Learning,KKR,36,3,200000,20000,220000,,,,,
COMEDK,2025,E051,"GM Institute of Technology-P B Road, Davangere",CS,Computer Science & Engineering,GM,36,33,200000,20000,220000,,106190,,78310,69224
COMEDK,2025,E051,"GM Institute of Technology-P B Road, Davangere",CS,Computer Science & Engineering,KKR,36,3,200000,20000,220000,,,,,
COMEDK,2025,E051,"GM Institute of Technology-P B Road, Davangere",EC,Electronics & Communication Engineering,GM,18,16,200000,20000,220000,,108985,,,
COMEDK,2025,E051,"GM Institute of Technology-P B Road, Davangere",EC,Electronics & Communication Engineering,KKR,18,2,200000,20000,220000,,,,,
COMEDK,2025,E051,"GM Institute of Technology-P B Road, Davangere",ME,Mechanical Engineering,GM,9,8,200000,20000,220000,,,,,
COMEDK,2025,E051,"GM Institute of Technology-P B Road, Davangere",ME,Mechanical Engineering,KKR,9,1,200000,20000,220000,,,,,
COMEDK,2025,E053,"Gopalan College of Engineering And Management-Whitefield, Bengaluru",AE,Aeronautical Engineering,KKR,1,1,200000,20000,220000,,,,,
COMEDK,2025,E053,"Gopalan College of Engineering And Management-Whitefield, Bengaluru",CD,Computer Science & Engineering (Data Science),GM,9,7,200000,20000,220000,,75333,,90783,
COMEDK,2025,E053,"Gopalan College of Engineering And Management-Whitefield, Bengaluru",CD,Computer Science & Engineering (Data Science),KKR,9,2,200000,20000,220000,,,,,
COMEDK,2025,E053,"Gopalan College of Engineering And Management-Whitefield, Bengaluru",CI,Computer Science & Engineering (Artificial & Machine Learning),GM,27,23,200000,20000,220000,104372,73994,,110929,65974
COMEDK,2025,E053,"Gopalan College of Engineering And Management-Whitefield, Bengaluru",CI,Computer Science & Engineering (Artificial & Machine Learning),KKR,27,4,200000,20000,220000,,,,,
COMEDK,2025,E053,"Gopalan College of Engineering And Management-Whitefield, Bengaluru",CS,Computer Science & Engineering,GM,27,21,200000,20000,220000,,63159,,101116,89034
COMEDK,2025,E053,"Gopalan College of Engineering And Management-Whitefield, Bengaluru",CS,Computer Science & Engineering,KKR,27,6,200000,20000,220000,,,,,
COMEDK,2025,E053,"Gopalan College of Engineering And Management-Whitefield, Bengaluru",EC,Electronics & Communication Engineering,GM,1,0,200000,20000,220000,,,,90597,
COMEDK,2025,E053,"Gopalan College of Engineering And Management-Whitefield, Bengaluru",EC,Electronics & Communication Engineering,KKR,1,1,200000,20000,220000,,,,,
COMEDK,2025,E053,"Gopalan College of Engineering And Management-Whitefield, Bengaluru",IS,Information Science & Engineering,GM,9,7,200000,20000,220000,110929,90276,,,
COMEDK,2025,E053,"Gopalan College of Engineering And Management-Whitefield, Bengaluru",IS,Information Science & Engineering,KKR,9,2,200000,20000,220000,,,,,
COMEDK,2025,E055,"GSSS Institute of Engineering and Technology for Women-Metagalli, Mysuru",AD,Artificial Intelligence & Data Science,GM,18,16,179390,20000,199390,,43300,,69950,74720
COMEDK,2025,E055,"GSSS Institute of Engineering and Technology for Women-Metagalli, Mysuru",AD,Artificial Intelligence & Data Science,KKR,18,2,179390,20000,199390,,97455,,,
COMEDK,2025,E055,"GSSS Institute of Engineering and Technology for Women-Metagalli, Mysuru",CI,Computer Science & Engineering (Artificial & Machine Learning),GM,18,16,200000,20000,220000,41931,38481,,52101,56718
COMEDK,2025,E055,"GSSS Institute of Engineering and Technology for Women-Metagalli, Mysuru",CI,Computer Science & Engineering (Artificial & Machine Learning),KKR,18,2,200000,20000,220000,85204,103167,,,
COMEDK,2025,E055,"GSSS Institute of Engineering and Technology for Women-Metagalli, Mysuru",CS,Computer Science & Engineering,GM,36,33,200000,20000,220000,,33802,,48397,54607
COMEDK,2025,E055,"GSSS Institute of Engineering and Technology for Women-Metagalli, Mysuru",CS,Computer Science & Engineering,KKR,36,3,200000,20000,220000,,55450,92793,,
COMEDK,2025,E055,"GSSS Institute of Engineering and Technology for Women-Metagalli, Mysuru",EC,Electronics & Communication Engineering,GM,54,49,179390,20000,199390,72244,64665,,110904,102442
COMEDK,2025,E055,"GSSS Institute of Engineering and Technology for Women-Metagalli, Mysuru",EC,Electronics & Communication Engineering,KKR,54,5,179390,20000,199390,,,,,
COMEDK,2025,E055,"GSSS Institute of Engineering and Technology for Women-Metagalli, Mysuru",IS,Information Science & Engineering,GM,18,16,179390,20000,199390,49264,46110,,71549,88717
COMEDK,2025,E055,"GSSS Institute of Engineering and Technology for Women-Metagalli, Mysuru",IS,Information Science & Engineering,KKR,18,2,179390,20000,199390,,95894,,,
COMEDK,2025,E056,"H.K.E.Societys P.D.A. College of Engineering-Aiwan E Shahi area, Kalaburgi",AI,Artificial Intelligence & Machine Learning,GM,36,10,200000,20000,220000,99650,99650,,,
COMEDK,2025,E056,"H.K.E.Societys P.D.A. College of Engineering-Aiwan E Shahi area, Kalaburgi",AI,Artificial Intelligence & Machine Learning,KKR,36,26,200000,20000,220000,,,91238,,
COMEDK,2025,E056,"H.K.E.Societys P.D.A. College of Engineering-Aiwan E Shahi area, Kalaburgi",CC,Ceramic And Cement Technology,GM,9,2,100000,20000,120000,,,,,
COMEDK,2025,E056,"H.K.E.Societys P.D.A. College of Engineering-Aiwan E Shahi area, Kalaburgi",CC,Ceramic And Cement Technology,KKR,9,7,100000,20000,120000,,,,,
COMEDK,2025,E056,"H.K.E.Societys P.D.A. College of Engineering-Aiwan E Shahi area, Kalaburgi",CG,Computer Science & Design,GM,8,2,200000,20000,220000,,89470,,,
COMEDK,2025,E056,"H.K.E.Societys P.D.A. College of Engineering-Aiwan E Shahi area, Kalaburgi",CG,Computer Science & Design,KKR,8,6,200000,20000,220000,,,,,
COMEDK,2025,E056,"H.K.E.Societys P.D.A. College of Engineering-Aiwan E Shahi area, Kalaburgi",CS,Computer Science & Engineering,GM,72,21,200000,20000,220000,,106601,,,
COMEDK,2025,E056,"H.K.E.Societys P.D.A. College of Engineering-Aiwan E Shahi area, Kalaburgi",CS,Computer Science & Engineering,KKR,72,51,200000,20000,220000,,,67538,,
COMEDK,2025,E056,"H.K.E.Societys P.D.A. College of Engineering-Aiwan E Shahi area, Kalaburgi",CV,Civil Engineering,GM,27,8,100000,20000,120000,,,,,
COMEDK,2025,E056,"H.K.E.Societys P.D.A. College of Engineering-Aiwan E Shahi area, Kalaburgi",CV,Civil Engineering,KKR,27,19,100000,20000,120000,,,,,
COMEDK,2025,E056,"H.K.E.Societys P.D.A. College of Engineering-Aiwan E Shahi area, Kalaburgi",EC,Electronics & Communication Engineering,GM,16,4,200000,20000,220000,,111612,,,
COMEDK,2025,E056,"H.K.E.Societys P.D.A. College of Engineering-Aiwan E Shahi area, Kalaburgi",EC,Electronics & Communication Engineering,KKR,16,12,200000,20000,220000,,,,,
COMEDK,2025,E056,"H.K.E.Societys P.D.A. College of Engineering-Aiwan E Shahi area, Kalaburgi",EE,Electrical & Electronics Engineering,GM,6,1,200000,20000,220000,,,,,
COMEDK,2025,E056,"H.K.E.Societys P.D.A. College of Engineering-Aiwan E Shahi area, Kalaburgi",EE,Electrical & Electronics Engineering,KKR,6,5,200000,20000,220000,,,,,
COMEDK,2025,E056,"H.K.E.Societys P.D.A. College of Engineering-Aiwan E Shahi area, Kalaburgi",EI,Electronics & Instrumentation Engineering,GM,9,2,100000,20000,120000,,,,,
COMEDK,2025,E056,"H.K.E.Societys P.D.A. College of Engineering-Aiwan E Shahi area, Kalaburgi",EI,Electronics & Instrumentation Engineering,KKR,9,7,100000,20000,120000,,,,,
COMEDK,2025,E056,"H.K.E.Societys P.D.A. College of Engineering-Aiwan E Shahi area, Kalaburgi",IP,Industrial & Production Engineering,GM,6,1,100000,20000,120000,,,,,
COMEDK,2025,E056,"H.K.E.Societys P.D.A. College of Engineering-Aiwan E Shahi area, Kalaburgi",IP,Industrial & Production Engineering,KKR,6,5,100000,20000,120000,,,,,
COMEDK,2025,E056,"H.K.E.Societys P.D.A. College of Engineering-Aiwan E Shahi area, Kalaburgi",IS,Information Science & Engineering,GM,18,5,200000,20000,220000,,,,,
COMEDK,2025,E056,"H.K.E.Societys P.D.A. College of Engineering-Aiwan E Shahi area, Kalaburgi",IS,Information Science & Engineering,KKR,18,13,200000,20000,220000,,,,,
COMEDK,2025,E056,"H.K.E.Societys P.D.A. College of Engineering-Aiwan E Shahi area, Kalaburgi",ME,Mechanical Engineering,GM,9,2,100000,20000,120000,,,,,
COMEDK,2025,E056,"H.K.E.Societys P.D.A. College of Engineering-Aiwan E Shahi area, Kalaburgi",ME,Mechanical Engineering,KKR,9,7,100000,20000,120000,,,,,
COMEDK,2025,E058,"Sri Jayachamarajendra College of Engineering constituent college of JSS Science and Technology University-Manasagangothri, Mysuru",CS,Computer Science & Engineering,GM,18,16,281100,20000,301100,,2993,,4752,7156
COMEDK,2025,E058,"Sri Jayachamarajendra College of Engineering constituent college of JSS Science and Technology University-Manasagangothri, Mysuru",CS,Computer Science & Engineering,KKR,18,2,281100,20000,301100,,13042,10939,,
COMEDK,2025,E059,"Jawaharlal Nehru New College of Engineering JNNCE-Swalanga Road, Shivamogga",AI,Artificial Intelligence & Machine Learning,GM,18,16,200000,20000,220000,82096,66865,,101886,92366
COMEDK,2025,E059,"Jawaharlal Nehru New College of Engineering JNNCE-Swalanga Road, Shivamogga",AI,Artificial Intelligence & Machine Learning,KKR,18,2,200000,20000,220000,,,,,
COMEDK,2025,E059,"Jawaharlal Nehru New College of Engineering JNNCE-Swalanga Road, Shivamogga",CD,Computer Science & Engineering (Data Science),GM,18,16,200000,20000,220000,,102725,,104928,
COMEDK,2025,E059,"Jawaharlal Nehru New College of Engineering JNNCE-Swalanga Road, Shivamogga",CD,Computer Science & Engineering (Data Science),KKR,18,2,200000,20000,220000,,,,,
COMEDK,2025,E059,"Jawaharlal Nehru New College of Engineering JNNCE-Swalanga Road, Shivamogga",CS,Computer Science & Engineering,GM,72,66,200000,20000,220000,,77088,,101301,46827
COMEDK,2025,E059,"Jawaharlal Nehru New College of Engineering JNNCE-Swalanga Road, Shivamogga",CS,Computer Science & Engineering,KKR,72,6,200000,20000,220000,,93683,,,
COMEDK,2025,E059,"Jawaharlal Nehru New College of Engineering JNNCE-Swalanga Road, Shivamogga",CV,Civil Engineering,GM,36,33,80000,20000,100000,,,,,103564
COMEDK,2025,E059,"Jawaharlal Nehru New College of Engineering JNNCE-Swalanga Road, Shivamogga",CV,Civil Engineering,KKR,36,3,80000,20000,100000,,,,,
COMEDK,2025,E059,"Jawaharlal Nehru New College of Engineering JNNCE-Swalanga Road, Shivamogga",EC,Electronics & Communication Engineering,GM,36,33,180000,20000,200000,96890,93821,,75336,
COMEDK,2025,E059,"Jawaharlal Nehru New College of Engineering JNNCE-Swalanga Road, Shivamogga",EC,Electronics & Communication Engineering,KKR,36,3,180000,20000,200000,,,,,
COMEDK,2025,E059,"Jawaharlal Nehru New College of Engineering JNNCE-Swalanga Road, Shivamogga",EE,Electrical & Electronics Engineering,GM,18,16,155000,20000,175000,,,,,
COMEDK,2025,E059,"Jawaharlal Nehru New College of Engineering JNNCE-Swalanga Road, Shivamogga",EE,Electrical & Electronics Engineering,KKR,18,2,155000,20000,175000,,,,,
COMEDK,2025,E059,"Jawaharlal Nehru New College of Engineering JNNCE-Swalanga Road, Shivamogga",ET,Electronics & Telecommunication Engineering,GM,18,16,155000,20000,175000,63912,108641,,,
COMEDK,2025,E059,"Jawaharlal Nehru New College of Engineering JNNCE-Swalanga Road, Shivamogga",ET,Electronics & Telecommunication Engineering,KKR,18,2,155000,20000,175000,,,,,
COMEDK,2025,E059,"Jawaharlal Nehru New College of Engineering JNNCE-Swalanga Road, Shivamogga",IS,Information Science & Engineering,GM,54,49,200000,20000,220000,103403,108163,,85433,
COMEDK,2025,E059,"Jawaharlal Nehru New College of Engineering JNNCE-Swalanga Road, Shivamogga",IS,Information Science & Engineering,KKR,54,5,200000,20000,220000,,,,,
COMEDK,2025,E059,"Jawaharlal Nehru New College of Engineering JNNCE-Swalanga Road, Shivamogga",ME,Mechanical Engineering,GM,18,16,80000,20000,100000,82197,82197,,,
COMEDK,2025,E059,"Jawaharlal Nehru New College of Engineering JNNCE-Swalanga Road, Shivamogga",ME,Mechanical Engineering,KKR,18,2,80000,20000,100000,,,,,
COMEDK,2025,E059,"Jawaharlal Nehru New College of Engineering JNNCE-Swalanga Road, Shivamogga",RI,Robotics & Artificial Intelligence,GM,18,16,180000,20000,200000,110685,100557,,100557,
COMEDK,2025,E059,"Jawaharlal Nehru New College of Engineering JNNCE-Swalanga Road, Shivamogga",RI,Robotics & Artificial Intelligence,KKR,18,2,180000,20000,200000,,,,,
COMEDK,2025,E060,"JSS Academy of Technical Education-Kengeri Main Road, Bengaluru",CI,Computer Science & Engineering (Artificial & Machine Learning),GM,36,33,281100,20000,301100,22983,21255,,37474,68949
COMEDK,2025,E060,"JSS Academy of Technical Education-Kengeri Main Road, Bengaluru",CI,Computer Science & Engineering (Artificial & Machine Learning),KKR,36,3,281100,20000,301100,65823,54102,,,
COMEDK,2025,E060,"JSS Academy of Technical Education-Kengeri Main Road, Bengaluru",CS,Computer Science & Engineering,GM,72,66,281100,20000,301100,,19158,,36550,61469
COMEDK,2025,E060,"JSS Academy of Technical Education-Kengeri Main Road, Bengaluru",CS,Computer Science & Engineering,KKR,72,6,281100,20000,301100,,55604,88206,,
COMEDK,2025,E060,"JSS Academy of Technical Education-Kengeri Main Road, Bengaluru",CV,Civil Engineering,GM,18,16,81800,20000,101800,74792,68428,,78471,
COMEDK,2025,E060,"JSS Academy of Technical Education-Kengeri Main Road, Bengaluru",CV,Civil Engineering,KKR,18,2,81800,20000,101800,,,,,
COMEDK,2025,E060,"JSS Academy of Technical Education-Kengeri Main Road, Bengaluru",EC,Electronics & Communication Engineering,GM,54,49,281100,20000,301100,32405,29281,,56738,110026
COMEDK,2025,E060,"JSS Academy of Technical Education-Kengeri Main Road, Bengaluru",EC,Electronics & Communication Engineering,KKR,54,5,281100,20000,301100,102464,84288,,,
COMEDK,2025,E060,"JSS Academy of Technical Education-Kengeri Main Road, Bengaluru",EI,Electronics & Instrumentation Engineering,GM,18,16,154365,20000,174365,,40111,,82291,
COMEDK,2025,E060,"JSS Academy of Technical Education-Kengeri Main Road, Bengaluru",EI,Electronics & Instrumentation Engineering,KKR,18,2,154365,20000,174365,,,,,
COMEDK,2025,E060,"JSS Academy of Technical Education-Kengeri Main Road, Bengaluru",IS,Information Science & Engineering,GM,54,49,281100,20000,301100,29271,25118,,44529,107604
COMEDK,2025,E060,"JSS Academy of Technical Education-Kengeri Main Road, Bengaluru",IS,Information Science & Engineering,KKR,54,5,281100,20000,301100,83801,69259,,,
COMEDK,2025,E060,"JSS Academy of Technical Education-Kengeri Main Road, Bengaluru",ME,Mechanical Engineering,GM,18,16,81800,20000,101800,57301,49588,,97000,
COMEDK,2025,E060,"JSS Academy of Technical Education-Kengeri Main Road, Bengaluru",ME,Mechanical Engineering,KKR,18,2,81800,20000,101800,,,,,
COMEDK,2025,E060,"JSS Academy of Technical Education-Kengeri Main Road, Bengaluru",RA,Robotics & Automation,GM,9,8,281100,20000,301100,31145,27355,,51021,100246
COMEDK,2025,E060,"JSS Academy of Technical Education-Kengeri Main Road, Bengaluru",RA,Robotics & Automation,KKR,9,1,281100,20000,301100,94171,101252,,,
COMEDK,2025,E061,JSS Science and Technology University-Mysuru,BT,Biotechnology,GM,21,19,281100,20000,301100,48669,49649,,98365,109696
COMEDK,2025,E061,JSS Science and Technology University-Mysuru,BT,Biotechnology,KKR,21,2,281100,20000,301100,93008,81543,,,
COMEDK,2025,E061,JSS Science and Technology University-Mysuru,CB,Computer Science & Business Systems,GM,22,20,281100,20000,301100,13565,11883,,18824,26967
COMEDK,2025,E061,JSS Science and Technology University-Mysuru,CB,Computer Science & Business Systems,KKR,22,2,281100,20000,301100,31762,28978,30660,,
COMEDK,2025,E061,JSS Science and Technology University-Mysuru,CI,Computer Science & Engineering (Artificial & Machine Learning),GM,16,14,281100,20000,301100,10684,9653,,13641,16101
COMEDK,2025,E061,JSS Science and Technology University-Mysuru,CI,Computer Science & Engineering (Artificial & Machine Learning),KKR,16,2,281100,20000,301100,21554,23162,,,
COMEDK,2025,E061,JSS Science and Technology University-Mysuru,CS,Computer Science & Engineering,GM,98,90,281100,20000,301100,,9069,,12996,15742
COMEDK,2025,E061,JSS Science and Technology University-Mysuru,CS,Computer Science & Engineering,KKR,98,8,281100,20000,301100,,22916,21598,,
COMEDK,2025,E061,JSS Science and Technology University-Mysuru,CV,Civil Engineering,GM,18,16,281100,20000,301100,55967,50951,,109696,81346
COMEDK,2025,E061,JSS Science and Technology University-Mysuru,CV,Civil Engineering,KKR,18,2,281100,20000,301100,,84969,,,
COMEDK,2025,E061,JSS Science and Technology University-Mysuru,IS,Information Science & Engineering,GM,48,44,281100,20000,301100,14383,13157,,19312,26486
COMEDK,2025,E061,JSS Science and Technology University-Mysuru,IS,Information Science & Engineering,KKR,48,4,281100,20000,301100,31564,28618,,,
COMEDK,2025,E061,JSS Science and Technology University-Mysuru,ME,Mechanical Engineering,GM,18,16,281100,20000,301100,34332,32021,,56635,93758
COMEDK,2025,E061,JSS Science and Technology University-Mysuru,ME,Mechanical Engineering,KKR,18,2,281100,20000,301100,,,,,
COMEDK,2025,E062,"Jain College of Engineering-T.S Nagar, Belagavi",CI,Computer Science & Engineering (Artificial & Machine Learning),GM,18,16,200000,20000,220000,43519,38263,,96545,73621
COMEDK,2025,E062,"Jain College of Engineering-T.S Nagar, Belagavi",CI,Computer Science & Engineering (Artificial & Machine Learning),KKR,18,2,200000,20000,220000,,,,,
COMEDK,2025,E062,"Jain College of Engineering-T.S Nagar, Belagavi",CS,Computer Science & Engineering,GM,54,49,200000,20000,220000,,60568,,110288,
COMEDK,2025,E062,"Jain College of Engineering-T.S Nagar, Belagavi",CS,Computer Science & Engineering,KKR,54,5,200000,20000,220000,,,,,
COMEDK,2025,E062,"Jain College of Engineering-T.S Nagar, Belagavi",CV,Civil Engineering,GM,18,16,200000,20000,220000,,,,,
COMEDK,2025,E062,"Jain College of Engineering-T.S Nagar, Belagavi",CV,Civil Engineering,KKR,18,2,200000,20000,220000,,,,,
COMEDK,2025,E062,"Jain College of Engineering-T.S Nagar, Belagavi",EC,Electronics & Communication Engineering,GM,54,49,200000,20000,220000,110628,110628,,79925,
COMEDK,2025,E062,"Jain College of Engineering-T.S Nagar, Belagavi",EC,Electronics & Communication Engineering,KKR,54,5,200000,20000,220000,,,,,
COMEDK,2025,E062,"Jain College of Engineering-T.S Nagar, Belagavi",EE,Electrical & Electronics Engineering,GM,18,16,200000,20000,220000,,62525,,,
COMEDK,2025,E062,"Jain College of Engineering-T.S Nagar, Belagavi",EE,Electrical & Electronics Engineering,KKR,18,2,200000,20000,220000,,,,,
COMEDK,2025,E062,"Jain College of Engineering-T.S Nagar, Belagavi",ME,Mechanical Engineering,GM,18,16,200000,20000,220000,74817,74817,,,
COMEDK,2025,E062,"Jain College of Engineering-T.S Nagar, Belagavi",ME,Mechanical Engineering,KKR,18,2,200000,20000,220000,,,,,
COMEDK,2025,E063,"Jnana Vikas Institute of Technology-Bidadi, Ramnagar Taluk, Bengaluru Rural",CS,Computer Science & Engineering,GM,27,24,200000,19800,219800,,83664,,,
COMEDK,2025,E063,"Jnana Vikas Institute of Technology-Bidadi, Ramnagar Taluk, Bengaluru Rural",CS,Computer Science & Engineering,KKR,27,3,200000,19800,219800,,,,,
COMEDK,2025,E063,"Jnana Vikas Institute of Technology-Bidadi, Ramnagar Taluk, Bengaluru Rural",CV,Civil Engineering,GM,9,8,80000,19800,99800,,,,,
COMEDK,2025,E063,"Jnana Vikas Institute of Technology-Bidadi, Ramnagar Taluk, Bengaluru Rural",CV,Civil Engineering,KKR,9,1,80000,19800,99800,,,,,
COMEDK,2025,E063,"Jnana Vikas Institute of Technology-Bidadi, Ramnagar Taluk, Bengaluru Rural",EC,Electronics & Communication Engineering,GM,18,16,200000,19800,219800,,,,,
COMEDK,2025,E063,"Jnana Vikas Institute of Technology-Bidadi, Ramnagar Taluk, Bengaluru Rural",EC,Electronics & Communication Engineering,KKR,18,2,200000,19800,219800,,,,,
COMEDK,2025,E063,"Jnana Vikas Institute of Technology-Bidadi, Ramnagar Taluk, Bengaluru Rural",IS,Information Science & Engineering,GM,18,16,200000,19800,219800,,,,,
COMEDK,2025,E063,"Jnana Vikas Institute of Technology-Bidadi, Ramnagar Taluk, Bengaluru Rural",IS,Information Science & Engineering,KKR,18,2,200000,19800,219800,,,,,
COMEDK,2025,E063,"Jnana Vikas Institute of Technology-Bidadi, Ramnagar Taluk, Bengaluru Rural",ME,Mechanical Engineering,GM,9,8,80000,19800,99800,,,,,
COMEDK,2025,E063,"Jnana Vikas Institute of Technology-Bidadi, Ramnagar Taluk, Bengaluru Rural",ME,Mechanical Engineering,KKR,9,1,80000,19800,99800,,,,,
COMEDK,2025,E064,"Jain College of Engineering and Research-Udyambag, Belagavi",CI,Computer Science & Engineering (Artificial & Machine Learning),GM,18,16,200000,20000,220000,76523,66623,,110588,
COMEDK,2025,E064,"Jain College of Engineering and Research-Udyambag, Belagavi",CI,Computer Science & Engineering (Artificial & Machine Learning),KKR,18,2,200000,20000,220000,,,,,
COMEDK,2025,E064,"Jain College of Engineering and Research-Udyambag, Belagavi",CS,Computer Science & Engineering,GM,36,33,200000,20000,220000,,84994,,110996,
COMEDK,2025,E064,"Jain College of Engineering and Research-Udyambag, Belagavi",CS,Computer Science & Engineering,KKR,36,3,200000,20000,220000,,,,,
COMEDK,2025,E064,"Jain College of Engineering and Research-Udyambag, Belagavi",CV,Civil Engineering,GM,9,8,200000,20000,220000,64792,64792,,,
COMEDK,2025,E064,"Jain College of Engineering and Research-Udyambag, Belagavi",CV,Civil Engineering,KKR,9,1,200000,20000,220000,,,,,
COMEDK,2025,E064,"Jain College of Engineering and Research-Udyambag, Belagavi",EC,Electronics & Communication Engineering,GM,27,24,200000,20000,220000,109976,107672,,77514,
COMEDK,2025,E064,"Jain College of Engineering and Research-Udyambag, Belagavi",EC,Electronics & Communication Engineering,KKR,27,3,200000,20000,220000,,,,,
COMEDK,2025,E064,"Jain College of Engineering and Research-Udyambag, Belagavi",ME,Mechanical Engineering,GM,18,16,200000,20000,220000,104194,109403,,,
COMEDK,2025,E064,"Jain College of Engineering and Research-Udyambag, Belagavi",ME,Mechanical Engineering,KKR,18,2,200000,20000,220000,,,,,
COMEDK,2025,E065,"KLE Technological University Formerly called as KLE Dr. M.S. Sheshgiri College of Engineering and Technology-Udyambag, Belagavi",BM,Bio-Medical Engineering,GM,4,3,281100,20000,301100,108876,97989,,,
COMEDK,2025,E065,"KLE Technological University Formerly called as KLE Dr. M.S. Sheshgiri College of Engineering and Technology-Udyambag, Belagavi",BM,Bio-Medical Engineering,KKR,4,1,281100,20000,301100,,,,,
COMEDK,2025,E065,"KLE Technological University Formerly called as KLE Dr. M.S. Sheshgiri College of Engineering and Technology-Udyambag, Belagavi",CA,Computer Science & Engineering (Artificial,GM,18,16,281100,20000,301100,47562,42189,,69481,101670
COMEDK,2025,E065,"KLE Technological University Formerly called as KLE Dr. M.S. Sheshgiri College of Engineering and Technology-Udyambag, Belagavi",CA,Computer Science & Engineering (Artificial,KKR,18,2,281100,20000,301100,,,,,
COMEDK,2025,E065,"KLE Technological University Formerly called as KLE Dr. M.S. Sheshgiri College of Engineering and Technology-Udyambag, Belagavi",CH,Chemical Engineering,GM,8,7,281100,20000,301100,77219,69934,,94423,67577
COMEDK,2025,E065,"KLE Technological University Formerly called as KLE Dr. M.S. Sheshgiri College of Engineering and Technology-Udyambag, Belagavi",CH,Chemical Engineering,KKR,8,1,281100,20000,301100,84413,84413,,,
COMEDK,2025,E065,"KLE Technological University Formerly called as KLE Dr. M.S. Sheshgiri College of Engineering and Technology-Udyambag, Belagavi",CS,Computer Science & Engineering,GM,54,49,281100,20000,301100,,41970,,79727,99417
COMEDK,2025,E065,"KLE Technological University Formerly called as KLE Dr. M.S. Sheshgiri College of Engineering and Technology-Udyambag, Belagavi",CS,Computer Science & Engineering,KKR,54,5,281100,20000,301100,,,,,
COMEDK,2025,E065,"KLE Technological University Formerly called as KLE Dr. M.S. Sheshgiri College of Engineering and Technology-Udyambag, Belagavi",EC,Electronics & Communication Engineering,GM,36,33,281100,20000,301100,62025,58389,,94385,109669
COMEDK,2025,E065,"KLE Technological University Formerly called as KLE Dr. M.S. Sheshgiri College of Engineering and Technology-Udyambag, Belagavi",EC,Electronics & Communication Engineering,KKR,36,3,281100,20000,301100,,,,,
COMEDK,2025,E065,"KLE Technological University Formerly called as KLE Dr. M.S. Sheshgiri College of Engineering and Technology-Udyambag, Belagavi",EE,Electrical & Electronics Engineering,GM,7,6,281100,20000,301100,,78795,,94755,
COMEDK,2025,E065,"KLE Technological University Formerly called as KLE Dr. M.S. Sheshgiri College of Engineering and Technology-Udyambag, Belagavi",EE,Electrical & Electronics Engineering,KKR,7,1,281100,20000,301100,,,,,
COMEDK,2025,E065,"KLE Technological University Formerly called as KLE Dr. M.S. Sheshgiri College of Engineering and Technology-Udyambag, Belagavi",ME,Mechanical Engineering,GM,18,16,281100,20000,301100,90911,108876,,,
COMEDK,2025,E065,"KLE Technological University Formerly called as KLE Dr. M.S. Sheshgiri College of Engineering and Technology-Udyambag, Belagavi",ME,Mechanical Engineering,KKR,18,2,281100,20000,301100,,,,,
COMEDK,2025,E066,"KLE College of Engineering and Technology-Chikodi Dist., Belagavi",AD,Artificial Intelligence & Data Science,GM,18,16,195000,20000,215000,,75025,,105457,
COMEDK,2025,E066,"KLE College of Engineering and Technology-Chikodi Dist., Belagavi",AD,Artificial Intelligence & Data Science,KKR,18,2,195000,20000,215000,,,,,
COMEDK,2025,E066,"KLE College of Engineering and Technology-Chikodi Dist., Belagavi",CS,Computer Science & Engineering,GM,36,33,195000,20000,215000,,66559,,109981,
COMEDK,2025,E066,"KLE College of Engineering and Technology-Chikodi Dist., Belagavi",CS,Computer Science & Engineering,KKR,36,3,195000,20000,215000,,,,,
COMEDK,2025,E066,"KLE College of Engineering and Technology-Chikodi Dist., Belagavi",CV,Civil Engineering,GM,18,16,195000,20000,215000,,99020,,,
COMEDK,2025,E066,"KLE College of Engineering and Technology-Chikodi Dist., Belagavi",CV,Civil Engineering,KKR,18,2,195000,20000,215000,,,,,
COMEDK,2025,E066,"KLE College of Engineering and Technology-Chikodi Dist., Belagavi",EC,Electronics & Communication Engineering,GM,18,16,195000,20000,215000,104133,89747,,96361,
COMEDK,2025,E066,"KLE College of Engineering and Technology-Chikodi Dist., Belagavi",EC,Electronics & Communication Engineering,KKR,18,2,195000,20000,215000,,,,,
COMEDK,2025,E066,"KLE College of Engineering and Technology-Chikodi Dist., Belagavi",ME,Mechanical Engineering,GM,18,16,195000,20000,215000,,110828,,,
COMEDK,2025,E066,"KLE College of Engineering and Technology-Chikodi Dist., Belagavi",ME,Mechanical Engineering,KKR,18,2,195000,20000,215000,,,,,
COMEDK,2025,E067,"K.S School of Engineering And Management-Off Kanakapura Road, Bengaluru",AD,Artificial Intelligence & Data Science,GM,36,33,200000,20000,220000,,102001,,,
COMEDK,2025,E067,"K.S School of Engineering And Management-Off Kanakapura Road, Bengaluru",AD,Artificial Intelligence & Data Science,KKR,36,3,200000,20000,220000,,,,,
COMEDK,2025,E067,"K.S School of Engineering And Management-Off Kanakapura Road, Bengaluru",CB,Computer Science & Business Systems,GM,18,16,200000,20000,220000,95890,106956,,,
COMEDK,2025,E067,"K.S School of Engineering And Management-Off Kanakapura Road, Bengaluru",CB,Computer Science & Business Systems,KKR,18,2,200000,20000,220000,,,,,
COMEDK,2025,E067,"K.S School of Engineering And Management-Off Kanakapura Road, Bengaluru",CS,Computer Science & Engineering,GM,36,33,200000,20000,220000,,109945,,101569,
COMEDK,2025,E067,"K.S School of Engineering And Management-Off Kanakapura Road, Bengaluru",CS,Computer Science & Engineering,KKR,36,3,200000,20000,220000,,,,,
COMEDK,2025,E067,"K.S School of Engineering And Management-Off Kanakapura Road, Bengaluru",CV,Civil Engineering,GM,18,16,91000,20000,111000,,,,,
COMEDK,2025,E067,"K.S School of Engineering And Management-Off Kanakapura Road, Bengaluru",CV,Civil Engineering,KKR,18,2,91000,20000,111000,,,,,
COMEDK,2025,E067,"K.S School of Engineering And Management-Off Kanakapura Road, Bengaluru",EC,Electronics & Communication Engineering,GM,36,33,200000,20000,220000,,95291,,,
COMEDK,2025,E067,"K.S School of Engineering And Management-Off Kanakapura Road, Bengaluru",EC,Electronics & Communication Engineering,KKR,36,3,200000,20000,220000,,,,,
COMEDK,2025,E067,"K.S School of Engineering And Management-Off Kanakapura Road, Bengaluru",ME,Mechanical Engineering,GM,18,16,91000,20000,111000,,,,,
COMEDK,2025,E067,"K.S School of Engineering And Management-Off Kanakapura Road, Bengaluru",ME,Mechanical Engineering,KKR,18,2,91000,20000,111000,,,,,
COMEDK,2025,E068,"K.S. Institute of Technology-Kanakapura Main Road, Bengaluru",AI,Artificial Intelligence & Machine Learning,GM,36,33,200000,20000,220000,82433,69505,,102605,102605
COMEDK,2025,E068,"K.S. Institute of Technology-Kanakapura Main Road, Bengaluru",AI,Artificial Intelligence & Machine Learning,KKR,36,3,200000,20000,220000,,78846,,,
COMEDK,2025,E068,"K.S. Institute of Technology-Kanakapura Main Road, Bengaluru",CG,Computer Science & Design,GM,18,16,200000,20000,220000,110510,110282,,,
COMEDK,2025,E068,"K.S. Institute of Technology-Kanakapura Main Road, Bengaluru",CG,Computer Science & Design,KKR,18,2,200000,20000,220000,,,,,
COMEDK,2025,E068,"K.S. Institute of Technology-Kanakapura Main Road, Bengaluru",CM,Computer & Communication Engineering,GM,18,16,200000,20000,220000,102147,110510,,,
COMEDK,2025,E068,"K.S. Institute of Technology-Kanakapura Main Road, Bengaluru",CM,Computer & Communication Engineering,KKR,18,2,200000,20000,220000,,,,,
COMEDK,2025,E068,"K.S. Institute of Technology-Kanakapura Main Road, Bengaluru",CS,Computer Science & Engineering,GM,54,49,200000,20000,220000,,59243,,106608,82138
COMEDK,2025,E068,"K.S. Institute of Technology-Kanakapura Main Road, Bengaluru",CS,Computer Science & Engineering,KKR,54,5,200000,20000,220000,,94404,,,
COMEDK,2025,E068,"K.S. Institute of Technology-Kanakapura Main Road, Bengaluru",EC,Electronics & Communication Engineering,GM,36,33,200000,20000,220000,111393,111393,,66339,62181
COMEDK,2025,E068,"K.S. Institute of Technology-Kanakapura Main Road, Bengaluru",EC,Electronics & Communication Engineering,KKR,36,3,200000,20000,220000,,,,,
COMEDK,2025,E068,"K.S. Institute of Technology-Kanakapura Main Road, Bengaluru",IC,Computer Science & Engineering (IOT & Cyber Including Block Chain Technology),GM,18,16,200000,20000,220000,102605,79126,,78493,
COMEDK,2025,E068,"K.S. Institute of Technology-Kanakapura Main Road, Bengaluru",IC,Computer Science & Engineering (IOT & Cyber Including Block Chain Technology),KKR,18,2,200000,20000,220000,,,,,
COMEDK,2025,E068,"K.S. Institute of Technology-Kanakapura Main Road, Bengaluru",ME,Mechanical Engineering,GM,18,16,110000,20000,130000,54108,87427,,,
COMEDK,2025,E068,"K.S. Institute of Technology-Kanakapura Main Road, Bengaluru",ME,Mechanical Engineering,KKR,18,2,110000,20000,130000,,,,,
COMEDK,2025,E069,"KVG College Of Engineering-Sullia, Dakshina Kannada",CI,Computer Science & Engineering (Artificial & Machine Learning),GM,36,26,132000,20000,152000,83852,107509,,,
COMEDK,2025,E069,"KVG College Of Engineering-Sullia, Dakshina Kannada",CI,Computer Science & Engineering (Artificial & Machine Learning),KKR,36,10,132000,20000,152000,,,,,
COMEDK,2025,E069,"KVG College Of Engineering-Sullia, Dakshina Kannada",CS,Computer Science & Engineering,GM,54,40,132000,20000,152000,,,,,
COMEDK,2025,E069,"KVG College Of Engineering-Sullia, Dakshina Kannada",CS,Computer Science & Engineering,KKR,54,14,132000,20000,152000,,,,,
COMEDK,2025,E069,"KVG College Of Engineering-Sullia, Dakshina Kannada",CV,Civil Engineering,GM,9,7,57000,20000,77000,,,,,
COMEDK,2025,E069,"KVG College Of Engineering-Sullia, Dakshina Kannada",CV,Civil Engineering,KKR,9,2,57000,20000,77000,,,,,
COMEDK,2025,E069,"KVG College Of Engineering-Sullia, Dakshina Kannada",EC,Electronics & Communication Engineering,GM,18,13,107000,20000,127000,,74732,,,
COMEDK,2025,E069,"KVG College Of Engineering-Sullia, Dakshina Kannada",EC,Electronics & Communication Engineering,KKR,18,5,107000,20000,127000,,,,,
COMEDK,2025,E070,"Kalpataru Institute of Technology-B H Road, Tiptur",AI,Artificial Intelligence & Machine Learning,GM,18,16,200000,20000,220000,,103283,,,
COMEDK,2025,E070,"Kalpataru Institute of Technology-B H Road, Tiptur",AI,Artificial Intelligence & Machine Learning,KKR,18,2,200000,20000,220000,,,,,
COMEDK,2025,E070,"Kalpataru Institute of Technology-B H Road, Tiptur",CS,Computer Science & Engineering,GM,54,49,200000,20000,220000,,66223,,,
COMEDK,2025,E070,"Kalpataru Institute of Technology-B H Road, Tiptur",CS,Computer Science & Engineering,KKR,54,5,200000,20000,220000,,,,,
COMEDK,2025,E070,"Kalpataru Institute of Technology-B H Road, Tiptur",CV,Civil Engineering,GM,18,16,100000,20000,120000,,,,,
COMEDK,2025,E070,"Kalpataru Institute of Technology-B H Road, Tiptur",CV,Civil Engineering,KKR,18,2,100000,20000,120000,,,,,
COMEDK,2025,E070,"Kalpataru Institute of Technology-B H Road, Tiptur",EC,Electronics & Communication Engineering,GM,36,33,200000,20000,220000,,,,,
COMEDK,2025,E070,"Kalpataru Institute of Technology-B H Road, Tiptur",EC,Electronics & Communication Engineering,KKR,36,3,200000,20000,220000,,,,,
COMEDK,2025,E070,"Kalpataru Institute of Technology-B H Road, Tiptur",IS,Information Science & Engineering,GM,18,16,200000,20000,220000,,,,,
COMEDK,2025,E070,"Kalpataru Institute of Technology-B H Road, Tiptur",IS,Information Science & Engineering,KKR,18,2,200000,20000,220000,,,,,
COMEDK,2025,E070,"Kalpataru Institute of Technology-B H Road, Tiptur",ME,Mechanical Engineering,GM,18,16,100000,20000,120000,,,,,
COMEDK,2025,E070,"Kalpataru Institute of Technology-B H Road, Tiptur",ME,Mechanical Engineering,KKR,18,2,100000,20000,120000,,,,,
COMEDK,2025,E071,"Karavali Institute of Technology-Kottara, Mangaluru",AE,Aeronautical Engineering,GM,18,16,125000,20000,145000,,111746,,,
COMEDK,2025,E071,"Karavali Institute of Technology-Kottara, Mangaluru",AE,Aeronautical Engineering,KKR,18,2,125000,20000,145000,,,,,
COMEDK,2025,E071,"Karavali Institute of Technology-Kottara, Mangaluru",AI,Artificial Intelligence & Machine Learning,GM,18,16,160000,20000,180000,,,,,
COMEDK,2025,E071,"Karavali Institute of Technology-Kottara, Mangaluru",AI,Artificial Intelligence & Machine Learning,KKR,18,2,160000,20000,180000,,,,,
COMEDK,2025,E071,"Karavali Institute of Technology-Kottara, Mangaluru",CD,Computer Science & Engineering (Data Science),GM,18,16,160000,20000,180000,,111679,,,
COMEDK,2025,E071,"Karavali Institute of Technology-Kottara, Mangaluru",CD,Computer Science & Engineering (Data Science),KKR,18,2,160000,20000,180000,,,,,
COMEDK,2025,E071,"Karavali Institute of Technology-Kottara, Mangaluru",CS,Computer Science & Engineering,GM,36,32,160000,20000,180000,,50078,,,
COMEDK,2025,E071,"Karavali Institute of Technology-Kottara, Mangaluru",CS,Computer Science & Engineering,KKR,36,4,160000,20000,180000,,,,,
COMEDK,2025,E071,"Karavali Institute of Technology-Kottara, Mangaluru",EC,Electronics & Communication Engineering,GM,9,8,120000,20000,140000,,,,,
COMEDK,2025,E071,"Karavali Institute of Technology-Kottara, Mangaluru",EC,Electronics & Communication Engineering,KKR,9,1,120000,20000,140000,,,,,
COMEDK,2025,E071,"Karavali Institute of Technology-Kottara, Mangaluru",ME,Mechanical Engineering,GM,9,8,110000,20000,130000,,,,,
COMEDK,2025,E071,"Karavali Institute of Technology-Kottara, Mangaluru",ME,Mechanical Engineering,KKR,9,1,110000,20000,130000,,,,,
COMEDK,2025,E073,"KLS Gogte Institute of Technology-Udyambag, Belagavi",AE,Aeronautical Engineering,GM,8,7,169390,20000,189390,,51940,,107667,101565
COMEDK,2025,E073,"KLS Gogte Institute of Technology-Udyambag, Belagavi",AE,Aeronautical Engineering,KKR,8,1,169390,20000,189390,,,,,
COMEDK,2025,E073,"KLS Gogte Institute of Technology-Udyambag, Belagavi",BDC,Bachelor of Design (Communication & Design),GM,9,8,169390,20000,189390,96497,96497,,,
COMEDK,2025,E073,"KLS Gogte Institute of Technology-Udyambag, Belagavi",BDC,Bachelor of Design (Communication & Design),KKR,9,1,169390,20000,189390,,,,,
COMEDK,2025,E073,"KLS Gogte Institute of Technology-Udyambag, Belagavi",BFD,Bachelor of Design (Fashion Design),GM,9,8,169390,20000,189390,,58226,,,
COMEDK,2025,E073,"KLS Gogte Institute of Technology-Udyambag, Belagavi",BFD,Bachelor of Design (Fashion Design),KKR,9,1,169390,20000,189390,,,,,
COMEDK,2025,E073,"KLS Gogte Institute of Technology-Udyambag, Belagavi",BID,Bachelor of Design (Industrial Design),GM,9,8,169390,20000,189390,,,,,
COMEDK,2025,E073,"KLS Gogte Institute of Technology-Udyambag, Belagavi",BID,Bachelor of Design (Industrial Design),KKR,9,1,169390,20000,189390,,,,,
COMEDK,2025,E073,"KLS Gogte Institute of Technology-Udyambag, Belagavi",BLD,Bachelor of Design (Lifestyle & Accessory Design),GM,9,8,169390,20000,189390,,,,,
COMEDK,2025,E073,"KLS Gogte Institute of Technology-Udyambag, Belagavi",BLD,Bachelor of Design (Lifestyle & Accessory Design),KKR,9,1,169390,20000,189390,,,,,
COMEDK,2025,E073,"KLS Gogte Institute of Technology-Udyambag, Belagavi",CI,Computer Science & Engineering (Artificial & Machine Learning),GM,18,16,281100,20000,301100,38321,34553,,41876,43970
COMEDK,2025,E073,"KLS Gogte Institute of Technology-Udyambag, Belagavi",CI,Computer Science & Engineering (Artificial & Machine Learning),KKR,18,2,281100,20000,301100,68804,59190,,,
COMEDK,2025,E073,"KLS Gogte Institute of Technology-Udyambag, Belagavi",CS,Computer Science & Engineering,GM,90,82,281100,20000,301100,,37070,,53966,65197
COMEDK,2025,E073,"KLS Gogte Institute of Technology-Udyambag, Belagavi",CS,Computer Science & Engineering,KKR,90,8,281100,20000,301100,,70948,86446,,
COMEDK,2025,E073,"KLS Gogte Institute of Technology-Udyambag, Belagavi",CV,Civil Engineering,GM,6,5,119390,20000,139390,110996,90015,,7406,7406
COMEDK,2025,E073,"KLS Gogte Institute of Technology-Udyambag, Belagavi",CV,Civil Engineering,KKR,6,1,119390,20000,139390,,,,,
COMEDK,2025,E073,"KLS Gogte Institute of Technology-Udyambag, Belagavi",EC,Electronics & Communication Engineering,GM,54,49,281100,20000,301100,53410,47086,,68273,79437
COMEDK,2025,E073,"KLS Gogte Institute of Technology-Udyambag, Belagavi",EC,Electronics & Communication Engineering,KKR,54,5,281100,20000,301100,91837,80116,77607,,
COMEDK,2025,E073,"KLS Gogte Institute of Technology-Udyambag, Belagavi",EE,Electrical & Electronics Engineering,GM,8,7,169390,20000,189390,,62087,,92019,
COMEDK,2025,E073,"KLS Gogte Institute of Technology-Udyambag, Belagavi",EE,Electrical & Electronics Engineering,KKR,8,1,169390,20000,189390,,,,,
COMEDK,2025,E073,"KLS Gogte Institute of Technology-Udyambag, Belagavi",ME,Mechanical Engineering,GM,11,10,169390,20000,189390,77705,75126,,88764,
COMEDK,2025,E073,"KLS Gogte Institute of Technology-Udyambag, Belagavi",ME,Mechanical Engineering,KKR,11,1,169390,20000,189390,,,,,
COMEDK,2025,E074,"KLS Vishwanathrao Deshpande Institute of Technology-Dandeli Road, Haliyal",CA,Computer Science & Engineering (Artificial,GM,18,16,200000,20000,220000,111074,105347,,111074,
COMEDK,2025,E074,"KLS Vishwanathrao Deshpande Institute of Technology-Dandeli Road, Haliyal",CA,Computer Science & Engineering (Artificial,KKR,18,2,200000,20000,220000,,,,,
COMEDK,2025,E074,"KLS Vishwanathrao Deshpande Institute of Technology-Dandeli Road, Haliyal",CS,Computer Science & Engineering,GM,36,33,200000,20000,220000,,110111,,110111,110111
COMEDK,2025,E074,"KLS Vishwanathrao Deshpande Institute of Technology-Dandeli Road, Haliyal",CS,Computer Science & Engineering,KKR,36,3,200000,20000,220000,,,,,
COMEDK,2025,E074,"KLS Vishwanathrao Deshpande Institute of Technology-Dandeli Road, Haliyal",CV,Civil Engineering,GM,9,8,200000,20000,220000,,,,,
COMEDK,2025,E074,"KLS Vishwanathrao Deshpande Institute of Technology-Dandeli Road, Haliyal",CV,Civil Engineering,KKR,9,1,200000,20000,220000,,,,,
COMEDK,2025,E074,"KLS Vishwanathrao Deshpande Institute of Technology-Dandeli Road, Haliyal",EC,Electronics & Communication Engineering,GM,36,33,200000,20000,220000,94920,109025,,108632,108632
COMEDK,2025,E074,"KLS Vishwanathrao Deshpande Institute of Technology-Dandeli Road, Haliyal",EC,Electronics & Communication Engineering,KKR,36,3,200000,20000,220000,,,,,
COMEDK,2025,E074,"KLS Vishwanathrao Deshpande Institute of Technology-Dandeli Road, Haliyal",EE,Electrical & Electronics Engineering,GM,18,16,200000,20000,220000,,93737,,,
COMEDK,2025,E074,"KLS Vishwanathrao Deshpande Institute of Technology-Dandeli Road, Haliyal",EE,Electrical & Electronics Engineering,KKR,18,2,200000,20000,220000,,,,,
COMEDK,2025,E074,"KLS Vishwanathrao Deshpande Institute of Technology-Dandeli Road, Haliyal",ME,Mechanical Engineering,GM,18,16,200000,20000,220000,,,,,
COMEDK,2025,E074,"KLS Vishwanathrao Deshpande Institute of Technology-Dandeli Road, Haliyal",ME,Mechanical Engineering,KKR,18,2,200000,20000,220000,,,,,
COMEDK,2025,E075,"KNS Institute of Technology-Yelahanka, Bengaluru",AD,Artificial Intelligence & Data Science,GM,18,16,200000,20000,220000,,96455,,,
COMEDK,2025,E075,"KNS Institute of Technology-Yelahanka, Bengaluru",AD,Artificial Intelligence & Data Science,KKR,18,2,200000,20000,220000,,,,,
COMEDK,2025,E075,"KNS Institute of Technology-Yelahanka, Bengaluru",AI,Artificial Intelligence & Machine Learning,GM,18,16,200000,20000,220000,108097,110959,,103454,
COMEDK,2025,E075,"KNS Institute of Technology-Yelahanka, Bengaluru",AI,Artificial Intelligence & Machine Learning,KKR,18,2,200000,20000,220000,,,,,
COMEDK,2025,E075,"KNS Institute of Technology-Yelahanka, Bengaluru",CD,Computer Science & Engineering (Data Science),GM,36,32,200000,20000,220000,,107761,,,
COMEDK,2025,E075,"KNS Institute of Technology-Yelahanka, Bengaluru",CD,Computer Science & Engineering (Data Science),KKR,36,4,200000,20000,220000,,,,,
COMEDK,2025,E075,"KNS Institute of Technology-Yelahanka, Bengaluru",CS,Computer Science & Engineering,GM,54,48,200000,20000,220000,,110391,,94425,
COMEDK,2025,E075,"KNS Institute of Technology-Yelahanka, Bengaluru",CS,Computer Science & Engineering,KKR,54,6,200000,20000,220000,,,,,
COMEDK,2025,E075,"KNS Institute of Technology-Yelahanka, Bengaluru",CV,Civil Engineering,GM,9,8,200000,20000,220000,,,,,
COMEDK,2025,E075,"KNS Institute of Technology-Yelahanka, Bengaluru",CV,Civil Engineering,KKR,9,1,200000,20000,220000,,,,,
COMEDK,2025,E075,"KNS Institute of Technology-Yelahanka, Bengaluru",EC,Electronics & Communication Engineering,GM,18,16,200000,20000,220000,89055,89055,,,
COMEDK,2025,E075,"KNS Institute of Technology-Yelahanka, Bengaluru",EC,Electronics & Communication Engineering,KKR,18,2,200000,20000,220000,,,,,
COMEDK,2025,E075,"KNS Institute of Technology-Yelahanka, Bengaluru",IC,Computer Science & Engineering (IOT & Cyber Including Block Chain Technology),GM,18,16,200000,20000,220000,,92418,,,
COMEDK,2025,E075,"KNS Institute of Technology-Yelahanka, Bengaluru",IC,Computer Science & Engineering (IOT & Cyber Including Block Chain Technology),KKR,18,2,200000,20000,220000,,,,,
COMEDK,2025,E075,"KNS Institute of Technology-Yelahanka, Bengaluru",IS,Information Science & Engineering,GM,18,16,200000,20000,220000,,106945,,,
COMEDK,2025,E075,"KNS Institute of Technology-Yelahanka, Bengaluru",IS,Information Science & Engineering,KKR,18,2,200000,20000,220000,,,,,
COMEDK,2025,E075,"KNS Institute of Technology-Yelahanka, Bengaluru",ME,Mechanical Engineering,GM,9,8,200000,20000,220000,,,,,
COMEDK,2025,E075,"KNS Institute of Technology-Yelahanka, Bengaluru",ME,Mechanical Engineering,KKR,9,1,200000,20000,220000,,,,,
COMEDK,2025,E075,"KNS Institute of Technology-Yelahanka, Bengaluru",UE,Electronics & Computer Engineering,GM,18,16,200000,20000,220000,,,,,
COMEDK,2025,E075,"KNS Institute of Technology-Yelahanka, Bengaluru",UE,Electronics & Computer Engineering,KKR,18,2,200000,20000,220000,,,,,
COMEDK,2025,E076,"M.S. Engineering College-Sadahalli, Bengaluru",AI,Artificial Intelligence & Machine Learning,GM,8,7,200000,20000,220000,54245,59221,,,
COMEDK,2025,E076,"M.S. Engineering College-Sadahalli, Bengaluru",AI,Artificial Intelligence & Machine Learning,KKR,8,1,200000,20000,220000,84732,,,,
COMEDK,2025,E076,"M.S. Engineering College-Sadahalli, Bengaluru",CD,Computer Science & Engineering (Data Science),GM,5,4,200000,20000,220000,,71433,,45773,
COMEDK,2025,E076,"M.S. Engineering College-Sadahalli, Bengaluru",CD,Computer Science & Engineering (Data Science),KKR,5,1,200000,20000,220000,,,,,
COMEDK,2025,E076,"M.S. Engineering College-Sadahalli, Bengaluru",CS,Computer Science & Engineering,GM,10,9,200000,20000,220000,,74080,,101479,
COMEDK,2025,E076,"M.S. Engineering College-Sadahalli, Bengaluru",CS,Computer Science & Engineering,KKR,10,1,200000,20000,220000,,,,,
COMEDK,2025,E076,"M.S. Engineering College-Sadahalli, Bengaluru",CY,Computer Science & Engineering (Cyber Security),GM,5,4,200000,20000,220000,97345,86894,,,
COMEDK,2025,E076,"M.S. Engineering College-Sadahalli, Bengaluru",CY,Computer Science & Engineering (Cyber Security),KKR,5,1,200000,20000,220000,,,,,
COMEDK,2025,E077,"M.S. Ramaiah Institute of Technology-MSR Nagar, Bengaluru",AD,Artificial Intelligence & Data Science,GM,18,16,281100,20000,301100,,1535,,2483,3422
COMEDK,2025,E077,"M.S. Ramaiah Institute of Technology-MSR Nagar, Bengaluru",AD,Artificial Intelligence & Data Science,KKR,18,2,281100,20000,301100,,7374,,,
COMEDK,2025,E077,"M.S. Ramaiah Institute of Technology-MSR Nagar, Bengaluru",AI,Artificial Intelligence & Machine Learning,GM,21,19,281100,20000,301100,1633,1481,,2402,3244
COMEDK,2025,E077,"M.S. Ramaiah Institute of Technology-MSR Nagar, Bengaluru",AI,Artificial Intelligence & Machine Learning,KKR,21,2,281100,20000,301100,7902,5102,5102,,
COMEDK,2025,E077,"M.S. Ramaiah Institute of Technology-MSR Nagar, Bengaluru",AS,Aerospace Engineering,GM,18,16,281100,20000,301100,5911,5552,,9212,14008
COMEDK,2025,E077,"M.S. Ramaiah Institute of Technology-MSR Nagar, Bengaluru",AS,Aerospace Engineering,KKR,18,2,281100,20000,301100,21999,25650,25650,,
COMEDK,2025,E077,"M.S. Ramaiah Institute of Technology-MSR Nagar, Bengaluru",BT,Biotechnology,GM,18,16,281100,20000,301100,17527,16827,,26988,38302
COMEDK,2025,E077,"M.S. Ramaiah Institute of Technology-MSR Nagar, Bengaluru",BT,Biotechnology,KKR,18,2,281100,20000,301100,78214,53468,93008,,
COMEDK,2025,E077,"M.S. Ramaiah Institute of Technology-MSR Nagar, Bengaluru",CH,Chemical Engineering,GM,18,16,281100,20000,301100,16405,15712,,28430,42698
COMEDK,2025,E077,"M.S. Ramaiah Institute of Technology-MSR Nagar, Bengaluru",CH,Chemical Engineering,KKR,18,2,281100,20000,301100,44791,106796,,,
COMEDK,2025,E077,"M.S. Ramaiah Institute of Technology-MSR Nagar, Bengaluru",CI,Computer Science & Engineering (Artificial & Machine Learning),GM,39,35,281100,20000,301100,1233,1134,,1649,2098
COMEDK,2025,E077,"M.S. Ramaiah Institute of Technology-MSR Nagar, Bengaluru",CI,Computer Science & Engineering (Artificial & Machine Learning),KKR,39,4,281100,20000,301100,8281,6671,,,
COMEDK,2025,E077,"M.S. Ramaiah Institute of Technology-MSR Nagar, Bengaluru",CS,Computer Science & Engineering,GM,59,54,281100,20000,301100,,875,,1341,1667
COMEDK,2025,E077,"M.S. Ramaiah Institute of Technology-MSR Nagar, Bengaluru",CS,Computer Science & Engineering,KKR,59,5,281100,20000,301100,,3710,6671,,
COMEDK,2025,E077,"M.S. Ramaiah Institute of Technology-MSR Nagar, Bengaluru",CV,Civil Engineering,GM,18,16,281100,20000,301100,19414,17291,,30423,45472
COMEDK,2025,E077,"M.S. Ramaiah Institute of Technology-MSR Nagar, Bengaluru",CV,Civil Engineering,KKR,18,2,281100,20000,301100,47731,47056,83820,,
COMEDK,2025,E077,"M.S. Ramaiah Institute of Technology-MSR Nagar, Bengaluru",CY,Computer Science & Engineering (Cyber Security),GM,21,19,281100,20000,301100,1452,1341,,2071,2852
COMEDK,2025,E077,"M.S. Ramaiah Institute of Technology-MSR Nagar, Bengaluru",CY,Computer Science & Engineering (Cyber Security),KKR,21,2,281100,20000,301100,11783,9760,16304,,
COMEDK,2025,E077,"M.S. Ramaiah Institute of Technology-MSR Nagar, Bengaluru",EC,Electronics & Communication Engineering,GM,41,37,281100,20000,301100,2424,2302,,3162,4567
COMEDK,2025,E077,"M.S. Ramaiah Institute of Technology-MSR Nagar, Bengaluru",EC,Electronics & Communication Engineering,KKR,41,4,281100,20000,301100,13428,14044,17711,,
COMEDK,2025,E077,"M.S. Ramaiah Institute of Technology-MSR Nagar, Bengaluru",EE,Electrical & Electronics Engineering,GM,18,16,281100,20000,301100,,4111,,5756,8406
COMEDK,2025,E077,"M.S. Ramaiah Institute of Technology-MSR Nagar, Bengaluru",EE,Electrical & Electronics Engineering,KKR,18,2,281100,20000,301100,,23461,30384,,
COMEDK,2025,E077,"M.S. Ramaiah Institute of Technology-MSR Nagar, Bengaluru",EI,Electronics & Instrumentation Engineering,GM,18,16,281100,20000,301100,,4402,,6106,9756
COMEDK,2025,E077,"M.S. Ramaiah Institute of Technology-MSR Nagar, Bengaluru",EI,Electronics & Instrumentation Engineering,KKR,18,2,281100,20000,301100,,25138,33237,,
COMEDK,2025,E077,"M.S. Ramaiah Institute of Technology-MSR Nagar, Bengaluru",ET,Electronics & Telecommunication Engineering,GM,18,16,281100,20000,301100,3647,3407,,4772,6767
COMEDK,2025,E077,"M.S. Ramaiah Institute of Technology-MSR Nagar, Bengaluru",ET,Electronics & Telecommunication Engineering,KKR,18,2,281100,20000,301100,23863,17212,,,
COMEDK,2025,E077,"M.S. Ramaiah Institute of Technology-MSR Nagar, Bengaluru",IM,Industrial Engineering & Management,GM,18,16,281100,20000,301100,17912,15512,,27429,46626
COMEDK,2025,E077,"M.S. Ramaiah Institute of Technology-MSR Nagar, Bengaluru",IM,Industrial Engineering & Management,KKR,18,2,281100,20000,301100,76609,87404,,,
COMEDK,2025,E077,"M.S. Ramaiah Institute of Technology-MSR Nagar, Bengaluru",IS,Information Science & Engineering,GM,41,37,281100,20000,301100,1916,1841,,2311,3030
COMEDK,2025,E077,"M.S. Ramaiah Institute of Technology-MSR Nagar, Bengaluru",IS,Information Science & Engineering,KKR,41,4,281100,20000,301100,9487,9350,,,
COMEDK,2025,E077,"M.S. Ramaiah Institute of Technology-MSR Nagar, Bengaluru",MD,Medical Electronics Engineering,GM,18,16,281100,20000,301100,20538,18788,,33938,51999
COMEDK,2025,E077,"M.S. Ramaiah Institute of Technology-MSR Nagar, Bengaluru",MD,Medical Electronics Engineering,KKR,18,2,281100,20000,301100,48686,82849,,,
COMEDK,2025,E077,"M.S. Ramaiah Institute of Technology-MSR Nagar, Bengaluru",ME,Mechanical Engineering,GM,36,33,281100,20000,301100,8371,7930,,12622,25278
COMEDK,2025,E077,"M.S. Ramaiah Institute of Technology-MSR Nagar, Bengaluru",ME,Mechanical Engineering,KKR,36,3,281100,20000,301100,80766,52550,54256,,
COMEDK,2025,E078,"Maharaja Institute of Technology-Belawadi, Mandya",CA,Computer Science & Engineering (Artificial,GM,18,16,200000,20000,220000,79966,77541,,100751,101827
COMEDK,2025,E078,"Maharaja Institute of Technology-Belawadi, Mandya",CA,Computer Science & Engineering (Artificial,KKR,18,2,200000,20000,220000,,,,,
COMEDK,2025,E078,"Maharaja Institute of Technology-Belawadi, Mandya",CB,Computer Science & Business Systems,GM,9,8,200000,20000,220000,100751,94740,,106222,109740
COMEDK,2025,E078,"Maharaja Institute of Technology-Belawadi, Mandya",CB,Computer Science & Business Systems,KKR,9,1,200000,20000,220000,,,,,
COMEDK,2025,E078,"Maharaja Institute of Technology-Belawadi, Mandya",CD,Computer Science & Engineering (Data Science),GM,18,16,200000,20000,220000,,86250,,111099,106871
COMEDK,2025,E078,"Maharaja Institute of Technology-Belawadi, Mandya",CD,Computer Science & Engineering (Data Science),KKR,18,2,200000,20000,220000,,,,,
COMEDK,2025,E078,"Maharaja Institute of Technology-Belawadi, Mandya",CE,Computer Engineering,GM,9,8,200000,20000,220000,96870,92514,,108542,
COMEDK,2025,E078,"Maharaja Institute of Technology-Belawadi, Mandya",CE,Computer Engineering,KKR,9,1,200000,20000,220000,,,,,
COMEDK,2025,E078,"Maharaja Institute of Technology-Belawadi, Mandya",CI,Computer Science & Engineering (Artificial & Machine Learning),GM,18,16,200000,20000,220000,84629,76224,,96870,98718
COMEDK,2025,E078,"Maharaja Institute of Technology-Belawadi, Mandya",CI,Computer Science & Engineering (Artificial & Machine Learning),KKR,18,2,200000,20000,220000,,,,,
COMEDK,2025,E078,"Maharaja Institute of Technology-Belawadi, Mandya",CS,Computer Science & Engineering,GM,54,48,200000,20000,220000,,79900,,101975,111099
COMEDK,2025,E078,"Maharaja Institute of Technology-Belawadi, Mandya",CS,Computer Science & Engineering,KKR,54,6,200000,20000,220000,,,,,
COMEDK,2025,E078,"Maharaja Institute of Technology-Belawadi, Mandya",CV,Civil Engineering,GM,18,16,100000,20000,120000,105541,106183,,,
COMEDK,2025,E078,"Maharaja Institute of Technology-Belawadi, Mandya",CV,Civil Engineering,KKR,18,2,100000,20000,120000,,,,,
COMEDK,2025,E078,"Maharaja Institute of Technology-Belawadi, Mandya",EC,Electronics & Communication Engineering,GM,36,32,200000,20000,220000,110498,102877,,110498,
COMEDK,2025,E078,"Maharaja Institute of Technology-Belawadi, Mandya",EC,Electronics & Communication Engineering,KKR,36,4,200000,20000,220000,,,,,
COMEDK,2025,E078,"Maharaja Institute of Technology-Belawadi, Mandya",IC,Computer Science & Engineering (IOT & Cyber Including Block Chain Technology),GM,9,8,200000,20000,220000,97937,94133,,109740,
COMEDK,2025,E078,"Maharaja Institute of Technology-Belawadi, Mandya",IC,Computer Science & Engineering (IOT & Cyber Including Block Chain Technology),KKR,9,1,200000,20000,220000,,,,,
COMEDK,2025,E078,"Maharaja Institute of Technology-Belawadi, Mandya",IS,Information Science & Engineering,GM,30,27,200000,20000,220000,96431,93438,,111029,102839
COMEDK,2025,E078,"Maharaja Institute of Technology-Belawadi, Mandya",IS,Information Science & Engineering,KKR,30,3,200000,20000,220000,,,,,
COMEDK,2025,E078,"Maharaja Institute of Technology-Belawadi, Mandya",ME,Mechanical Engineering,GM,18,16,200000,20000,220000,88099,108369,,,
COMEDK,2025,E078,"Maharaja Institute of Technology-Belawadi, Mandya",ME,Mechanical Engineering,KKR,18,2,200000,20000,220000,,,,,
COMEDK,2025,E079,"Malnad College of Engineering-Rangoli Halla, Hassan",CB,Computer Science & Business Systems,GM,18,16,281100,20000,301100,94070,95037,,,
COMEDK,2025,E079,"Malnad College of Engineering-Rangoli Halla, Hassan",CB,Computer Science & Business Systems,KKR,18,2,281100,20000,301100,,,,,
COMEDK,2025,E079,"Malnad College of Engineering-Rangoli Halla, Hassan",CI,Computer Science & Engineering (Artificial & Machine Learning),GM,18,16,281100,20000,301100,86343,67395,,92605,
COMEDK,2025,E079,"Malnad College of Engineering-Rangoli Halla, Hassan",CI,Computer Science & Engineering (Artificial & Machine Learning),KKR,18,2,281100,20000,301100,90991,,,,
COMEDK,2025,E079,"Malnad College of Engineering-Rangoli Halla, Hassan",CS,Computer Science & Engineering,GM,126,115,281100,20000,301100,,111070,,110247,82338
COMEDK,2025,E079,"Malnad College of Engineering-Rangoli Halla, Hassan",CS,Computer Science & Engineering,KKR,126,11,281100,20000,301100,,,,,
COMEDK,2025,E079,"Malnad College of Engineering-Rangoli Halla, Hassan",CV,Civil Engineering,GM,18,16,281100,20000,301100,,108604,,,
COMEDK,2025,E079,"Malnad College of Engineering-Rangoli Halla, Hassan",CV,Civil Engineering,KKR,18,2,281100,20000,301100,,,,,
COMEDK,2025,E079,"Malnad College of Engineering-Rangoli Halla, Hassan",EC,Electronics & Communication Engineering,GM,18,16,281100,20000,301100,111060,111060,,,
COMEDK,2025,E079,"Malnad College of Engineering-Rangoli Halla, Hassan",EC,Electronics & Communication Engineering,KKR,18,2,281100,20000,301100,,,,,
COMEDK,2025,E079,"Malnad College of Engineering-Rangoli Halla, Hassan",EE,Electrical & Electronics Engineering,GM,18,16,281100,20000,301100,,93772,,,
COMEDK,2025,E079,"Malnad College of Engineering-Rangoli Halla, Hassan",EE,Electrical & Electronics Engineering,KKR,18,2,281100,20000,301100,,,,,
COMEDK,2025,E079,"Malnad College of Engineering-Rangoli Halla, Hassan",RI,Robotics & Artificial Intelligence,GM,18,16,281100,20000,301100,80603,95048,,,
COMEDK,2025,E079,"Malnad College of Engineering-Rangoli Halla, Hassan",RI,Robotics & Artificial Intelligence,KKR,18,2,281100,20000,301100,,,,,
COMEDK,2025,E079,"Malnad College of Engineering-Rangoli Halla, Hassan",VL,Electronics Engineering (VLSI Design & Technology),GM,18,16,281100,20000,301100,73754,,,,
COMEDK,2025,E079,"Malnad College of Engineering-Rangoli Halla, Hassan",VL,Electronics Engineering (VLSI Design & Technology),KKR,18,2,281100,20000,301100,,,,,
COMEDK,2025,E080,"Mangalore Institute of Technology and Engineering-Moodbidri, Mangaluru",AE,Aeronautical Engineering,GM,18,16,281100,20000,301100,,106537,,,
COMEDK,2025,E080,"Mangalore Institute of Technology and Engineering-Moodbidri, Mangaluru",AE,Aeronautical Engineering,KKR,18,2,281100,20000,301100,,,,,
COMEDK,2025,E080,"Mangalore Institute of Technology and Engineering-Moodbidri, Mangaluru",AI,Artificial Intelligence & Machine Learning,GM,36,32,281100,20000,301100,104686,110453,,,
COMEDK,2025,E080,"Mangalore Institute of Technology and Engineering-Moodbidri, Mangaluru",AI,Artificial Intelligence & Machine Learning,KKR,36,4,281100,20000,301100,,,,,
COMEDK,2025,E080,"Mangalore Institute of Technology and Engineering-Moodbidri, Mangaluru",CI,Computer Science & Engineering (Artificial & Machine Learning),GM,18,16,281100,20000,301100,104858,91128,,,
COMEDK,2025,E080,"Mangalore Institute of Technology and Engineering-Moodbidri, Mangaluru",CI,Computer Science & Engineering (Artificial & Machine Learning),KKR,18,2,281100,20000,301100,,,,,
COMEDK,2025,E080,"Mangalore Institute of Technology and Engineering-Moodbidri, Mangaluru",CS,Computer Science & Engineering,GM,72,64,281100,20000,301100,,111345,,109490,
COMEDK,2025,E080,"Mangalore Institute of Technology and Engineering-Moodbidri, Mangaluru",CS,Computer Science & Engineering,KKR,72,8,281100,20000,301100,,,,,
COMEDK,2025,E080,"Mangalore Institute of Technology and Engineering-Moodbidri, Mangaluru",EC,Electronics & Communication Engineering,GM,36,32,281100,20000,301100,82622,74998,,,
COMEDK,2025,E080,"Mangalore Institute of Technology and Engineering-Moodbidri, Mangaluru",EC,Electronics & Communication Engineering,KKR,36,4,281100,20000,301100,,,,,
COMEDK,2025,E080,"Mangalore Institute of Technology and Engineering-Moodbidri, Mangaluru",IC,Computer Science & Engineering (IOT & Cyber Including Block Chain Technology),GM,18,16,281100,20000,301100,,80877,,,
COMEDK,2025,E080,"Mangalore Institute of Technology and Engineering-Moodbidri, Mangaluru",IC,Computer Science & Engineering (IOT & Cyber Including Block Chain Technology),KKR,18,2,281100,20000,301100,,,,,
COMEDK,2025,E080,"Mangalore Institute of Technology and Engineering-Moodbidri, Mangaluru",IS,Information Science & Engineering,GM,54,48,281100,20000,301100,60075,109490,,,
COMEDK,2025,E080,"Mangalore Institute of Technology and Engineering-Moodbidri, Mangaluru",IS,Information Science & Engineering,KKR,54,6,281100,20000,301100,,,,,
COMEDK,2025,E080,"Mangalore Institute of Technology and Engineering-Moodbidri, Mangaluru",ME,Mechanical Engineering,GM,18,16,281100,20000,301100,59124,59124,,,
COMEDK,2025,E080,"Mangalore Institute of Technology and Engineering-Moodbidri, Mangaluru",ME,Mechanical Engineering,KKR,18,2,281100,20000,301100,,,,,
COMEDK,2025,E080,"Mangalore Institute of Technology and Engineering-Moodbidri, Mangaluru",MT,Mechatronics Engineering,GM,18,16,281100,20000,301100,66653,92936,,,
COMEDK,2025,E080,"Mangalore Institute of Technology and Engineering-Moodbidri, Mangaluru",MT,Mechatronics Engineering,KKR,18,2,281100,20000,301100,,,,,
COMEDK,2025,E080,"Mangalore Institute of Technology and Engineering-Moodbidri, Mangaluru",RI,Robotics & Artificial Intelligence,GM,18,16,281100,20000,301100,82338,82338,,,
COMEDK,2025,E080,"Mangalore Institute of Technology and Engineering-Moodbidri, Mangaluru",RI,Robotics & Artificial Intelligence,KKR,18,2,281100,20000,301100,,,,,
COMEDK,2025,E081,"Moodalakatte Institute of Technology-Moodalakatte, Udupi",AI,Artificial Intelligence & Machine Learning,GM,18,16,190000,190000,,100968,100968,,,
COMEDK,2025,E081,"Moodalakatte Institute of Technology-Moodalakatte, Udupi",AI,Artificial Intelligence & Machine Learning,KKR,18,2,190000,190000,,,,,,
COMEDK,2025,E081,"Moodalakatte Institute of Technology-Moodalakatte, Udupi",CD,Computer Science & Engineering (Data Science),GM,18,16,190000,190000,,,,,,
COMEDK,2025,E081,"Moodalakatte Institute of Technology-Moodalakatte, Udupi",CD,Computer Science & Engineering (Data Science),KKR,18,2,190000,190000,,,,,,
COMEDK,2025,E081,"Moodalakatte Institute of Technology-Moodalakatte, Udupi",CI,Computer Science & Engineering (Artificial & Machine Learning),GM,18,16,190000,190000,,65473,,,,
COMEDK,2025,E081,"Moodalakatte Institute of Technology-Moodalakatte, Udupi",CI,Computer Science & Engineering (Artificial & Machine Learning),KKR,18,2,190000,190000,,,,,,
COMEDK,2025,E081,"Moodalakatte Institute of Technology-Moodalakatte, Udupi",CS,Computer Science & Engineering,GM,36,33,190000,190000,,,81309,,,
COMEDK,2025,E081,"Moodalakatte Institute of Technology-Moodalakatte, Udupi",CS,Computer Science & Engineering,KKR,36,3,190000,190000,,,,,,
COMEDK,2025,E081,"Moodalakatte Institute of Technology-Moodalakatte, Udupi",CV,Civil Engineering,GM,9,8,190000,190000,,,,,,
COMEDK,2025,E081,"Moodalakatte Institute of Technology-Moodalakatte, Udupi",CV,Civil Engineering,KKR,9,1,190000,190000,,,,,,
COMEDK,2025,E081,"Moodalakatte Institute of Technology-Moodalakatte, Udupi",EC,Electronics & Communication Engineering,GM,36,33,190000,190000,,,,,,
COMEDK,2025,E081,"Moodalakatte Institute of Technology-Moodalakatte, Udupi",EC,Electronics & Communication Engineering,KKR,36,3,190000,190000,,,,,,
COMEDK,2025,E081,"Moodalakatte Institute of Technology-Moodalakatte, Udupi",IS,Information Science & Engineering,GM,18,16,190000,190000,,,,,,
COMEDK,2025,E081,"Moodalakatte Institute of Technology-Moodalakatte, Udupi",IS,Information Science & Engineering,KKR,18,2,190000,190000,,,,,,
COMEDK,2025,E082,"Maharaja Institute of Technology-Thandavapura, Mysuru",AD,Artificial Intelligence & Data Science,GM,18,16,200000,20000,220000,,88161,,75566,
COMEDK,2025,E082,"Maharaja Institute of Technology-Thandavapura, Mysuru",AD,Artificial Intelligence & Data Science,KKR,18,2,200000,20000,220000,,,,,
COMEDK,2025,E082,"Maharaja Institute of Technology-Thandavapura, Mysuru",CI,Computer Science & Engineering (Artificial & Machine Learning),GM,18,16,200000,20000,220000,104925,87706,,,71122
COMEDK,2025,E082,"Maharaja Institute of Technology-Thandavapura, Mysuru",CI,Computer Science & Engineering (Artificial & Machine Learning),KKR,18,2,200000,20000,220000,,,,,
COMEDK,2025,E082,"Maharaja Institute of Technology-Thandavapura, Mysuru",CS,Computer Science & Engineering,GM,36,32,200000,20000,220000,,82424,,109919,
COMEDK,2025,E082,"Maharaja Institute of Technology-Thandavapura, Mysuru",CS,Computer Science & Engineering,KKR,36,4,200000,20000,220000,,84760,,,
COMEDK,2025,E082,"Maharaja Institute of Technology-Thandavapura, Mysuru",CV,Civil Engineering,GM,18,16,150000,20000,170000,,88246,,,
COMEDK,2025,E082,"Maharaja Institute of Technology-Thandavapura, Mysuru",CV,Civil Engineering,KKR,18,2,150000,20000,170000,,,,,
COMEDK,2025,E082,"Maharaja Institute of Technology-Thandavapura, Mysuru",EC,Electronics & Communication Engineering,GM,18,16,200000,20000,220000,109041,109041,,,
COMEDK,2025,E082,"Maharaja Institute of Technology-Thandavapura, Mysuru",EC,Electronics & Communication Engineering,KKR,18,2,200000,20000,220000,,,,,
COMEDK,2025,E082,"Maharaja Institute of Technology-Thandavapura, Mysuru",ME,Mechanical Engineering,GM,18,16,150000,20000,170000,,99390,,,
COMEDK,2025,E082,"Maharaja Institute of Technology-Thandavapura, Mysuru",ME,Mechanical Engineering,KKR,18,2,150000,20000,170000,,,,,
COMEDK,2025,E083,"Mysuru Royal Institute of Technology-Palahallli, Mandya District",AI,Artificial Intelligence & Machine Learning,GM,18,16,200000,10000,210000,104732,104732,,,
COMEDK,2025,E083,"Mysuru Royal Institute of Technology-Palahallli, Mandya District",AI,Artificial Intelligence & Machine Learning,KKR,18,2,200000,10000,210000,,,,,
COMEDK,2025,E083,"Mysuru Royal Institute of Technology-Palahallli, Mandya District",CS,Computer Science & Engineering,GM,54,48,200000,10000,210000,,96843,,,
COMEDK,2025,E083,"Mysuru Royal Institute of Technology-Palahallli, Mandya District",CS,Computer Science & Engineering,KKR,54,6,200000,10000,210000,,,,,
COMEDK,2025,E083,"Mysuru Royal Institute of Technology-Palahallli, Mandya District",CV,Civil Engineering,GM,9,8,200000,10000,210000,,,,,
COMEDK,2025,E083,"Mysuru Royal Institute of Technology-Palahallli, Mandya District",CV,Civil Engineering,KKR,9,1,200000,10000,210000,,,,,
COMEDK,2025,E083,"Mysuru Royal Institute of Technology-Palahallli, Mandya District",EC,Electronics & Communication Engineering,GM,36,32,200000,10000,210000,,,,,
COMEDK,2025,E083,"Mysuru Royal Institute of Technology-Palahallli, Mandya District",EC,Electronics & Communication Engineering,KKR,36,4,200000,10000,210000,,,,,
COMEDK,2025,E083,"Mysuru Royal Institute of Technology-Palahallli, Mandya District",IS,Information Science & Engineering,GM,18,16,200000,10000,210000,,,,,
COMEDK,2025,E083,"Mysuru Royal Institute of Technology-Palahallli, Mandya District",IS,Information Science & Engineering,KKR,18,2,200000,10000,210000,,,,,
COMEDK,2025,E083,"Mysuru Royal Institute of Technology-Palahallli, Mandya District",ME,Mechanical Engineering,GM,9,8,200000,10000,210000,,,,,
COMEDK,2025,E083,"Mysuru Royal Institute of Technology-Palahallli, Mandya District",ME,Mechanical Engineering,KKR,9,1,200000,10000,210000,,,,,
COMEDK,2025,E084,"Nagarjuna College of Engineering And Technology-Devanahalli, Bengaluru",CD,Computer Science & Engineering (Data Science),GM,18,16,200000,20000,220000,,100975,,59079,
COMEDK,2025,E084,"Nagarjuna College of Engineering And Technology-Devanahalli, Bengaluru",CD,Computer Science & Engineering (Data Science),KKR,18,2,200000,20000,220000,,,,,
COMEDK,2025,E084,"Nagarjuna College of Engineering And Technology-Devanahalli, Bengaluru",CI,Computer Science & Engineering (Artificial & Machine Learning),GM,54,49,200000,20000,220000,110636,110636,,,59079
COMEDK,2025,E084,"Nagarjuna College of Engineering And Technology-Devanahalli, Bengaluru",CI,Computer Science & Engineering (Artificial & Machine Learning),KKR,54,5,200000,20000,220000,,,,,
COMEDK,2025,E084,"Nagarjuna College of Engineering And Technology-Devanahalli, Bengaluru",CS,Computer Science & Engineering,GM,72,66,200000,20000,220000,,110315,,94779,
COMEDK,2025,E084,"Nagarjuna College of Engineering And Technology-Devanahalli, Bengaluru",CS,Computer Science & Engineering,KKR,72,6,200000,20000,220000,,,,,
COMEDK,2025,E084,"Nagarjuna College of Engineering And Technology-Devanahalli, Bengaluru",CV,Civil Engineering,GM,5,4,200000,20000,220000,,,,,
COMEDK,2025,E084,"Nagarjuna College of Engineering And Technology-Devanahalli, Bengaluru",CV,Civil Engineering,KKR,5,1,200000,20000,220000,,,,,
COMEDK,2025,E084,"Nagarjuna College of Engineering And Technology-Devanahalli, Bengaluru",EC,Electronics & Communication Engineering,GM,10,9,200000,20000,220000,82940,105565,,,
COMEDK,2025,E084,"Nagarjuna College of Engineering And Technology-Devanahalli, Bengaluru",EC,Electronics & Communication Engineering,KKR,10,1,200000,20000,220000,,,,,
COMEDK,2025,E084,"Nagarjuna College of Engineering And Technology-Devanahalli, Bengaluru",IC,Computer Science & Engineering (IOT & Cyber Including Block Chain Technology),GM,18,16,200000,20000,220000,76762,53503,,,
COMEDK,2025,E084,"Nagarjuna College of Engineering And Technology-Devanahalli, Bengaluru",IC,Computer Science & Engineering (IOT & Cyber Including Block Chain Technology),KKR,18,2,200000,20000,220000,,,,,
COMEDK,2025,E084,"Nagarjuna College of Engineering And Technology-Devanahalli, Bengaluru",IS,Information Science & Engineering,GM,18,16,200000,20000,220000,,109052,,,
COMEDK,2025,E084,"Nagarjuna College of Engineering And Technology-Devanahalli, Bengaluru",IS,Information Science & Engineering,KKR,18,2,200000,20000,220000,,,,,
COMEDK,2025,E085,"The National Institute of Engineering North Campus-Koorgalli, Mysuru",CI,Computer Science & Engineering (Artificial & Machine Learning),GM,36,32,281088,20000,301088,9902,9935,,15809,25039
COMEDK,2025,E085,"The National Institute of Engineering North Campus-Koorgalli, Mysuru",CI,Computer Science & Engineering (Artificial & Machine Learning),KKR,36,4,281088,20000,301088,29334,29254,,,
COMEDK,2025,E085,"The National Institute of Engineering North Campus-Koorgalli, Mysuru",CS,Computer Science & Engineering,GM,144,132,281088,20000,301088,,9511,,15390,24347
COMEDK,2025,E085,"The National Institute of Engineering North Campus-Koorgalli, Mysuru",CS,Computer Science & Engineering,KKR,144,12,281088,20000,301088,,29202,36455,,
COMEDK,2025,E088,"Navodaya Institute of Technology-Bijangera, Raichur",CI,Computer Science & Engineering (Artificial & Machine Learning),GM,18,5,200000,20000,220000,89470,99336,,,
COMEDK,2025,E088,"Navodaya Institute of Technology-Bijangera, Raichur",CI,Computer Science & Engineering (Artificial & Machine Learning),KKR,18,13,200000,20000,220000,,,,,
COMEDK,2025,E088,"Navodaya Institute of Technology-Bijangera, Raichur",CS,Computer Science & Engineering,GM,54,15,200000,20000,220000,,109181,,,
COMEDK,2025,E088,"Navodaya Institute of Technology-Bijangera, Raichur",CS,Computer Science & Engineering,KKR,54,39,200000,20000,220000,,,,,
COMEDK,2025,E088,"Navodaya Institute of Technology-Bijangera, Raichur",CV,Civil Engineering,GM,18,5,200000,20000,220000,,,,,
COMEDK,2025,E088,"Navodaya Institute of Technology-Bijangera, Raichur",CV,Civil Engineering,KKR,18,13,200000,20000,220000,,,,,
COMEDK,2025,E088,"Navodaya Institute of Technology-Bijangera, Raichur",EC,Electronics & Communication Engineering,GM,27,7,200000,20000,220000,,,,,
COMEDK,2025,E088,"Navodaya Institute of Technology-Bijangera, Raichur",EC,Electronics & Communication Engineering,KKR,27,20,200000,20000,220000,,,,,
COMEDK,2025,E088,"Navodaya Institute of Technology-Bijangera, Raichur",EE,Electrical & Electronics Engineering,GM,18,5,200000,20000,220000,,,,,
COMEDK,2025,E088,"Navodaya Institute of Technology-Bijangera, Raichur",EE,Electrical & Electronics Engineering,KKR,18,13,200000,20000,220000,,,,,
COMEDK,2025,E088,"Navodaya Institute of Technology-Bijangera, Raichur",ME,Mechanical Engineering,GM,9,2,200000,20000,220000,,,,,
COMEDK,2025,E088,"Navodaya Institute of Technology-Bijangera, Raichur",ME,Mechanical Engineering,KKR,9,7,200000,20000,220000,,,,,
COMEDK,2025,E089,"P.E.S.College of Engineering-PES College Road, Mandya",CB,Computer Science & Business Systems,GM,4,3,175000,20000,195000,12418,10974,,25053,52714
COMEDK,2025,E089,"P.E.S.College of Engineering-PES College Road, Mandya",CB,Computer Science & Business Systems,KKR,4,1,175000,20000,195000,,81727,,,
COMEDK,2025,E089,"P.E.S.College of Engineering-PES College Road, Mandya",CD,Computer Science & Engineering (Data Science),GM,10,9,175000,20000,195000,,11614,,29874,71221
COMEDK,2025,E089,"P.E.S.College of Engineering-PES College Road, Mandya",CD,Computer Science & Engineering (Data Science),KKR,10,1,175000,20000,195000,,,,,
COMEDK,2025,E089,"P.E.S.College of Engineering-PES College Road, Mandya",CI,Computer Science & Engineering (Artificial & Machine Learning),GM,10,9,200000,20000,220000,9745,9583,,23957,62004
COMEDK,2025,E089,"P.E.S.College of Engineering-PES College Road, Mandya",CI,Computer Science & Engineering (Artificial & Machine Learning),KKR,10,1,200000,20000,220000,103061,43815,,,
COMEDK,2025,E089,"P.E.S.College of Engineering-PES College Road, Mandya",CS,Computer Science & Engineering,GM,72,66,200000,20000,220000,,14833,,35673,82113
COMEDK,2025,E089,"P.E.S.College of Engineering-PES College Road, Mandya",CS,Computer Science & Engineering,KKR,72,6,200000,20000,220000,,103061,,,
COMEDK,2025,E089,"P.E.S.College of Engineering-PES College Road, Mandya",CV,Civil Engineering,GM,2,1,100000,20000,120000,23559,21294,,76684,110449
COMEDK,2025,E089,"P.E.S.College of Engineering-PES College Road, Mandya",CV,Civil Engineering,KKR,2,1,100000,20000,120000,,,,,
COMEDK,2025,E089,"P.E.S.College of Engineering-PES College Road, Mandya",EC,Electronics & Communication Engineering,GM,10,9,175000,20000,195000,14934,13711,,41342,82264
COMEDK,2025,E089,"P.E.S.College of Engineering-PES College Road, Mandya",EC,Electronics & Communication Engineering,KKR,10,1,175000,20000,195000,,,,,
COMEDK,2025,E089,"P.E.S.College of Engineering-PES College Road, Mandya",ECV,Electronics and Communication Engineering (VLSI & Technology),GM,3,2,100000,20000,120000,12982,17464,,43511,95839
COMEDK,2025,E089,"P.E.S.College of Engineering-PES College Road, Mandya",ECV,Electronics and Communication Engineering (VLSI & Technology),KKR,3,1,100000,20000,120000,,,,,
COMEDK,2025,E089,"P.E.S.College of Engineering-PES College Road, Mandya",EE,Electrical & Electronics Engineering,GM,2,1,100000,20000,120000,,15741,,37003,66533
COMEDK,2025,E089,"P.E.S.College of Engineering-PES College Road, Mandya",EE,Electrical & Electronics Engineering,KKR,2,1,100000,20000,120000,,,,,
COMEDK,2025,E089,"P.E.S.College of Engineering-PES College Road, Mandya",IS,Information Science & Engineering,GM,8,7,175000,20000,195000,18241,18241,,42248,92865
COMEDK,2025,E089,"P.E.S.College of Engineering-PES College Road, Mandya",IS,Information Science & Engineering,KKR,8,1,175000,20000,195000,,,,,
COMEDK,2025,E089,"P.E.S.College of Engineering-PES College Road, Mandya",RI,Robotics & Artificial Intelligence,GM,3,2,100000,20000,120000,16377,13445,,39412,49355
COMEDK,2025,E089,"P.E.S.College of Engineering-PES College Road, Mandya",RI,Robotics & Artificial Intelligence,KKR,3,1,100000,20000,120000,,,,,
COMEDK,2025,E090,"PES Institute of Technology and Management-Kotegangoor Cost, Shivamogga",AI,Artificial Intelligence & Machine Learning,GM,36,32,200000,20000,220000,31703,29423,,111068,
COMEDK,2025,E090,"PES Institute of Technology and Management-Kotegangoor Cost, Shivamogga",AI,Artificial Intelligence & Machine Learning,KKR,36,4,200000,20000,220000,97600,69102,,,
COMEDK,2025,E090,"PES Institute of Technology and Management-Kotegangoor Cost, Shivamogga",CD,Computer Science & Engineering (Data Science),GM,18,16,200000,20000,220000,,33284,,106482,
COMEDK,2025,E090,"PES Institute of Technology and Management-Kotegangoor Cost, Shivamogga",CD,Computer Science & Engineering (Data Science),KKR,18,2,200000,20000,220000,,,,,
COMEDK,2025,E090,"PES Institute of Technology and Management-Kotegangoor Cost, Shivamogga",CE,Computer Engineering,GM,18,16,200000,20000,220000,42375,37346,,110737,
COMEDK,2025,E090,"PES Institute of Technology and Management-Kotegangoor Cost, Shivamogga",CE,Computer Engineering,KKR,18,2,200000,20000,220000,,,,,
COMEDK,2025,E090,"PES Institute of Technology and Management-Kotegangoor Cost, Shivamogga",CG,Computer Science & Design,GM,18,16,200000,20000,220000,56946,56991,,,
COMEDK,2025,E090,"PES Institute of Technology and Management-Kotegangoor Cost, Shivamogga",CG,Computer Science & Design,KKR,18,2,200000,20000,220000,,,,,
COMEDK,2025,E090,"PES Institute of Technology and Management-Kotegangoor Cost, Shivamogga",CS,Computer Science & Engineering,GM,34,30,200000,20000,220000,,25870,,82096,84099
COMEDK,2025,E090,"PES Institute of Technology and Management-Kotegangoor Cost, Shivamogga",CS,Computer Science & Engineering,KKR,34,4,200000,20000,220000,,77624,,,
COMEDK,2025,E090,"PES Institute of Technology and Management-Kotegangoor Cost, Shivamogga",CV,Civil Engineering,GM,18,16,200000,20000,220000,110360,108265,,,
COMEDK,2025,E090,"PES Institute of Technology and Management-Kotegangoor Cost, Shivamogga",CV,Civil Engineering,KKR,18,2,200000,20000,220000,,,,,
COMEDK,2025,E090,"PES Institute of Technology and Management-Kotegangoor Cost, Shivamogga",EC,Electronics & Communication Engineering,GM,36,32,200000,20000,220000,59109,58780,,108985,
COMEDK,2025,E090,"PES Institute of Technology and Management-Kotegangoor Cost, Shivamogga",EC,Electronics & Communication Engineering,KKR,36,4,200000,20000,220000,,,,,
COMEDK,2025,E090,"PES Institute of Technology and Management-Kotegangoor Cost, Shivamogga",EE,Electrical & Electronics Engineering,GM,18,16,200000,20000,220000,,110525,,69375,
COMEDK,2025,E090,"PES Institute of Technology and Management-Kotegangoor Cost, Shivamogga",EE,Electrical & Electronics Engineering,KKR,18,2,200000,20000,220000,,,,,
COMEDK,2025,E090,"PES Institute of Technology and Management-Kotegangoor Cost, Shivamogga",IS,Information Science & Engineering,GM,16,14,200000,20000,220000,58047,64057,,107203,
COMEDK,2025,E090,"PES Institute of Technology and Management-Kotegangoor Cost, Shivamogga",IS,Information Science & Engineering,KKR,16,2,200000,20000,220000,,,,,
COMEDK,2025,E090,"PES Institute of Technology and Management-Kotegangoor Cost, Shivamogga",ME,Mechanical Engineering,GM,18,16,200000,20000,220000,99493,107842,,88296,
COMEDK,2025,E090,"PES Institute of Technology and Management-Kotegangoor Cost, Shivamogga",ME,Mechanical Engineering,KKR,18,2,200000,20000,220000,,,,,
COMEDK,2025,E094,"Proudhadevaraya Institute of Technology-TB Dam Road, Hosapete",CI,Computer Science & Engineering (Artificial & Machine Learning),GM,18,5,180000,20000,200000,50341,72777,,,
COMEDK,2025,E094,"Proudhadevaraya Institute of Technology-TB Dam Road, Hosapete",CI,Computer Science & Engineering (Artificial & Machine Learning),KKR,18,13,180000,20000,200000,,,,,
COMEDK,2025,E094,"Proudhadevaraya Institute of Technology-TB Dam Road, Hosapete",CS,Computer Science & Engineering,GM,36,10,160000,20000,180000,,,,,
COMEDK,2025,E094,"Proudhadevaraya Institute of Technology-TB Dam Road, Hosapete",CS,Computer Science & Engineering,KKR,36,26,160000,20000,180000,,,,,
COMEDK,2025,E094,"Proudhadevaraya Institute of Technology-TB Dam Road, Hosapete",CV,Civil Engineering,GM,9,2,70000,20000,90000,,,,,
COMEDK,2025,E094,"Proudhadevaraya Institute of Technology-TB Dam Road, Hosapete",CV,Civil Engineering,KKR,9,7,70000,20000,90000,,,,,
COMEDK,2025,E094,"Proudhadevaraya Institute of Technology-TB Dam Road, Hosapete",EC,Electronics & Communication Engineering,GM,18,5,100000,20000,120000,,,,,
COMEDK,2025,E094,"Proudhadevaraya Institute of Technology-TB Dam Road, Hosapete",EC,Electronics & Communication Engineering,KKR,18,13,100000,20000,120000,,,,,
COMEDK,2025,E094,"Proudhadevaraya Institute of Technology-TB Dam Road, Hosapete",EE,Electrical & Electronics Engineering,GM,18,5,80000,20000,100000,,,,,
COMEDK,2025,E094,"Proudhadevaraya Institute of Technology-TB Dam Road, Hosapete",EE,Electrical & Electronics Engineering,KKR,18,13,80000,20000,100000,,,,,
COMEDK,2025,E094,"Proudhadevaraya Institute of Technology-TB Dam Road, Hosapete",ME,Mechanical Engineering,GM,18,5,80000,20000,100000,,,,,
COMEDK,2025,E094,"Proudhadevaraya Institute of Technology-TB Dam Road, Hosapete",ME,Mechanical Engineering,KKR,18,13,80000,20000,100000,,,,,
COMEDK,2025,E095,"R V College of Engineering-Mysore Road, Bengaluru",AS,Aerospace Engineering,GM,18,16,281100,20000,301100,2326,2467,,3464,6429
COMEDK,2025,E095,"R V College of Engineering-Mysore Road, Bengaluru",AS,Aerospace Engineering,KKR,18,2,281100,20000,301100,15889,21999,24703,,
COMEDK,2025,E095,"R V College of Engineering-Mysore Road, Bengaluru",BT,Biotechnology,GM,18,16,281100,20000,301100,8569,8269,,14685,18883
COMEDK,2025,E095,"R V College of Engineering-Mysore Road, Bengaluru",BT,Biotechnology,KKR,18,2,281100,20000,301100,27720,16843,47177,,
COMEDK,2025,E095,"R V College of Engineering-Mysore Road, Bengaluru",CD,Computer Science & Engineering (Data Science),GM,18,16,281100,20000,301100,,462,,649,890
COMEDK,2025,E095,"R V College of Engineering-Mysore Road, Bengaluru",CD,Computer Science & Engineering (Data Science),KKR,18,2,281100,20000,301100,,2476,2557,,
COMEDK,2025,E095,"R V College of Engineering-Mysore Road, Bengaluru",CH,Chemical Engineering,GM,12,11,281100,20000,301100,6632,5309,,11506,13038
COMEDK,2025,E095,"R V College of Engineering-Mysore Road, Bengaluru",CH,Chemical Engineering,KKR,12,1,281100,20000,301100,42015,72302,76609,,
COMEDK,2025,E095,"R V College of Engineering-Mysore Road, Bengaluru",CI,Computer Science & Engineering (Artificial & Machine Learning),GM,54,49,281100,20000,301100,517,480,,713,975
COMEDK,2025,E095,"R V College of Engineering-Mysore Road, Bengaluru",CI,Computer Science & Engineering (Artificial & Machine Learning),KKR,54,5,281100,20000,301100,2048,2048,,,
COMEDK,2025,E095,"R V College of Engineering-Mysore Road, Bengaluru",CS,Computer Science & Engineering,GM,108,99,281100,20000,301100,,307,,542,692
COMEDK,2025,E095,"R V College of Engineering-Mysore Road, Bengaluru",CS,Computer Science & Engineering,KKR,108,9,281100,20000,301100,,934,1133,,
COMEDK,2025,E095,"R V College of Engineering-Mysore Road, Bengaluru",CV,Civil Engineering,GM,18,16,281100,20000,301100,10090,9731,,17969,20917
COMEDK,2025,E095,"R V College of Engineering-Mysore Road, Bengaluru",CV,Civil Engineering,KKR,18,2,281100,20000,301100,39198,36639,77467,,
COMEDK,2025,E095,"R V College of Engineering-Mysore Road, Bengaluru",CY,Computer Science & Engineering (Cyber Security),GM,18,16,281100,20000,301100,592,536,,774,1091
COMEDK,2025,E095,"R V College of Engineering-Mysore Road, Bengaluru",CY,Computer Science & Engineering (Cyber Security),KKR,18,2,281100,20000,301100,3338,3368,3338,,
COMEDK,2025,E095,"R V College of Engineering-Mysore Road, Bengaluru",EC,Electronics & Communication Engineering,GM,72,66,281100,20000,301100,808,762,,1077,1399
COMEDK,2025,E095,"R V College of Engineering-Mysore Road, Bengaluru",EC,Electronics & Communication Engineering,KKR,72,6,281100,20000,301100,3376,3376,3758,,
COMEDK,2025,E095,"R V College of Engineering-Mysore Road, Bengaluru",EE,Electrical & Electronics Engineering,GM,18,16,281100,20000,301100,,1234,,1866,2424
COMEDK,2025,E095,"R V College of Engineering-Mysore Road, Bengaluru",EE,Electrical & Electronics Engineering,KKR,18,2,281100,20000,301100,,11783,11783,,
COMEDK,2025,E095,"R V College of Engineering-Mysore Road, Bengaluru",ET,Electronics & Telecommunication Engineering,GM,18,16,281100,20000,301100,1155,1063,,1343,1790
COMEDK,2025,E095,"R V College of Engineering-Mysore Road, Bengaluru",ET,Electronics & Telecommunication Engineering,KKR,18,2,281100,20000,301100,5090,4923,,,
COMEDK,2025,E095,"R V College of Engineering-Mysore Road, Bengaluru",IM,Industrial Engineering & Management,GM,18,16,281100,20000,301100,8223,8627,,12328,17533
COMEDK,2025,E095,"R V College of Engineering-Mysore Road, Bengaluru",IM,Industrial Engineering & Management,KKR,18,2,281100,20000,301100,49268,49268,44973,,
COMEDK,2025,E095,"R V College of Engineering-Mysore Road, Bengaluru",ME,Mechanical Engineering,GM,36,33,281100,20000,301100,4197,4091,,5339,7032
COMEDK,2025,E095,"R V College of Engineering-Mysore Road, Bengaluru",ME,Mechanical Engineering,KKR,36,3,281100,20000,301100,36968,39827,15540,,
COMEDK,2025,E096,"R.L. Jalappa Institute of Technology-Kodigehalli, Doddaballapur",CD,Computer Science & Engineering (Data Science),GM,18,15,200000,20000,220000,,84087,,,
COMEDK,2025,E096,"R.L. Jalappa Institute of Technology-Kodigehalli, Doddaballapur",CD,Computer Science & Engineering (Data Science),KKR,18,3,200000,20000,220000,,,,,
COMEDK,2025,E096,"R.L. Jalappa Institute of Technology-Kodigehalli, Doddaballapur",CI,Computer Science & Engineering (Artificial & Machine Learning),GM,18,15,200000,20000,220000,106963,106963,,,
COMEDK,2025,E096,"R.L. Jalappa Institute of Technology-Kodigehalli, Doddaballapur",CI,Computer Science & Engineering (Artificial & Machine Learning),KKR,18,3,200000,20000,220000,,,,,
COMEDK,2025,E096,"R.L. Jalappa Institute of Technology-Kodigehalli, Doddaballapur",CS,Computer Science & Engineering,GM,54,34,200000,20000,220000,,,,,
COMEDK,2025,E096,"R.L. Jalappa Institute of Technology-Kodigehalli, Doddaballapur",CS,Computer Science & Engineering,KKR,54,20,200000,20000,220000,,,,,
COMEDK,2025,E096,"R.L. Jalappa Institute of Technology-Kodigehalli, Doddaballapur",CY,Computer Science & Engineering (Cyber Security),GM,18,15,200000,20000,220000,106576,106576,,,
COMEDK,2025,E096,"R.L. Jalappa Institute of Technology-Kodigehalli, Doddaballapur",CY,Computer Science & Engineering (Cyber Security),KKR,18,3,200000,20000,220000,,,,,
COMEDK,2025,E096,"R.L. Jalappa Institute of Technology-Kodigehalli, Doddaballapur",EC,Electronics & Communication Engineering,GM,18,15,200000,20000,220000,,,,,
COMEDK,2025,E096,"R.L. Jalappa Institute of Technology-Kodigehalli, Doddaballapur",EC,Electronics & Communication Engineering,KKR,18,3,200000,20000,220000,,,,,
COMEDK,2025,E096,"R.L. Jalappa Institute of Technology-Kodigehalli, Doddaballapur",ME,Mechanical Engineering,GM,18,15,200000,20000,220000,,,,,
COMEDK,2025,E096,"R.L. Jalappa Institute of Technology-Kodigehalli, Doddaballapur",ME,Mechanical Engineering,KKR,18,3,200000,20000,220000,,,,,
COMEDK,2025,E097,"R.R. Institute of Technology-Chikkabanavara, Bengaluru",AI,Artificial Intelligence & Machine Learning,GM,8,6,200000,20000,220000,96398,75157,,,
COMEDK,2025,E097,"R.R. Institute of Technology-Chikkabanavara, Bengaluru",AI,Artificial Intelligence & Machine Learning,KKR,8,2,200000,20000,220000,,105479,,,
COMEDK,2025,E097,"R.R. Institute of Technology-Chikkabanavara, Bengaluru",CS,Computer Science & Engineering,GM,54,49,200000,20000,220000,,109273,,,
COMEDK,2025,E097,"R.R. Institute of Technology-Chikkabanavara, Bengaluru",CS,Computer Science & Engineering,KKR,54,5,200000,20000,220000,,,,,
COMEDK,2025,E097,"R.R. Institute of Technology-Chikkabanavara, Bengaluru",EC,Electronics & Communication Engineering,GM,18,16,200000,20000,220000,87953,87953,,,
COMEDK,2025,E097,"R.R. Institute of Technology-Chikkabanavara, Bengaluru",EC,Electronics & Communication Engineering,KKR,18,2,200000,20000,220000,,,,,
COMEDK,2025,E097,"R.R. Institute of Technology-Chikkabanavara, Bengaluru",ES,Electronics & Computer Science,GM,8,6,200000,20000,220000,108689,103610,,,
COMEDK,2025,E097,"R.R. Institute of Technology-Chikkabanavara, Bengaluru",ES,Electronics & Computer Science,KKR,8,2,200000,20000,220000,,,,,
COMEDK,2025,E097,"R.R. Institute of Technology-Chikkabanavara, Bengaluru",IS,Information Science & Engineering,GM,13,11,200000,20000,220000,70156,107203,,,
COMEDK,2025,E097,"R.R. Institute of Technology-Chikkabanavara, Bengaluru",IS,Information Science & Engineering,KKR,13,2,200000,20000,220000,,,,,
COMEDK,2025,E098,"R T E Societys Rural Engineering College-Hulkoti, Gadag",AI,Artificial Intelligence & Machine Learning,GM,9,8,281100,20000,301100,74609,107722,,,
COMEDK,2025,E098,"R T E Societys Rural Engineering College-Hulkoti, Gadag",AI,Artificial Intelligence & Machine Learning,KKR,9,1,281100,20000,301100,,,,,
COMEDK,2025,E098,"R T E Societys Rural Engineering College-Hulkoti, Gadag",CS,Computer Science & Engineering,GM,36,33,200000,20000,220000,,,,,
COMEDK,2025,E098,"R T E Societys Rural Engineering College-Hulkoti, Gadag",CS,Computer Science & Engineering,KKR,36,3,200000,20000,220000,,,,,
COMEDK,2025,E098,"R T E Societys Rural Engineering College-Hulkoti, Gadag",CV,Civil Engineering,GM,9,8,70000,20000,90000,,,,,
COMEDK,2025,E098,"R T E Societys Rural Engineering College-Hulkoti, Gadag",CV,Civil Engineering,KKR,9,1,70000,20000,90000,,,,,
COMEDK,2025,E098,"R T E Societys Rural Engineering College-Hulkoti, Gadag",EC,Electronics & Communication Engineering,GM,18,16,200000,20000,220000,,,,,
COMEDK,2025,E098,"R T E Societys Rural Engineering College-Hulkoti, Gadag",EC,Electronics & Communication Engineering,KKR,18,2,200000,20000,220000,,,,,
COMEDK,2025,E098,"R T E Societys Rural Engineering College-Hulkoti, Gadag",ME,Mechanical Engineering,GM,9,8,70000,20000,90000,,102117,,,
COMEDK,2025,E098,"R T E Societys Rural Engineering College-Hulkoti, Gadag",ME,Mechanical Engineering,KKR,9,1,70000,20000,90000,,,,,
COMEDK,2025,E098,"R T E Societys Rural Engineering College-Hulkoti, Gadag",TX,Textile Technology,GM,9,8,70000,20000,90000,,,,,
COMEDK,2025,E098,"R T E Societys Rural Engineering College-Hulkoti, Gadag",TX,Textile Technology,KKR,9,1,70000,20000,90000,,,,,
COMEDK,2025,E099,"Raja Rajeswari College of Engineering-Kumbalgodu, Bengaluru",AI,Artificial Intelligence & Machine Learning,GM,36,33,200000,20000,220000,108837,84409,,103540,
COMEDK,2025,E099,"Raja Rajeswari College of Engineering-Kumbalgodu, Bengaluru",AI,Artificial Intelligence & Machine Learning,KKR,36,3,200000,20000,220000,,,,,
COMEDK,2025,E099,"Raja Rajeswari College of Engineering-Kumbalgodu, Bengaluru",CG,Computer Science & Design,GM,18,16,200000,20000,220000,94773,107629,,,
COMEDK,2025,E099,"Raja Rajeswari College of Engineering-Kumbalgodu, Bengaluru",CG,Computer Science & Design,KKR,18,2,200000,20000,220000,,,,,
COMEDK,2025,E099,"Raja Rajeswari College of Engineering-Kumbalgodu, Bengaluru",CS,Computer Science & Engineering,GM,72,66,200000,20000,220000,,84694,,105648,86038
COMEDK,2025,E099,"Raja Rajeswari College of Engineering-Kumbalgodu, Bengaluru",CS,Computer Science & Engineering,KKR,72,6,200000,20000,220000,,93651,,,
COMEDK,2025,E099,"Raja Rajeswari College of Engineering-Kumbalgodu, Bengaluru",EC,Electronics & Communication Engineering,GM,36,33,200000,20000,220000,107124,110716,,56779,
COMEDK,2025,E099,"Raja Rajeswari College of Engineering-Kumbalgodu, Bengaluru",EC,Electronics & Communication Engineering,KKR,36,3,200000,20000,220000,,,,,
COMEDK,2025,E099,"Raja Rajeswari College of Engineering-Kumbalgodu, Bengaluru",IC,Computer Science & Engineering (IOT & Cyber Including Block Chain Technology),GM,18,16,200000,20000,220000,100037,110484,,,
COMEDK,2025,E099,"Raja Rajeswari College of Engineering-Kumbalgodu, Bengaluru",IC,Computer Science & Engineering (IOT & Cyber Including Block Chain Technology),KKR,18,2,200000,20000,220000,,,,,
COMEDK,2025,E099,"Raja Rajeswari College of Engineering-Kumbalgodu, Bengaluru",IS,Information Science & Engineering,GM,36,33,200000,20000,220000,111599,110647,,92310,
COMEDK,2025,E099,"Raja Rajeswari College of Engineering-Kumbalgodu, Bengaluru",IS,Information Science & Engineering,KKR,36,3,200000,20000,220000,,,,,
COMEDK,2025,E099,"Raja Rajeswari College of Engineering-Kumbalgodu, Bengaluru",RA,Robotics & Automation,GM,5,4,200000,20000,220000,85937,85937,,,
COMEDK,2025,E099,"Raja Rajeswari College of Engineering-Kumbalgodu, Bengaluru",RA,Robotics & Automation,KKR,5,1,200000,20000,220000,,,,,
COMEDK,2025,E100,"Rajeev Institute of Technology-BM Bypass Road, Hassan",AD,Artificial Intelligence & Data Science,GM,18,16,200000,20000,220000,,81336,,,
COMEDK,2025,E100,"Rajeev Institute of Technology-BM Bypass Road, Hassan",AD,Artificial Intelligence & Data Science,KKR,18,2,200000,20000,220000,,,,,
COMEDK,2025,E100,"Rajeev Institute of Technology-BM Bypass Road, Hassan",CI,Computer Science & Engineering (Artificial & Machine Learning),GM,18,16,200000,20000,220000,,,,,
COMEDK,2025,E100,"Rajeev Institute of Technology-BM Bypass Road, Hassan",CI,Computer Science & Engineering (Artificial & Machine Learning),KKR,18,2,200000,20000,220000,,,,,
COMEDK,2025,E100,"Rajeev Institute of Technology-BM Bypass Road, Hassan",CS,Computer Science & Engineering,GM,54,48,200000,20000,220000,,111515,,,
COMEDK,2025,E100,"Rajeev Institute of Technology-BM Bypass Road, Hassan",CS,Computer Science & Engineering,KKR,54,6,200000,20000,220000,,,,,
COMEDK,2025,E100,"Rajeev Institute of Technology-BM Bypass Road, Hassan",CV,Civil Engineering,GM,9,8,80000,20000,100000,,,,,
COMEDK,2025,E100,"Rajeev Institute of Technology-BM Bypass Road, Hassan",CV,Civil Engineering,KKR,9,1,80000,20000,100000,,,,,
COMEDK,2025,E100,"Rajeev Institute of Technology-BM Bypass Road, Hassan",EC,Electronics & Communication Engineering,GM,36,33,150000,20000,170000,86802,86802,,,
COMEDK,2025,E100,"Rajeev Institute of Technology-BM Bypass Road, Hassan",EC,Electronics & Communication Engineering,KKR,36,3,150000,20000,170000,,,,,
COMEDK,2025,E100,"Rajeev Institute of Technology-BM Bypass Road, Hassan",EE,Electrical & Electronics Engineering,GM,18,16,101610,20000,121610,,,,,
COMEDK,2025,E100,"Rajeev Institute of Technology-BM Bypass Road, Hassan",EE,Electrical & Electronics Engineering,KKR,18,2,101610,20000,121610,,,,,
COMEDK,2025,E100,"Rajeev Institute of Technology-BM Bypass Road, Hassan",IS,Information Science & Engineering,GM,18,16,200000,20000,220000,,,,,
COMEDK,2025,E100,"Rajeev Institute of Technology-BM Bypass Road, Hassan",IS,Information Science & Engineering,KKR,18,2,200000,20000,220000,,,,,
COMEDK,2025,E100,"Rajeev Institute of Technology-BM Bypass Road, Hassan",ME,Mechanical Engineering,GM,9,8,80000,20000,100000,,89946,,,
COMEDK,2025,E100,"Rajeev Institute of Technology-BM Bypass Road, Hassan",ME,Mechanical Engineering,KKR,9,1,80000,20000,100000,,,,,
COMEDK,2025,E100,"Rajeev Institute of Technology-BM Bypass Road, Hassan",VL,Electronics Engineering (VLSI Design & Technology),GM,18,16,100000,20000,120000,,,,,
COMEDK,2025,E100,"Rajeev Institute of Technology-BM Bypass Road, Hassan",VL,Electronics Engineering (VLSI Design & Technology),KKR,18,2,100000,20000,120000,,,,,
COMEDK,2025,E101,"Rajiv Gandhi Institute of Technology-R T Nagar Post, Bengaluru",AI,Artificial Intelligence & Machine Learning,GM,9,7,155000,20000,175000,86945,78741,,72485,
COMEDK,2025,E101,"Rajiv Gandhi Institute of Technology-R T Nagar Post, Bengaluru",AI,Artificial Intelligence & Machine Learning,KKR,9,2,155000,20000,175000,,,,,
COMEDK,2025,E101,"Rajiv Gandhi Institute of Technology-R T Nagar Post, Bengaluru",BM,Bio-Medical Engineering,GM,9,7,80000,20000,100000,90728,68507,,96470,
COMEDK,2025,E101,"Rajiv Gandhi Institute of Technology-R T Nagar Post, Bengaluru",BM,Bio-Medical Engineering,KKR,9,2,80000,20000,100000,,,,,
COMEDK,2025,E101,"Rajiv Gandhi Institute of Technology-R T Nagar Post, Bengaluru",CA,Computer Science & Engineering (Artificial,GM,9,7,155000,20000,175000,53038,44085,,,
COMEDK,2025,E101,"Rajiv Gandhi Institute of Technology-R T Nagar Post, Bengaluru",CA,Computer Science & Engineering (Artificial,KKR,9,2,155000,20000,175000,,,,,
COMEDK,2025,E101,"Rajiv Gandhi Institute of Technology-R T Nagar Post, Bengaluru",CS,Computer Science & Engineering,GM,36,27,186111,20000,206111,,89437,,103272,
COMEDK,2025,E101,"Rajiv Gandhi Institute of Technology-R T Nagar Post, Bengaluru",CS,Computer Science & Engineering,KKR,36,9,186111,20000,206111,,,,,
COMEDK,2025,E101,"Rajiv Gandhi Institute of Technology-R T Nagar Post, Bengaluru",EC,Electronics & Communication Engineering,GM,18,13,80000,20000,100000,96226,110946,,67192,
COMEDK,2025,E101,"Rajiv Gandhi Institute of Technology-R T Nagar Post, Bengaluru",EC,Electronics & Communication Engineering,KKR,18,5,80000,20000,100000,,,,,
COMEDK,2025,E101,"Rajiv Gandhi Institute of Technology-R T Nagar Post, Bengaluru",EE,Electrical & Electronics Engineering,GM,18,13,70000,20000,90000,,,,,
COMEDK,2025,E101,"Rajiv Gandhi Institute of Technology-R T Nagar Post, Bengaluru",EE,Electrical & Electronics Engineering,KKR,18,5,70000,20000,90000,,,,,
COMEDK,2025,E101,"Rajiv Gandhi Institute of Technology-R T Nagar Post, Bengaluru",IC,Computer Science & Engineering (IOT & Cyber Including Block Chain Technology),GM,9,7,155000,20000,175000,35839,111754,,,
COMEDK,2025,E101,"Rajiv Gandhi Institute of Technology-R T Nagar Post, Bengaluru",IC,Computer Science & Engineering (IOT & Cyber Including Block Chain Technology),KKR,9,2,155000,20000,175000,,,,,
COMEDK,2025,E101,"Rajiv Gandhi Institute of Technology-R T Nagar Post, Bengaluru",IS,Information Science & Engineering,GM,9,7,130000,20000,150000,82104,82104,,,
COMEDK,2025,E101,"Rajiv Gandhi Institute of Technology-R T Nagar Post, Bengaluru",IS,Information Science & Engineering,KKR,9,2,130000,20000,150000,,,,,
COMEDK,2025,E101,"Rajiv Gandhi Institute of Technology-R T Nagar Post, Bengaluru",ME,Mechanical Engineering,GM,9,7,45000,20000,65000,81145,110992,,,
COMEDK,2025,E101,"Rajiv Gandhi Institute of Technology-R T Nagar Post, Bengaluru",ME,Mechanical Engineering,KKR,9,2,45000,20000,65000,,,,,
COMEDK,2025,E102,"Rao Bahadur Y Mahabaleswarappa Engineering College-Cantonment, Ballari",CD,Computer Science & Engineering (Data Science),GM,18,5,175000,20000,195000,,,,,
COMEDK,2025,E102,"Rao Bahadur Y Mahabaleswarappa Engineering College-Cantonment, Ballari",CD,Computer Science & Engineering (Data Science),KKR,18,13,175000,20000,195000,,,,,
COMEDK,2025,E102,"Rao Bahadur Y Mahabaleswarappa Engineering College-Cantonment, Ballari",CI,Computer Science & Engineering (Artificial & Machine Learning),GM,36,10,200000,20000,220000,92820,92820,,,
COMEDK,2025,E102,"Rao Bahadur Y Mahabaleswarappa Engineering College-Cantonment, Ballari",CI,Computer Science & Engineering (Artificial & Machine Learning),KKR,36,26,200000,20000,220000,,,,,
COMEDK,2025,E102,"Rao Bahadur Y Mahabaleswarappa Engineering College-Cantonment, Ballari",CS,Computer Science & Engineering,GM,54,16,200000,20000,220000,,31584,,,
COMEDK,2025,E102,"Rao Bahadur Y Mahabaleswarappa Engineering College-Cantonment, Ballari",CS,Computer Science & Engineering,KKR,54,38,200000,20000,220000,,,,,
COMEDK,2025,E102,"Rao Bahadur Y Mahabaleswarappa Engineering College-Cantonment, Ballari",CV,Civil Engineering,GM,18,5,100000,20000,120000,,,,,
COMEDK,2025,E102,"Rao Bahadur Y Mahabaleswarappa Engineering College-Cantonment, Ballari",CV,Civil Engineering,KKR,18,13,100000,20000,120000,,,,,
COMEDK,2025,E102,"Rao Bahadur Y Mahabaleswarappa Engineering College-Cantonment, Ballari",CY,Computer Science & Engineering (Cyber Security),GM,18,5,175000,20000,195000,,,,,
COMEDK,2025,E102,"Rao Bahadur Y Mahabaleswarappa Engineering College-Cantonment, Ballari",CY,Computer Science & Engineering (Cyber Security),KKR,18,13,175000,20000,195000,,,,,
COMEDK,2025,E102,"Rao Bahadur Y Mahabaleswarappa Engineering College-Cantonment, Ballari",EC,Electronics & Communication Engineering,GM,36,10,175000,20000,195000,,,,,
COMEDK,2025,E102,"Rao Bahadur Y Mahabaleswarappa Engineering College-Cantonment, Ballari",EC,Electronics & Communication Engineering,KKR,36,26,175000,20000,195000,,,,,
COMEDK,2025,E102,"Rao Bahadur Y Mahabaleswarappa Engineering College-Cantonment, Ballari",EE,Electrical & Electronics Engineering,GM,36,10,120000,20000,140000,,,,,
COMEDK,2025,E102,"Rao Bahadur Y Mahabaleswarappa Engineering College-Cantonment, Ballari",EE,Electrical & Electronics Engineering,KKR,36,26,120000,20000,140000,,,,,
COMEDK,2025,E102,"Rao Bahadur Y Mahabaleswarappa Engineering College-Cantonment, Ballari",IS,Information Science & Engineering,GM,36,10,175000,20000,195000,,,,,
COMEDK,2025,E102,"Rao Bahadur Y Mahabaleswarappa Engineering College-Cantonment, Ballari",IS,Information Science & Engineering,KKR,36,26,175000,20000,195000,,,,,
COMEDK,2025,E102,"Rao Bahadur Y Mahabaleswarappa Engineering College-Cantonment, Ballari",ME,Mechanical Engineering,GM,36,10,100000,20000,120000,,,,,
COMEDK,2025,E102,"Rao Bahadur Y Mahabaleswarappa Engineering College-Cantonment, Ballari",ME,Mechanical Engineering,KKR,36,26,100000,20000,120000,,,,,
COMEDK,2025,E104,"RNS Institute of Technology-R R Nagar Post, Bengaluru",CD,Computer Science & Engineering (Data Science),GM,54,49,281100,20000,301100,,21321,,34045,48497
COMEDK,2025,E104,"RNS Institute of Technology-R R Nagar Post, Bengaluru",CD,Computer Science & Engineering (Data Science),KKR,54,5,281100,20000,301100,,50313,64916,,
COMEDK,2025,E104,"RNS Institute of Technology-R R Nagar Post, Bengaluru",CI,Computer Science & Engineering (Artificial & Machine Learning),GM,138,126,281100,20000,301100,23817,21176,,33681,46906
COMEDK,2025,E104,"RNS Institute of Technology-R R Nagar Post, Bengaluru",CI,Computer Science & Engineering (Artificial & Machine Learning),KKR,138,12,281100,20000,301100,58192,49407,,,
COMEDK,2025,E104,"RNS Institute of Technology-R R Nagar Post, Bengaluru",CS,Computer Science & Engineering,GM,246,226,281100,20000,301100,,18267,,30222,42678
COMEDK,2025,E104,"RNS Institute of Technology-R R Nagar Post, Bengaluru",CS,Computer Science & Engineering,KKR,246,20,281100,20000,301100,,44701,52821,,
COMEDK,2025,E104,"RNS Institute of Technology-R R Nagar Post, Bengaluru",CV,Civil Engineering,GM,10,9,281100,20000,301100,62208,53354,,92294,
COMEDK,2025,E104,"RNS Institute of Technology-R R Nagar Post, Bengaluru",CV,Civil Engineering,KKR,10,1,281100,20000,301100,,84129,,,
COMEDK,2025,E104,"RNS Institute of Technology-R R Nagar Post, Bengaluru",CY,Computer Science & Engineering (Cyber Security),GM,36,33,281100,20000,301100,24389,21966,,35124,50778
COMEDK,2025,E104,"RNS Institute of Technology-R R Nagar Post, Bengaluru",CY,Computer Science & Engineering (Cyber Security),KKR,36,3,281100,20000,301100,65407,53984,69057,,
COMEDK,2025,E104,"RNS Institute of Technology-R R Nagar Post, Bengaluru",EC,Electronics & Communication Engineering,GM,72,66,281100,20000,301100,28423,24600,,40410,68546
COMEDK,2025,E104,"RNS Institute of Technology-R R Nagar Post, Bengaluru",EC,Electronics & Communication Engineering,KKR,72,6,281100,20000,301100,69830,58916,80616,,
COMEDK,2025,E104,"RNS Institute of Technology-R R Nagar Post, Bengaluru",EE,Electrical & Electronics Engineering,GM,3,2,281100,20000,301100,,26020,,45507,89917
COMEDK,2025,E104,"RNS Institute of Technology-R R Nagar Post, Bengaluru",EE,Electrical & Electronics Engineering,KKR,3,1,281100,20000,301100,,74896,,,
COMEDK,2025,E104,"RNS Institute of Technology-R R Nagar Post, Bengaluru",ME,Mechanical Engineering,GM,3,2,281100,20000,301100,38430,36920,,57487,89591
COMEDK,2025,E104,"RNS Institute of Technology-R R Nagar Post, Bengaluru",ME,Mechanical Engineering,KKR,3,1,281100,20000,301100,,,,,
COMEDK,2025,E105,"Bheemanna Khandre Institute of Technology-Bhalki, Bidar",CD,Computer Science & Engineering (Data Science),GM,18,5,200000,20000,220000,,83596,,,
COMEDK,2025,E105,"Bheemanna Khandre Institute of Technology-Bhalki, Bidar",CD,Computer Science & Engineering (Data Science),KKR,18,13,200000,20000,220000,,,,,
COMEDK,2025,E105,"Bheemanna Khandre Institute of Technology-Bhalki, Bidar",CH,Chemical Engineering,GM,9,2,200000,20000,220000,,52875,,,
COMEDK,2025,E105,"Bheemanna Khandre Institute of Technology-Bhalki, Bidar",CH,Chemical Engineering,KKR,9,7,200000,20000,220000,,,,,
COMEDK,2025,E105,"Bheemanna Khandre Institute of Technology-Bhalki, Bidar",CI,Computer Science & Engineering (Artificial & Machine Learning),GM,18,5,200000,20000,220000,,,,,
COMEDK,2025,E105,"Bheemanna Khandre Institute of Technology-Bhalki, Bidar",CI,Computer Science & Engineering (Artificial & Machine Learning),KKR,18,13,200000,20000,220000,,,,,
COMEDK,2025,E105,"Bheemanna Khandre Institute of Technology-Bhalki, Bidar",CS,Computer Science & Engineering,GM,36,10,200000,20000,220000,,59258,,,
COMEDK,2025,E105,"Bheemanna Khandre Institute of Technology-Bhalki, Bidar",CS,Computer Science & Engineering,KKR,36,26,200000,20000,220000,,,,,
COMEDK,2025,E105,"Bheemanna Khandre Institute of Technology-Bhalki, Bidar",CV,Civil Engineering,GM,18,5,200000,20000,220000,,,,,
COMEDK,2025,E105,"Bheemanna Khandre Institute of Technology-Bhalki, Bidar",CV,Civil Engineering,KKR,18,13,200000,20000,220000,,,,,
COMEDK,2025,E105,"Bheemanna Khandre Institute of Technology-Bhalki, Bidar",CY,Computer Science & Engineering (Cyber Security),GM,18,5,200000,20000,220000,,,,,
COMEDK,2025,E105,"Bheemanna Khandre Institute of Technology-Bhalki, Bidar",CY,Computer Science & Engineering (Cyber Security),KKR,18,13,200000,20000,220000,,,,,
COMEDK,2025,E105,"Bheemanna Khandre Institute of Technology-Bhalki, Bidar",EC,Electronics & Communication Engineering,GM,36,10,200000,20000,220000,,,,,
COMEDK,2025,E105,"Bheemanna Khandre Institute of Technology-Bhalki, Bidar",EC,Electronics & Communication Engineering,KKR,36,26,200000,20000,220000,,,,,
COMEDK,2025,E105,"Bheemanna Khandre Institute of Technology-Bhalki, Bidar",ME,Mechanical Engineering,GM,9,2,200000,20000,220000,,,,,
COMEDK,2025,E105,"Bheemanna Khandre Institute of Technology-Bhalki, Bidar",ME,Mechanical Engineering,KKR,9,7,200000,20000,220000,,,,,
COMEDK,2025,E107,"SJB Institute of Technology-Kengeri, Bengaluru",AI,Artificial Intelligence & Machine Learning,GM,18,16,281100,20000,301100,33354,32855,,55981,103454
COMEDK,2025,E107,"SJB Institute of Technology-Kengeri, Bengaluru",AI,Artificial Intelligence & Machine Learning,KKR,18,2,281100,20000,301100,89424,69830,110166,,
COMEDK,2025,E107,"SJB Institute of Technology-Kengeri, Bengaluru",CD,Computer Science & Engineering (Data Science),GM,18,16,281100,20000,301100,,33868,,62287,111065
COMEDK,2025,E107,"SJB Institute of Technology-Kengeri, Bengaluru",CD,Computer Science & Engineering (Data Science),KKR,18,2,281100,20000,301100,,86446,,,
COMEDK,2025,E107,"SJB Institute of Technology-Kengeri, Bengaluru",CS,Computer Science & Engineering,GM,72,66,281100,20000,301100,,32276,,53748,108764
COMEDK,2025,E107,"SJB Institute of Technology-Kengeri, Bengaluru",CS,Computer Science & Engineering,KKR,72,6,281100,20000,301100,,76529,85620,,
COMEDK,2025,E107,"SJB Institute of Technology-Kengeri, Bengaluru",CV,Civil Engineering,GM,18,16,200000,20000,220000,68684,107641,,,
COMEDK,2025,E107,"SJB Institute of Technology-Kengeri, Bengaluru",CV,Civil Engineering,KKR,18,2,200000,20000,220000,,,,,
COMEDK,2025,E107,"SJB Institute of Technology-Kengeri, Bengaluru",EC,Electronics & Communication Engineering,GM,54,49,281100,20000,301100,52039,47075,,109664,49351
COMEDK,2025,E107,"SJB Institute of Technology-Kengeri, Bengaluru",EC,Electronics & Communication Engineering,KKR,54,5,281100,20000,301100,,110168,,,
COMEDK,2025,E107,"SJB Institute of Technology-Kengeri, Bengaluru",EE,Electrical & Electronics Engineering,GM,18,16,200000,20000,220000,,69699,,,
COMEDK,2025,E107,"SJB Institute of Technology-Kengeri, Bengaluru",EE,Electrical & Electronics Engineering,KKR,18,2,200000,20000,220000,,,,,
COMEDK,2025,E107,"SJB Institute of Technology-Kengeri, Bengaluru",IS,Information Science & Engineering,GM,54,49,281100,20000,301100,44389,40922,,71438,94373
COMEDK,2025,E107,"SJB Institute of Technology-Kengeri, Bengaluru",IS,Information Science & Engineering,KKR,54,5,281100,20000,301100,91435,93275,,,
COMEDK,2025,E107,"SJB Institute of Technology-Kengeri, Bengaluru",ME,Mechanical Engineering,GM,18,16,281100,20000,301100,109728,109728,,,
COMEDK,2025,E107,"SJB Institute of Technology-Kengeri, Bengaluru",ME,Mechanical Engineering,KKR,18,2,281100,20000,301100,,,,,
COMEDK,2025,E108,"S J C Institute of Technology-BB Road, Chikkaballapur",AD,Artificial Intelligence & Data Science,GM,18,16,200000,20000,220000,,103949,,,
COMEDK,2025,E108,"S J C Institute of Technology-BB Road, Chikkaballapur",AD,Artificial Intelligence & Data Science,KKR,18,2,200000,20000,220000,,,,,
COMEDK,2025,E108,"S J C Institute of Technology-BB Road, Chikkaballapur",AE,Aeronautical Engineering,GM,9,8,200000,20000,220000,,111798,,,
COMEDK,2025,E108,"S J C Institute of Technology-BB Road, Chikkaballapur",AE,Aeronautical Engineering,KKR,9,1,200000,20000,220000,,,,,
COMEDK,2025,E108,"S J C Institute of Technology-BB Road, Chikkaballapur",AS,Aerospace Engineering,GM,9,8,200000,20000,220000,74075,39464,,110023,
COMEDK,2025,E108,"S J C Institute of Technology-BB Road, Chikkaballapur",AS,Aerospace Engineering,KKR,9,1,200000,20000,220000,,,,,
COMEDK,2025,E108,"S J C Institute of Technology-BB Road, Chikkaballapur",CG,Computer Science & Design,GM,18,16,200000,20000,220000,50876,38511,,,
COMEDK,2025,E108,"S J C Institute of Technology-BB Road, Chikkaballapur",CG,Computer Science & Design,KKR,18,2,200000,20000,220000,,,,,
COMEDK,2025,E108,"S J C Institute of Technology-BB Road, Chikkaballapur",CI,Computer Science & Engineering (Artificial & Machine Learning),GM,18,16,200000,20000,220000,105536,105536,,62272,
COMEDK,2025,E108,"S J C Institute of Technology-BB Road, Chikkaballapur",CI,Computer Science & Engineering (Artificial & Machine Learning),KKR,18,2,200000,20000,220000,,,,,
COMEDK,2025,E108,"S J C Institute of Technology-BB Road, Chikkaballapur",CK,Civil Engineering (Kannada),GM,9,8,200000,20000,220000,,,,,
COMEDK,2025,E108,"S J C Institute of Technology-BB Road, Chikkaballapur",CK,Civil Engineering (Kannada),KKR,9,1,200000,20000,220000,,,,,
COMEDK,2025,E108,"S J C Institute of Technology-BB Road, Chikkaballapur",CS,Computer Science & Engineering,GM,54,49,200000,20000,220000,,111716,,51440,
COMEDK,2025,E108,"S J C Institute of Technology-BB Road, Chikkaballapur",CS,Computer Science & Engineering,KKR,54,5,200000,20000,220000,,,,,
COMEDK,2025,E108,"S J C Institute of Technology-BB Road, Chikkaballapur",CV,Civil Engineering,GM,3,2,200000,20000,220000,,,,,
COMEDK,2025,E108,"S J C Institute of Technology-BB Road, Chikkaballapur",CV,Civil Engineering,KKR,3,1,200000,20000,220000,,,,,
COMEDK,2025,E108,"S J C Institute of Technology-BB Road, Chikkaballapur",EC,Electronics & Communication Engineering,GM,9,8,200000,20000,220000,88420,88420,,,
COMEDK,2025,E108,"S J C Institute of Technology-BB Road, Chikkaballapur",EC,Electronics & Communication Engineering,KKR,9,1,200000,20000,220000,,,,,
COMEDK,2025,E108,"S J C Institute of Technology-BB Road, Chikkaballapur",IS,Information Science & Engineering,GM,16,14,200000,20000,220000,98759,49999,,,
COMEDK,2025,E108,"S J C Institute of Technology-BB Road, Chikkaballapur",IS,Information Science & Engineering,KKR,16,2,200000,20000,220000,,,,,
COMEDK,2025,E108,"S J C Institute of Technology-BB Road, Chikkaballapur",ME,Mechanical Engineering,GM,9,8,200000,20000,220000,52438,52438,,,
COMEDK,2025,E108,"S J C Institute of Technology-BB Road, Chikkaballapur",ME,Mechanical Engineering,KKR,9,1,200000,20000,220000,,,,,
COMEDK,2025,E109,"S.E.A. College of Engineering and Technology-K R Puram, Bengaluru",AD,Artificial Intelligence & Data Science,GM,18,16,200000,20000,220000,,106414,,,
COMEDK,2025,E109,"S.E.A. College of Engineering and Technology-K R Puram, Bengaluru",AD,Artificial Intelligence & Data Science,KKR,18,2,200000,20000,220000,,,,,
COMEDK,2025,E109,"S.E.A. College of Engineering and Technology-K R Puram, Bengaluru",AG,Agricultural Engineering,GM,9,8,200000,20000,220000,,,,,
COMEDK,2025,E109,"S.E.A. College of Engineering and Technology-K R Puram, Bengaluru",AG,Agricultural Engineering,KKR,9,1,200000,20000,220000,,,,,
COMEDK,2025,E109,"S.E.A. College of Engineering and Technology-K R Puram, Bengaluru",AI,Artificial Intelligence & Machine Learning,GM,18,16,200000,20000,220000,74038,100305,,38473,
COMEDK,2025,E109,"S.E.A. College of Engineering and Technology-K R Puram, Bengaluru",AI,Artificial Intelligence & Machine Learning,KKR,18,2,200000,20000,220000,,,,,
COMEDK,2025,E109,"S.E.A. College of Engineering and Technology-K R Puram, Bengaluru",CS,Computer Science & Engineering,GM,34,31,200000,20000,220000,,107036,,86597,
COMEDK,2025,E109,"S.E.A. College of Engineering and Technology-K R Puram, Bengaluru",CS,Computer Science & Engineering,KKR,34,3,200000,20000,220000,,,,,
COMEDK,2025,E109,"S.E.A. College of Engineering and Technology-K R Puram, Bengaluru",CV,Civil Engineering,GM,9,8,200000,20000,220000,,,,,
COMEDK,2025,E109,"S.E.A. College of Engineering and Technology-K R Puram, Bengaluru",CV,Civil Engineering,KKR,9,1,200000,20000,220000,,,,,
COMEDK,2025,E109,"S.E.A. College of Engineering and Technology-K R Puram, Bengaluru",EC,Electronics & Communication Engineering,GM,8,7,200000,20000,220000,,55964,,,
COMEDK,2025,E109,"S.E.A. College of Engineering and Technology-K R Puram, Bengaluru",EC,Electronics & Communication Engineering,KKR,8,1,200000,20000,220000,,,,,
COMEDK,2025,E109,"S.E.A. College of Engineering and Technology-K R Puram, Bengaluru",IC,Computer Science & Engineering (IOT & Cyber Including Block Chain Technology),GM,8,7,200000,20000,220000,,93242,,,
COMEDK,2025,E109,"S.E.A. College of Engineering and Technology-K R Puram, Bengaluru",IC,Computer Science & Engineering (IOT & Cyber Including Block Chain Technology),KKR,8,1,200000,20000,220000,,,,,
COMEDK,2025,E109,"S.E.A. College of Engineering and Technology-K R Puram, Bengaluru",IS,Information Science & Engineering,GM,8,7,200000,20000,220000,,97024,,,
COMEDK,2025,E109,"S.E.A. College of Engineering and Technology-K R Puram, Bengaluru",IS,Information Science & Engineering,KKR,8,1,200000,20000,220000,,,,,
COMEDK,2025,E109,"S.E.A. College of Engineering and Technology-K R Puram, Bengaluru",ME,Mechanical Engineering,GM,9,8,200000,20000,220000,,,,,
COMEDK,2025,E109,"S.E.A. College of Engineering and Technology-K R Puram, Bengaluru",ME,Mechanical Engineering,KKR,9,1,200000,20000,220000,,,,,
COMEDK,2025,E110,"SSETs S.G. Balekundri Institute of Technology-Shivabasva Nagar, Belagavi",AD,Artificial Intelligence & Data Science,GM,36,33,200000,20000,220000,,101776,,101776,
COMEDK,2025,E110,"SSETs S.G. Balekundri Institute of Technology-Shivabasva Nagar, Belagavi",AD,Artificial Intelligence & Data Science,KKR,36,3,200000,20000,220000,,,,,
COMEDK,2025,E110,"SSETs S.G. Balekundri Institute of Technology-Shivabasva Nagar, Belagavi",CB,Computer Science & Business Systems,GM,36,33,200000,20000,220000,,110996,,,
COMEDK,2025,E110,"SSETs S.G. Balekundri Institute of Technology-Shivabasva Nagar, Belagavi",CB,Computer Science & Business Systems,KKR,36,3,200000,20000,220000,,,,,
COMEDK,2025,E110,"SSETs S.G. Balekundri Institute of Technology-Shivabasva Nagar, Belagavi",CS,Computer Science & Engineering,GM,54,49,200000,20000,220000,,108233,,104814,86752
COMEDK,2025,E110,"SSETs S.G. Balekundri Institute of Technology-Shivabasva Nagar, Belagavi",CS,Computer Science & Engineering,KKR,54,5,200000,20000,220000,,,,,
COMEDK,2025,E110,"SSETs S.G. Balekundri Institute of Technology-Shivabasva Nagar, Belagavi",CV,Civil Engineering,GM,18,16,200000,20000,220000,,,,,
COMEDK,2025,E110,"SSETs S.G. Balekundri Institute of Technology-Shivabasva Nagar, Belagavi",CV,Civil Engineering,KKR,18,2,200000,20000,220000,,,,,
COMEDK,2025,E110,"SSETs S.G. Balekundri Institute of Technology-Shivabasva Nagar, Belagavi",EC,Electronics & Communication Engineering,GM,36,33,200000,20000,220000,90429,90429,,,
COMEDK,2025,E110,"SSETs S.G. Balekundri Institute of Technology-Shivabasva Nagar, Belagavi",EC,Electronics & Communication Engineering,KKR,36,3,200000,20000,220000,,,,,
COMEDK,2025,E110,"SSETs S.G. Balekundri Institute of Technology-Shivabasva Nagar, Belagavi",EE,Electrical & Electronics Engineering,GM,18,16,200000,20000,220000,,,,,
COMEDK,2025,E110,"SSETs S.G. Balekundri Institute of Technology-Shivabasva Nagar, Belagavi",EE,Electrical & Electronics Engineering,KKR,18,2,200000,20000,220000,,,,,
COMEDK,2025,E110,"SSETs S.G. Balekundri Institute of Technology-Shivabasva Nagar, Belagavi",ME,Mechanical Engineering,GM,18,16,200000,20000,220000,,,,,
COMEDK,2025,E110,"SSETs S.G. Balekundri Institute of Technology-Shivabasva Nagar, Belagavi",ME,Mechanical Engineering,KKR,18,2,200000,20000,220000,,,,,
COMEDK,2025,E111,"S.J.P.N Trust s Hirasugar Institute of Technology-Nidasoshi, Belagavi",CS,Computer Science & Engineering,GM,36,33,200000,20000,220000,,,,,
COMEDK,2025,E111,"S.J.P.N Trust s Hirasugar Institute of Technology-Nidasoshi, Belagavi",CS,Computer Science & Engineering,KKR,36,3,200000,20000,220000,,,,,
COMEDK,2025,E111,"S.J.P.N Trust s Hirasugar Institute of Technology-Nidasoshi, Belagavi",EC,Electronics & Communication Engineering,GM,36,33,200000,20000,220000,,,,,
COMEDK,2025,E111,"S.J.P.N Trust s Hirasugar Institute of Technology-Nidasoshi, Belagavi",EC,Electronics & Communication Engineering,KKR,36,3,200000,20000,220000,,,,,
COMEDK,2025,E111,"S.J.P.N Trust s Hirasugar Institute of Technology-Nidasoshi, Belagavi",EE,Electrical & Electronics Engineering,GM,18,16,200000,20000,220000,,,,,
COMEDK,2025,E111,"S.J.P.N Trust s Hirasugar Institute of Technology-Nidasoshi, Belagavi",EE,Electrical & Electronics Engineering,KKR,18,2,200000,20000,220000,,,,,
COMEDK,2025,E111,"S.J.P.N Trust s Hirasugar Institute of Technology-Nidasoshi, Belagavi",ME,Mechanical Engineering,GM,18,16,200000,20000,220000,,,,,
COMEDK,2025,E111,"S.J.P.N Trust s Hirasugar Institute of Technology-Nidasoshi, Belagavi",ME,Mechanical Engineering,KKR,18,2,200000,20000,220000,,,,,
COMEDK,2025,E112,"Sahyadri College of Engineering and Management-Adyar, Mangaluru",CI,Computer Science & Engineering (Artificial & Machine Learning),GM,54,25,281100,20000,301100,76763,64718,,103600,
COMEDK,2025,E112,"Sahyadri College of Engineering and Management-Adyar, Mangaluru",CI,Computer Science & Engineering (Artificial & Machine Learning),KKR,54,29,281100,20000,301100,,,,,
COMEDK,2025,E112,"Sahyadri College of Engineering and Management-Adyar, Mangaluru",CS,Computer Science & Engineering,GM,72,40,281100,20000,301100,,69000,,104962,100034
COMEDK,2025,E112,"Sahyadri College of Engineering and Management-Adyar, Mangaluru",CS,Computer Science & Engineering,KKR,72,32,281100,20000,301100,,,,,
COMEDK,2025,E112,"Sahyadri College of Engineering and Management-Adyar, Mangaluru",EC,Electronics & Communication Engineering,GM,36,20,281100,20000,301100,94385,102881,,,
COMEDK,2025,E112,"Sahyadri College of Engineering and Management-Adyar, Mangaluru",EC,Electronics & Communication Engineering,KKR,36,16,281100,20000,301100,,,,,
COMEDK,2025,E112,"Sahyadri College of Engineering and Management-Adyar, Mangaluru",IS,Information Science & Engineering,GM,36,15,281100,20000,301100,102881,99043,,102448,
COMEDK,2025,E112,"Sahyadri College of Engineering and Management-Adyar, Mangaluru",IS,Information Science & Engineering,KKR,36,21,281100,20000,301100,,,,,
COMEDK,2025,E112,"Sahyadri College of Engineering and Management-Adyar, Mangaluru",ME,Mechanical Engineering,GM,18,10,281100,20000,301100,97734,97734,,,
COMEDK,2025,E112,"Sahyadri College of Engineering and Management-Adyar, Mangaluru",ME,Mechanical Engineering,KKR,18,8,281100,20000,301100,,,,,
COMEDK,2025,E112,"Sahyadri College of Engineering and Management-Adyar, Mangaluru",RA,Robotics & Automation,GM,18,10,281100,20000,301100,109219,109219,,55193,
COMEDK,2025,E112,"Sahyadri College of Engineering and Management-Adyar, Mangaluru",RA,Robotics & Automation,KKR,18,8,281100,20000,301100,,,,,
COMEDK,2025,E113,"Sai Vidya Institute of Technology-Rajan Kunte, Bengaluru",CD,Computer Science & Engineering (Data Science),GM,36,33,180000,20000,200000,,111627,,,
COMEDK,2025,E113,"Sai Vidya Institute of Technology-Rajan Kunte, Bengaluru",CD,Computer Science & Engineering (Data Science),KKR,36,3,180000,20000,200000,,,,,
COMEDK,2025,E113,"Sai Vidya Institute of Technology-Rajan Kunte, Bengaluru",CI,Computer Science & Engineering (Artificial & Machine Learning),GM,36,33,200000,20000,220000,110575,98922,,110575,
COMEDK,2025,E113,"Sai Vidya Institute of Technology-Rajan Kunte, Bengaluru",CI,Computer Science & Engineering (Artificial & Machine Learning),KKR,36,3,200000,20000,220000,,,,,
COMEDK,2025,E113,"Sai Vidya Institute of Technology-Rajan Kunte, Bengaluru",CS,Computer Science & Engineering,GM,54,49,200000,20000,220000,,81475,,107167,106788
COMEDK,2025,E113,"Sai Vidya Institute of Technology-Rajan Kunte, Bengaluru",CS,Computer Science & Engineering,KKR,54,5,200000,20000,220000,,93094,,,
COMEDK,2025,E113,"Sai Vidya Institute of Technology-Rajan Kunte, Bengaluru",CV,Civil Engineering,GM,9,8,80000,20000,100000,,105192,,,
COMEDK,2025,E113,"Sai Vidya Institute of Technology-Rajan Kunte, Bengaluru",CV,Civil Engineering,KKR,9,1,80000,20000,100000,,,,,
COMEDK,2025,E113,"Sai Vidya Institute of Technology-Rajan Kunte, Bengaluru",EC,Electronics & Communication Engineering,GM,36,33,130000,20000,150000,100699,108623,,33986,
COMEDK,2025,E113,"Sai Vidya Institute of Technology-Rajan Kunte, Bengaluru",EC,Electronics & Communication Engineering,KKR,36,3,130000,20000,150000,,,,,
COMEDK,2025,E113,"Sai Vidya Institute of Technology-Rajan Kunte, Bengaluru",IS,Information Science & Engineering,GM,36,33,180000,20000,200000,73656,106810,,,
COMEDK,2025,E113,"Sai Vidya Institute of Technology-Rajan Kunte, Bengaluru",IS,Information Science & Engineering,KKR,36,3,180000,20000,200000,,,,,
COMEDK,2025,E113,"Sai Vidya Institute of Technology-Rajan Kunte, Bengaluru",ME,Mechanical Engineering,GM,9,8,80000,20000,100000,83745,97836,,,
COMEDK,2025,E113,"Sai Vidya Institute of Technology-Rajan Kunte, Bengaluru",ME,Mechanical Engineering,KKR,9,1,80000,20000,100000,,,,,
COMEDK,2025,E114,"Sambhram Institute of Technology-Jalahalli East, Bengaluru",AD,Artificial Intelligence & Data Science,GM,18,16,186000,20000,206000,,103357,,,
COMEDK,2025,E114,"Sambhram Institute of Technology-Jalahalli East, Bengaluru",AD,Artificial Intelligence & Data Science,KKR,18,2,186000,20000,206000,,,,,
COMEDK,2025,E114,"Sambhram Institute of Technology-Jalahalli East, Bengaluru",AI,Artificial Intelligence & Machine Learning,GM,18,16,200000,20000,220000,107883,107883,,,
COMEDK,2025,E114,"Sambhram Institute of Technology-Jalahalli East, Bengaluru",AI,Artificial Intelligence & Machine Learning,KKR,18,2,200000,20000,220000,,,,,
COMEDK,2025,E114,"Sambhram Institute of Technology-Jalahalli East, Bengaluru",CS,Computer Science & Engineering,GM,72,66,200000,20000,220000,,110352,,,
COMEDK,2025,E114,"Sambhram Institute of Technology-Jalahalli East, Bengaluru",CS,Computer Science & Engineering,KKR,72,6,200000,20000,220000,,,,,
COMEDK,2025,E114,"Sambhram Institute of Technology-Jalahalli East, Bengaluru",CY,Computer Science & Engineering (Cyber Security),GM,18,16,186000,20000,206000,107636,107636,,,
COMEDK,2025,E114,"Sambhram Institute of Technology-Jalahalli East, Bengaluru",CY,Computer Science & Engineering (Cyber Security),KKR,18,2,186000,20000,206000,,,,,
COMEDK,2025,E114,"Sambhram Institute of Technology-Jalahalli East, Bengaluru",EC,Electronics & Communication Engineering,GM,36,33,186000,20000,206000,94126,67250,,,
COMEDK,2025,E114,"Sambhram Institute of Technology-Jalahalli East, Bengaluru",EC,Electronics & Communication Engineering,KKR,36,3,186000,20000,206000,,,,,
COMEDK,2025,E114,"Sambhram Institute of Technology-Jalahalli East, Bengaluru",IS,Information Science & Engineering,GM,18,16,186000,20000,206000,70390,74870,,,
COMEDK,2025,E114,"Sambhram Institute of Technology-Jalahalli East, Bengaluru",IS,Information Science & Engineering,KKR,18,2,186000,20000,206000,,,,,
COMEDK,2025,E114,"Sambhram Institute of Technology-Jalahalli East, Bengaluru",ME,Mechanical Engineering,GM,18,16,186000,20000,206000,,,,90200,
COMEDK,2025,E114,"Sambhram Institute of Technology-Jalahalli East, Bengaluru",ME,Mechanical Engineering,KKR,18,2,186000,20000,206000,,,,,
COMEDK,2025,E116,"Sapthagiri NPS University-Hesarghatta Main Road, Bengaluru",CD,Computer Science & Engineering (Data Science),GM,30,27,240000,20000,260000,,58808,,103424,
COMEDK,2025,E116,"Sapthagiri NPS University-Hesarghatta Main Road, Bengaluru",CD,Computer Science & Engineering (Data Science),KKR,30,3,240000,20000,260000,,79991,,,
COMEDK,2025,E116,"Sapthagiri NPS University-Hesarghatta Main Road, Bengaluru",CS,Computer Science & Engineering,GM,30,27,240000,20000,260000,,49468,,110300,83561
COMEDK,2025,E116,"Sapthagiri NPS University-Hesarghatta Main Road, Bengaluru",CS,Computer Science & Engineering,KKR,30,3,240000,20000,260000,,,,,
COMEDK,2025,E116,"Sapthagiri NPS University-Hesarghatta Main Road, Bengaluru",EC,Electronics & Communication Engineering,GM,5,4,210000,20000,230000,61540,50650,,88619,97031
COMEDK,2025,E116,"Sapthagiri NPS University-Hesarghatta Main Road, Bengaluru",EC,Electronics & Communication Engineering,KKR,5,1,210000,20000,230000,,,,,
COMEDK,2025,E116,"Sapthagiri NPS University-Hesarghatta Main Road, Bengaluru",EE,Electrical & Electronics Engineering,GM,5,4,160000,20000,180000,,70795,,93840,
COMEDK,2025,E116,"Sapthagiri NPS University-Hesarghatta Main Road, Bengaluru",EE,Electrical & Electronics Engineering,KKR,5,1,160000,20000,180000,,,,,
COMEDK,2025,E117,"SDM College of Engineering and Technology, Tulu Minority-Kalaghatagi, Dharwad",AI,Artificial Intelligence & Machine Learning,GM,18,16,281100,20000,301100,42312,39776,,55939,75645
COMEDK,2025,E117,"SDM College of Engineering and Technology, Tulu Minority-Kalaghatagi, Dharwad",AI,Artificial Intelligence & Machine Learning,KKR,18,2,281100,20000,301100,69916,61368,69916,,
COMEDK,2025,E117,"SDM College of Engineering and Technology, Tulu Minority-Kalaghatagi, Dharwad",CH,Chemical Engineering,GM,7,6,94390,20000,114390,70048,42737,,88258,
COMEDK,2025,E117,"SDM College of Engineering and Technology, Tulu Minority-Kalaghatagi, Dharwad",CH,Chemical Engineering,KKR,7,1,94390,20000,114390,101383,,,,
COMEDK,2025,E117,"SDM College of Engineering and Technology, Tulu Minority-Kalaghatagi, Dharwad",CS,Computer Science & Engineering,GM,36,33,281100,20000,301100,,33695,,49002,68774
COMEDK,2025,E117,"SDM College of Engineering and Technology, Tulu Minority-Kalaghatagi, Dharwad",CS,Computer Science & Engineering,KKR,36,3,281100,20000,301100,,56441,56441,,
COMEDK,2025,E117,"SDM College of Engineering and Technology, Tulu Minority-Kalaghatagi, Dharwad",CV,Civil Engineering,GM,7,6,169390,20000,189390,92174,106737,,70309,
COMEDK,2025,E117,"SDM College of Engineering and Technology, Tulu Minority-Kalaghatagi, Dharwad",CV,Civil Engineering,KKR,7,1,169390,20000,189390,,,,,
COMEDK,2025,E117,"SDM College of Engineering and Technology, Tulu Minority-Kalaghatagi, Dharwad",EC,Electronics & Communication Engineering,GM,36,33,281100,20000,301100,50691,47775,,66979,88474
COMEDK,2025,E117,"SDM College of Engineering and Technology, Tulu Minority-Kalaghatagi, Dharwad",EC,Electronics & Communication Engineering,KKR,36,3,281100,20000,301100,84027,76941,85876,,
COMEDK,2025,E117,"SDM College of Engineering and Technology, Tulu Minority-Kalaghatagi, Dharwad",EE,Electrical & Electronics Engineering,GM,18,16,169390,20000,189390,,65635,,107627,104133
COMEDK,2025,E117,"SDM College of Engineering and Technology, Tulu Minority-Kalaghatagi, Dharwad",EE,Electrical & Electronics Engineering,KKR,18,2,169390,20000,189390,,81496,,,
COMEDK,2025,E117,"SDM College of Engineering and Technology, Tulu Minority-Kalaghatagi, Dharwad",IS,Information Science & Engineering,GM,18,16,281100,20000,301100,46296,40963,,57018,79990
COMEDK,2025,E117,"SDM College of Engineering and Technology, Tulu Minority-Kalaghatagi, Dharwad",IS,Information Science & Engineering,KKR,18,2,281100,20000,301100,74251,63963,,,
COMEDK,2025,E117,"SDM College of Engineering and Technology, Tulu Minority-Kalaghatagi, Dharwad",ME,Mechanical Engineering,GM,21,19,144390,20000,164390,109315,99654,,109315,
COMEDK,2025,E117,"SDM College of Engineering and Technology, Tulu Minority-Kalaghatagi, Dharwad",ME,Mechanical Engineering,KKR,21,2,144390,20000,164390,,,,,
COMEDK,2025,E118,"SDM Institute of Technology, Tulu Minority-Ujjire, Dakshina Kannada",AD,Artificial Intelligence & Data Science,GM,2,1,200000,20000,220000,,64100,,77621,
COMEDK,2025,E118,"SDM Institute of Technology, Tulu Minority-Ujjire, Dakshina Kannada",AD,Artificial Intelligence & Data Science,KKR,2,1,200000,20000,220000,,,,,
COMEDK,2025,E118,"SDM Institute of Technology, Tulu Minority-Ujjire, Dakshina Kannada",CS,Computer Science & Engineering,GM,2,1,200000,20000,220000,,40794,,89042,
COMEDK,2025,E118,"SDM Institute of Technology, Tulu Minority-Ujjire, Dakshina Kannada",CS,Computer Science & Engineering,KKR,2,1,200000,20000,220000,,,,,
COMEDK,2025,E118,"SDM Institute of Technology, Tulu Minority-Ujjire, Dakshina Kannada",CV,Civil Engineering,KKR,1,1,60000,20000,80000,,,,,
COMEDK,2025,E118,"SDM Institute of Technology, Tulu Minority-Ujjire, Dakshina Kannada",EC,Electronics & Communication Engineering,GM,2,1,200000,20000,220000,74248,74248,,,97963
COMEDK,2025,E118,"SDM Institute of Technology, Tulu Minority-Ujjire, Dakshina Kannada",EC,Electronics & Communication Engineering,KKR,2,1,200000,20000,220000,,,,,
COMEDK,2025,E118,"SDM Institute of Technology, Tulu Minority-Ujjire, Dakshina Kannada",EE,Electrical & Electronics Engineering,KKR,1,1,100000,20000,120000,,,,,
COMEDK,2025,E118,"SDM Institute of Technology, Tulu Minority-Ujjire, Dakshina Kannada",IS,Information Science & Engineering,GM,2,1,200000,20000,220000,56991,68213,,,
COMEDK,2025,E118,"SDM Institute of Technology, Tulu Minority-Ujjire, Dakshina Kannada",IS,Information Science & Engineering,KKR,2,1,200000,20000,220000,,,,,
COMEDK,2025,E119,"SECAB Institute of Engineering andTechnology-Nauraspur-Bagalkot Road, Vijayapura",AI,Artificial Intelligence & Machine Learning,GM,18,16,200000,200000,,,,,,
COMEDK,2025,E119,"SECAB Institute of Engineering andTechnology-Nauraspur-Bagalkot Road, Vijayapura",AI,Artificial Intelligence & Machine Learning,KKR,18,2,200000,200000,,,,,,
COMEDK,2025,E119,"SECAB Institute of Engineering andTechnology-Nauraspur-Bagalkot Road, Vijayapura",CS,Computer Science & Engineering,GM,36,33,200000,200000,,,60213,,,
COMEDK,2025,E119,"SECAB Institute of Engineering andTechnology-Nauraspur-Bagalkot Road, Vijayapura",CS,Computer Science & Engineering,KKR,36,3,200000,200000,,,,,,
COMEDK,2025,E119,"SECAB Institute of Engineering andTechnology-Nauraspur-Bagalkot Road, Vijayapura",CV,Civil Engineering,GM,9,8,200000,200000,,,,,,
COMEDK,2025,E119,"SECAB Institute of Engineering andTechnology-Nauraspur-Bagalkot Road, Vijayapura",CV,Civil Engineering,KKR,9,1,200000,200000,,,,,,
COMEDK,2025,E119,"SECAB Institute of Engineering andTechnology-Nauraspur-Bagalkot Road, Vijayapura",EC,Electronics & Communication Engineering,GM,18,16,200000,200000,,,,,,
COMEDK,2025,E119,"SECAB Institute of Engineering andTechnology-Nauraspur-Bagalkot Road, Vijayapura",EC,Electronics & Communication Engineering,KKR,18,2,200000,200000,,,,,,
COMEDK,2025,E119,"SECAB Institute of Engineering andTechnology-Nauraspur-Bagalkot Road, Vijayapura",EE,Electrical & Electronics Engineering,GM,18,16,200000,200000,,,,,,
COMEDK,2025,E119,"SECAB Institute of Engineering andTechnology-Nauraspur-Bagalkot Road, Vijayapura",EE,Electrical & Electronics Engineering,KKR,18,2,200000,200000,,,,,,
COMEDK,2025,E119,"SECAB Institute of Engineering andTechnology-Nauraspur-Bagalkot Road, Vijayapura",ME,Mechanical Engineering,GM,9,8,200000,200000,,,,,,
COMEDK,2025,E119,"SECAB Institute of Engineering andTechnology-Nauraspur-Bagalkot Road, Vijayapura",ME,Mechanical Engineering,KKR,9,1,200000,200000,,,,,,
COMEDK,2025,E121,"Sri Sairam College of Engineering-Anekal, Bengaluru",AI,Artificial Intelligence & Machine Learning,GM,36,33,200000,20000,220000,100054,100054,,,
COMEDK,2025,E121,"Sri Sairam College of Engineering-Anekal, Bengaluru",AI,Artificial Intelligence & Machine Learning,KKR,36,3,200000,20000,220000,,,110453,,
COMEDK,2025,E121,"Sri Sairam College of Engineering-Anekal, Bengaluru",CS,Computer Science & Engineering,GM,36,33,200000,20000,220000,,110207,,,
COMEDK,2025,E121,"Sri Sairam College of Engineering-Anekal, Bengaluru",CS,Computer Science & Engineering,KKR,36,3,200000,20000,220000,,,,,
COMEDK,2025,E121,"Sri Sairam College of Engineering-Anekal, Bengaluru",EC,Electronics & Communication Engineering,GM,36,33,200000,20000,220000,109678,,,,
COMEDK,2025,E121,"Sri Sairam College of Engineering-Anekal, Bengaluru",EC,Electronics & Communication Engineering,KKR,36,3,200000,20000,220000,,,,,
COMEDK,2025,E121,"Sri Sairam College of Engineering-Anekal, Bengaluru",EE,Electrical & Electronics Engineering,GM,9,8,200000,20000,220000,,,,,
COMEDK,2025,E121,"Sri Sairam College of Engineering-Anekal, Bengaluru",EE,Electrical & Electronics Engineering,KKR,9,1,200000,20000,220000,,,,,
COMEDK,2025,E121,"Sri Sairam College of Engineering-Anekal, Bengaluru",IC,Computer Science & Engineering (IOT & Cyber Including Block Chain Technology),GM,18,16,200000,20000,220000,99579,99579,,,
COMEDK,2025,E121,"Sri Sairam College of Engineering-Anekal, Bengaluru",IC,Computer Science & Engineering (IOT & Cyber Including Block Chain Technology),KKR,18,2,200000,20000,220000,,,,,
COMEDK,2025,E121,"Sri Sairam College of Engineering-Anekal, Bengaluru",IS,Information Science & Engineering,GM,18,16,200000,20000,220000,,,,,
COMEDK,2025,E121,"Sri Sairam College of Engineering-Anekal, Bengaluru",IS,Information Science & Engineering,KKR,18,2,200000,20000,220000,,,,,
COMEDK,2025,E121,"Sri Sairam College of Engineering-Anekal, Bengaluru",ME,Mechanical Engineering,GM,9,8,200000,20000,220000,,91576,,,
COMEDK,2025,E121,"Sri Sairam College of Engineering-Anekal, Bengaluru",ME,Mechanical Engineering,KKR,9,1,200000,20000,220000,,,,,
COMEDK,2025,E122,"Shree Devi Institute of Technology-Kenjar, Mangaluru",AD,Artificial Intelligence & Data Science,GM,9,8,200000,200000,,,75557,,,
COMEDK,2025,E122,"Shree Devi Institute of Technology-Kenjar, Mangaluru",AD,Artificial Intelligence & Data Science,KKR,9,1,200000,200000,,,,,,
COMEDK,2025,E122,"Shree Devi Institute of Technology-Kenjar, Mangaluru",AE,Aeronautical Engineering,GM,18,16,200000,200000,,,,,,
COMEDK,2025,E122,"Shree Devi Institute of Technology-Kenjar, Mangaluru",AE,Aeronautical Engineering,KKR,18,2,200000,200000,,,,,,
COMEDK,2025,E122,"Shree Devi Institute of Technology-Kenjar, Mangaluru",CI,Computer Science & Engineering (Artificial & Machine Learning),GM,9,8,200000,200000,,,,,81412,
COMEDK,2025,E122,"Shree Devi Institute of Technology-Kenjar, Mangaluru",CI,Computer Science & Engineering (Artificial & Machine Learning),KKR,9,1,200000,200000,,,,,,
COMEDK,2025,E122,"Shree Devi Institute of Technology-Kenjar, Mangaluru",CS,Computer Science & Engineering,GM,54,49,200000,200000,,,87327,,,
COMEDK,2025,E122,"Shree Devi Institute of Technology-Kenjar, Mangaluru",CS,Computer Science & Engineering,KKR,54,5,200000,200000,,,,,,
COMEDK,2025,E122,"Shree Devi Institute of Technology-Kenjar, Mangaluru",CV,Civil Engineering,GM,18,16,200000,200000,,,,,,
COMEDK,2025,E122,"Shree Devi Institute of Technology-Kenjar, Mangaluru",CV,Civil Engineering,KKR,18,2,200000,200000,,,,,,
COMEDK,2025,E122,"Shree Devi Institute of Technology-Kenjar, Mangaluru",EC,Electronics & Communication Engineering,GM,36,33,200000,200000,,,,,,
COMEDK,2025,E122,"Shree Devi Institute of Technology-Kenjar, Mangaluru",EC,Electronics & Communication Engineering,KKR,36,3,200000,200000,,,,,,
COMEDK,2025,E122,"Shree Devi Institute of Technology-Kenjar, Mangaluru",IS,Information Science & Engineering,GM,18,16,200000,200000,,,,,,
COMEDK,2025,E122,"Shree Devi Institute of Technology-Kenjar, Mangaluru",IS,Information Science & Engineering,KKR,18,2,200000,200000,,,,,,
COMEDK,2025,E122,"Shree Devi Institute of Technology-Kenjar, Mangaluru",ME,Mechanical Engineering,GM,18,16,200000,200000,,,,,,
COMEDK,2025,E122,"Shree Devi Institute of Technology-Kenjar, Mangaluru",ME,Mechanical Engineering,KKR,18,2,200000,200000,,,,,,
COMEDK,2025,E123,"Shri Madhwa Vadiraja Institute of Technology and Management-Bantakal, Udupi",AD,Artificial Intelligence & Data Science,GM,18,16,200000,20000,220000,,62552,,62552,
COMEDK,2025,E123,"Shri Madhwa Vadiraja Institute of Technology and Management-Bantakal, Udupi",AD,Artificial Intelligence & Data Science,KKR,18,2,200000,20000,220000,,,,,
COMEDK,2025,E123,"Shri Madhwa Vadiraja Institute of Technology and Management-Bantakal, Udupi",AI,Artificial Intelligence & Machine Learning,GM,18,16,200000,20000,220000,68554,68554,,,
COMEDK,2025,E123,"Shri Madhwa Vadiraja Institute of Technology and Management-Bantakal, Udupi",AI,Artificial Intelligence & Machine Learning,KKR,18,2,200000,20000,220000,,,,,
COMEDK,2025,E123,"Shri Madhwa Vadiraja Institute of Technology and Management-Bantakal, Udupi",CS,Computer Science & Engineering,GM,54,49,200000,20000,220000,,101913,,,
COMEDK,2025,E123,"Shri Madhwa Vadiraja Institute of Technology and Management-Bantakal, Udupi",CS,Computer Science & Engineering,KKR,54,5,200000,20000,220000,,,,,
COMEDK,2025,E123,"Shri Madhwa Vadiraja Institute of Technology and Management-Bantakal, Udupi",EC,Electronics & Communication Engineering,GM,36,33,200000,20000,220000,,94586,,,
COMEDK,2025,E123,"Shri Madhwa Vadiraja Institute of Technology and Management-Bantakal, Udupi",EC,Electronics & Communication Engineering,KKR,36,3,200000,20000,220000,,,,,
COMEDK,2025,E123,"Shri Madhwa Vadiraja Institute of Technology and Management-Bantakal, Udupi",ME,Mechanical Engineering,GM,18,16,200000,20000,220000,,,,,
COMEDK,2025,E123,"Shri Madhwa Vadiraja Institute of Technology and Management-Bantakal, Udupi",ME,Mechanical Engineering,KKR,18,2,200000,20000,220000,,,,,
COMEDK,2025,E124,"Shridevi Institute of Engineering and Technology-Sira Road, Tumakuru",AD,Artificial Intelligence & Data Science,GM,18,16,200000,20000,220000,,95597,,,
COMEDK,2025,E124,"Shridevi Institute of Engineering and Technology-Sira Road, Tumakuru",AD,Artificial Intelligence & Data Science,KKR,18,2,200000,20000,220000,,,,,
COMEDK,2025,E124,"Shridevi Institute of Engineering and Technology-Sira Road, Tumakuru",AI,Artificial Intelligence & Machine Learning,GM,18,16,200000,20000,220000,92929,109969,,,
COMEDK,2025,E124,"Shridevi Institute of Engineering and Technology-Sira Road, Tumakuru",AI,Artificial Intelligence & Machine Learning,KKR,18,2,200000,20000,220000,,,,,
COMEDK,2025,E124,"Shridevi Institute of Engineering and Technology-Sira Road, Tumakuru",CS,Computer Science & Engineering,GM,54,49,200000,20000,220000,,110829,,,
COMEDK,2025,E124,"Shridevi Institute of Engineering and Technology-Sira Road, Tumakuru",CS,Computer Science & Engineering,KKR,54,5,200000,20000,220000,,,,,
COMEDK,2025,E124,"Shridevi Institute of Engineering and Technology-Sira Road, Tumakuru",CV,Civil Engineering,GM,9,8,200000,20000,220000,,,,,
COMEDK,2025,E124,"Shridevi Institute of Engineering and Technology-Sira Road, Tumakuru",CV,Civil Engineering,KKR,9,1,200000,20000,220000,,,,,
COMEDK,2025,E124,"Shridevi Institute of Engineering and Technology-Sira Road, Tumakuru",CX,Cyber Security,GM,3,2,200000,20000,220000,,104762,,,
COMEDK,2025,E124,"Shridevi Institute of Engineering and Technology-Sira Road, Tumakuru",CX,Cyber Security,KKR,3,1,200000,20000,220000,,,,,
COMEDK,2025,E124,"Shridevi Institute of Engineering and Technology-Sira Road, Tumakuru",EC,Electronics & Communication Engineering,GM,10,8,200000,20000,220000,73527,,,,
COMEDK,2025,E124,"Shridevi Institute of Engineering and Technology-Sira Road, Tumakuru",EC,Electronics & Communication Engineering,KKR,10,2,200000,20000,220000,,,,,
COMEDK,2025,E124,"Shridevi Institute of Engineering and Technology-Sira Road, Tumakuru",EE,Electrical & Electronics Engineering,GM,9,8,200000,20000,220000,,,,,
COMEDK,2025,E124,"Shridevi Institute of Engineering and Technology-Sira Road, Tumakuru",EE,Electrical & Electronics Engineering,KKR,9,1,200000,20000,220000,,,,,
COMEDK,2025,E124,"Shridevi Institute of Engineering and Technology-Sira Road, Tumakuru",IS,Information Science & Engineering,GM,10,8,200000,20000,220000,,,,,
COMEDK,2025,E124,"Shridevi Institute of Engineering and Technology-Sira Road, Tumakuru",IS,Information Science & Engineering,KKR,10,2,200000,20000,220000,,,,,
COMEDK,2025,E124,"Shridevi Institute of Engineering and Technology-Sira Road, Tumakuru",ME,Mechanical Engineering,GM,9,8,200000,20000,220000,,,,,
COMEDK,2025,E124,"Shridevi Institute of Engineering and Technology-Sira Road, Tumakuru",ME,Mechanical Engineering,KKR,9,1,200000,20000,220000,,,,,
COMEDK,2025,E125,"Siddaganga Institute of Technology-B H Road, Tumakuru",CI,Computer Science & Engineering (Artificial & Machine Learning),GM,18,16,281100,20000,301100,11279,10584,,15983,20772
COMEDK,2025,E125,"Siddaganga Institute of Technology-B H Road, Tumakuru",CI,Computer Science & Engineering (Artificial & Machine Learning),KKR,18,2,281100,20000,301100,23523,27910,,,
COMEDK,2025,E125,"Siddaganga Institute of Technology-B H Road, Tumakuru",CS,Computer Science & Engineering,GM,72,66,281100,20000,301100,,10358,,14939,19691
COMEDK,2025,E125,"Siddaganga Institute of Technology-B H Road, Tumakuru",CS,Computer Science & Engineering,KKR,72,6,281100,20000,301100,,27263,32955,,
COMEDK,2025,E125,"Siddaganga Institute of Technology-B H Road, Tumakuru",EC,Electronics & Communication Engineering,GM,36,33,281100,20000,301100,15210,13533,,21476,35776
COMEDK,2025,E125,"Siddaganga Institute of Technology-B H Road, Tumakuru",EC,Electronics & Communication Engineering,KKR,36,3,281100,20000,301100,39033,36968,47005,,
COMEDK,2025,E125,"Siddaganga Institute of Technology-B H Road, Tumakuru",IS,Information Science & Engineering,GM,36,33,281100,20000,301100,12840,11842,,18090,27637
COMEDK,2025,E125,"Siddaganga Institute of Technology-B H Road, Tumakuru",IS,Information Science & Engineering,KKR,36,3,281100,20000,301100,32955,32955,,,
COMEDK,2025,E126,"Sir M.Visvesvaraya Institute of Technology-Yelahanka, Bengaluru",AI,Artificial Intelligence & Machine Learning,GM,18,16,281100,20000,301100,14818,13648,,24120,41674
COMEDK,2025,E126,"Sir M.Visvesvaraya Institute of Technology-Yelahanka, Bengaluru",AI,Artificial Intelligence & Machine Learning,KKR,18,2,281100,20000,301100,42879,41340,63803,,
COMEDK,2025,E126,"Sir M.Visvesvaraya Institute of Technology-Yelahanka, Bengaluru",BT,Biotechnology,GM,18,16,230000,20000,250000,46769,43258,,78926,107254
COMEDK,2025,E126,"Sir M.Visvesvaraya Institute of Technology-Yelahanka, Bengaluru",BT,Biotechnology,KKR,18,2,230000,20000,250000,,44223,,,
COMEDK,2025,E126,"Sir M.Visvesvaraya Institute of Technology-Yelahanka, Bengaluru",CD,Computer Science & Engineering (Data Science),GM,18,16,281100,20000,301100,,13422,,23926,37806
COMEDK,2025,E126,"Sir M.Visvesvaraya Institute of Technology-Yelahanka, Bengaluru",CD,Computer Science & Engineering (Data Science),KKR,18,2,281100,20000,301100,,43905,66538,,
COMEDK,2025,E126,"Sir M.Visvesvaraya Institute of Technology-Yelahanka, Bengaluru",CS,Computer Science & Engineering,GM,72,66,281100,20000,301100,,12885,,22026,36563
COMEDK,2025,E126,"Sir M.Visvesvaraya Institute of Technology-Yelahanka, Bengaluru",CS,Computer Science & Engineering,KKR,72,6,281100,20000,301100,,37986,63836,,
COMEDK,2025,E126,"Sir M.Visvesvaraya Institute of Technology-Yelahanka, Bengaluru",CV,Civil Engineering,GM,18,16,130000,20000,150000,58570,55967,,110094,
COMEDK,2025,E126,"Sir M.Visvesvaraya Institute of Technology-Yelahanka, Bengaluru",CV,Civil Engineering,KKR,18,2,130000,20000,150000,,77464,,,
COMEDK,2025,E126,"Sir M.Visvesvaraya Institute of Technology-Yelahanka, Bengaluru",EC,Electronics & Communication Engineering,GM,36,33,281100,20000,301100,21087,19200,,34643,74763
COMEDK,2025,E126,"Sir M.Visvesvaraya Institute of Technology-Yelahanka, Bengaluru",EC,Electronics & Communication Engineering,KKR,36,3,281100,20000,301100,63165,81180,100867,,
COMEDK,2025,E126,"Sir M.Visvesvaraya Institute of Technology-Yelahanka, Bengaluru",EE,Electrical & Electronics Engineering,GM,36,33,130000,20000,150000,,31113,,65232,96996
COMEDK,2025,E126,"Sir M.Visvesvaraya Institute of Technology-Yelahanka, Bengaluru",EE,Electrical & Electronics Engineering,KKR,36,3,130000,20000,150000,,106062,,,
COMEDK,2025,E126,"Sir M.Visvesvaraya Institute of Technology-Yelahanka, Bengaluru",ET,Electronics & Telecommunication Engineering,GM,18,16,130000,20000,150000,29412,25400,,52153,78423
COMEDK,2025,E126,"Sir M.Visvesvaraya Institute of Technology-Yelahanka, Bengaluru",ET,Electronics & Telecommunication Engineering,KKR,18,2,130000,20000,150000,,101006,,,
COMEDK,2025,E126,"Sir M.Visvesvaraya Institute of Technology-Yelahanka, Bengaluru",IC,Computer Science & Engineering (IOT & Cyber Including Block Chain Technology),GM,18,16,281100,20000,301100,16069,14478,,26568,47216
COMEDK,2025,E126,"Sir M.Visvesvaraya Institute of Technology-Yelahanka, Bengaluru",IC,Computer Science & Engineering (IOT & Cyber Including Block Chain Technology),KKR,18,2,281100,20000,301100,70698,58837,89775,,
COMEDK,2025,E126,"Sir M.Visvesvaraya Institute of Technology-Yelahanka, Bengaluru",IS,Information Science & Engineering,GM,36,33,281100,20000,301100,18032,16655,,30150,53985
COMEDK,2025,E126,"Sir M.Visvesvaraya Institute of Technology-Yelahanka, Bengaluru",IS,Information Science & Engineering,KKR,36,3,281100,20000,301100,69644,63803,,,
COMEDK,2025,E126,"Sir M.Visvesvaraya Institute of Technology-Yelahanka, Bengaluru",ME,Mechanical Engineering,GM,18,16,130000,20000,150000,41194,40954,,84225,106568
COMEDK,2025,E126,"Sir M.Visvesvaraya Institute of Technology-Yelahanka, Bengaluru",ME,Mechanical Engineering,KKR,18,2,130000,20000,150000,,,,,
COMEDK,2025,E126,"Sir M.Visvesvaraya Institute of Technology-Yelahanka, Bengaluru",RI,Robotics & Artificial Intelligence,GM,18,16,281100,20000,301100,19174,18604,,34662,73039
COMEDK,2025,E126,"Sir M.Visvesvaraya Institute of Technology-Yelahanka, Bengaluru",RI,Robotics & Artificial Intelligence,KKR,18,2,281100,20000,301100,81180,73893,,,
COMEDK,2025,E126,"Sir M.Visvesvaraya Institute of Technology-Yelahanka, Bengaluru",UE,Electronics & Computer Engineering,GM,18,16,281100,20000,301100,25368,25550,,45918,102189
COMEDK,2025,E126,"Sir M.Visvesvaraya Institute of Technology-Yelahanka, Bengaluru",UE,Electronics & Computer Engineering,KKR,18,2,281100,20000,301100,,75283,,,
COMEDK,2025,E127,"SJM Institute of Technology-NH 4 Bye-pass, Chitradurga",AI,Artificial Intelligence & Machine Learning,GM,18,16,180000,20000,200000,66030,99035,,,
COMEDK,2025,E127,"SJM Institute of Technology-NH 4 Bye-pass, Chitradurga",AI,Artificial Intelligence & Machine Learning,KKR,18,2,180000,20000,200000,,,,,
COMEDK,2025,E127,"SJM Institute of Technology-NH 4 Bye-pass, Chitradurga",CS,Computer Science & Engineering,GM,27,24,180000,20000,200000,,55518,,86353,
COMEDK,2025,E127,"SJM Institute of Technology-NH 4 Bye-pass, Chitradurga",CS,Computer Science & Engineering,KKR,27,3,180000,20000,200000,,,,,
COMEDK,2025,E127,"SJM Institute of Technology-NH 4 Bye-pass, Chitradurga",CV,Civil Engineering,GM,5,4,70000,20000,90000,,,,,
COMEDK,2025,E127,"SJM Institute of Technology-NH 4 Bye-pass, Chitradurga",CV,Civil Engineering,KKR,5,1,70000,20000,90000,,,,,
COMEDK,2025,E127,"SJM Institute of Technology-NH 4 Bye-pass, Chitradurga",EC,Electronics & Communication Engineering,GM,13,11,155000,20000,175000,,59140,,,
COMEDK,2025,E127,"SJM Institute of Technology-NH 4 Bye-pass, Chitradurga",EC,Electronics & Communication Engineering,KKR,13,2,155000,20000,175000,,,,,
COMEDK,2025,E127,"SJM Institute of Technology-NH 4 Bye-pass, Chitradurga",EE,Electrical & Electronics Engineering,GM,6,5,70000,20000,90000,,,,,
COMEDK,2025,E127,"SJM Institute of Technology-NH 4 Bye-pass, Chitradurga",EE,Electrical & Electronics Engineering,KKR,6,1,70000,20000,90000,,,,,
COMEDK,2025,E127,"SJM Institute of Technology-NH 4 Bye-pass, Chitradurga",ME,Mechanical Engineering,GM,5,4,60000,20000,80000,,,,,
COMEDK,2025,E127,"SJM Institute of Technology-NH 4 Bye-pass, Chitradurga",ME,Mechanical Engineering,KKR,5,1,60000,20000,80000,,,,,
COMEDK,2025,E128,"Smt. Kamala and Sri Venkappa M. Agadi College of Engineering and Technology- Laxmeswar, Gadag",CI,Computer Science & Engineering (Artificial & Machine Learning),GM,18,16,200000,20000,220000,80171,85586,,,
COMEDK,2025,E128,"Smt. Kamala and Sri Venkappa M. Agadi College of Engineering and Technology- Laxmeswar, Gadag",CI,Computer Science & Engineering (Artificial & Machine Learning),KKR,18,2,200000,20000,220000,,,,,
COMEDK,2025,E128,"Smt. Kamala and Sri Venkappa M. Agadi College of Engineering and Technology- Laxmeswar, Gadag",CS,Computer Science & Engineering,GM,36,32,200000,20000,220000,,91192,,,
COMEDK,2025,E128,"Smt. Kamala and Sri Venkappa M. Agadi College of Engineering and Technology- Laxmeswar, Gadag",CS,Computer Science & Engineering,KKR,36,4,200000,20000,220000,,,,,
COMEDK,2025,E128,"Smt. Kamala and Sri Venkappa M. Agadi College of Engineering and Technology- Laxmeswar, Gadag",CV,Civil Engineering,GM,9,8,200000,20000,220000,,,,,
COMEDK,2025,E128,"Smt. Kamala and Sri Venkappa M. Agadi College of Engineering and Technology- Laxmeswar, Gadag",CV,Civil Engineering,KKR,9,1,200000,20000,220000,,,,,
COMEDK,2025,E128,"Smt. Kamala and Sri Venkappa M. Agadi College of Engineering and Technology- Laxmeswar, Gadag",EC,Electronics & Communication Engineering,GM,36,32,200000,20000,220000,96610,96610,,,
COMEDK,2025,E128,"Smt. Kamala and Sri Venkappa M. Agadi College of Engineering and Technology- Laxmeswar, Gadag",EC,Electronics & Communication Engineering,KKR,36,4,200000,20000,220000,,,,,
COMEDK,2025,E128,"Smt. Kamala and Sri Venkappa M. Agadi College of Engineering and Technology- Laxmeswar, Gadag",EE,Electrical & Electronics Engineering,GM,18,16,200000,20000,220000,,,,,
COMEDK,2025,E128,"Smt. Kamala and Sri Venkappa M. Agadi College of Engineering and Technology- Laxmeswar, Gadag",EE,Electrical & Electronics Engineering,KKR,18,2,200000,20000,220000,,,,,
COMEDK,2025,E128,"Smt. Kamala and Sri Venkappa M. Agadi College of Engineering and Technology- Laxmeswar, Gadag",IS,Information Science & Engineering,GM,18,16,200000,20000,220000,,,,,
COMEDK,2025,E128,"Smt. Kamala and Sri Venkappa M. Agadi College of Engineering and Technology- Laxmeswar, Gadag",IS,Information Science & Engineering,KKR,18,2,200000,20000,220000,,,,,
COMEDK,2025,E128,"Smt. Kamala and Sri Venkappa M. Agadi College of Engineering and Technology- Laxmeswar, Gadag",ME,Mechanical Engineering,GM,9,8,200000,20000,220000,,23217,,,
COMEDK,2025,E128,"Smt. Kamala and Sri Venkappa M. Agadi College of Engineering and Technology- Laxmeswar, Gadag",ME,Mechanical Engineering,KKR,9,1,200000,20000,220000,,,,,
COMEDK,2025,E132,"Sri Krishna Institute of Technology-Chikkabanavara, Bengaluru",AI,Artificial Intelligence & Machine Learning,GM,36,33,200000,20000,220000,100975,99691,,,
COMEDK,2025,E132,"Sri Krishna Institute of Technology-Chikkabanavara, Bengaluru",AI,Artificial Intelligence & Machine Learning,KKR,36,3,200000,20000,220000,,,,,
COMEDK,2025,E132,"Sri Krishna Institute of Technology-Chikkabanavara, Bengaluru",CS,Computer Science & Engineering,GM,54,49,200000,20000,220000,,102652,,,
COMEDK,2025,E132,"Sri Krishna Institute of Technology-Chikkabanavara, Bengaluru",CS,Computer Science & Engineering,KKR,54,5,200000,20000,220000,,,,,
COMEDK,2025,E132,"Sri Krishna Institute of Technology-Chikkabanavara, Bengaluru",CV,Civil Engineering,GM,9,8,50000,20000,70000,,,,,
COMEDK,2025,E132,"Sri Krishna Institute of Technology-Chikkabanavara, Bengaluru",CV,Civil Engineering,KKR,9,1,50000,20000,70000,,,,,
COMEDK,2025,E132,"Sri Krishna Institute of Technology-Chikkabanavara, Bengaluru",EC,Electronics & Communication Engineering,GM,18,16,125000,20000,145000,55003,50706,,,
COMEDK,2025,E132,"Sri Krishna Institute of Technology-Chikkabanavara, Bengaluru",EC,Electronics & Communication Engineering,KKR,18,2,125000,20000,145000,,,,,
COMEDK,2025,E132,"Sri Krishna Institute of Technology-Chikkabanavara, Bengaluru",ME,Mechanical Engineering,GM,9,8,50000,20000,70000,,,,,
COMEDK,2025,E132,"Sri Krishna Institute of Technology-Chikkabanavara, Bengaluru",ME,Mechanical Engineering,KKR,9,1,50000,20000,70000,,,,,
COMEDK,2025,E132,"Sri Krishna Institute of Technology-Chikkabanavara, Bengaluru",VL,Electronics Engineering (VLSI Design & Technology),GM,18,16,125000,20000,145000,,,,,
COMEDK,2025,E132,"Sri Krishna Institute of Technology-Chikkabanavara, Bengaluru",VL,Electronics Engineering (VLSI Design & Technology),KKR,18,2,125000,20000,145000,,,,,
COMEDK,2025,E136,"Sri Taralabalu Jagadguru Institute of Technology-Haveri Dist., Ranebennur",CS,Computer Science & Engineering,GM,18,16,200000,20000,220000,,106944,,,
COMEDK,2025,E136,"Sri Taralabalu Jagadguru Institute of Technology-Haveri Dist., Ranebennur",CS,Computer Science & Engineering,KKR,18,2,200000,20000,220000,,,,,
COMEDK,2025,E136,"Sri Taralabalu Jagadguru Institute of Technology-Haveri Dist., Ranebennur",CV,Civil Engineering,GM,18,16,80000,20000,100000,,,,,
COMEDK,2025,E136,"Sri Taralabalu Jagadguru Institute of Technology-Haveri Dist., Ranebennur",CV,Civil Engineering,KKR,18,2,80000,20000,100000,,,,,
COMEDK,2025,E136,"Sri Taralabalu Jagadguru Institute of Technology-Haveri Dist., Ranebennur",EC,Electronics & Communication Engineering,GM,18,16,200000,20000,220000,,,,,
COMEDK,2025,E136,"Sri Taralabalu Jagadguru Institute of Technology-Haveri Dist., Ranebennur",EC,Electronics & Communication Engineering,KKR,18,2,200000,20000,220000,,,,,
COMEDK,2025,E136,"Sri Taralabalu Jagadguru Institute of Technology-Haveri Dist., Ranebennur",EE,Electrical & Electronics Engineering,GM,9,8,80000,20000,100000,,,,,
COMEDK,2025,E136,"Sri Taralabalu Jagadguru Institute of Technology-Haveri Dist., Ranebennur",EE,Electrical & Electronics Engineering,KKR,9,1,80000,20000,100000,,,,,
COMEDK,2025,E136,"Sri Taralabalu Jagadguru Institute of Technology-Haveri Dist., Ranebennur",IS,Information Science & Engineering,GM,18,16,200000,20000,220000,,,,,
COMEDK,2025,E136,"Sri Taralabalu Jagadguru Institute of Technology-Haveri Dist., Ranebennur",IS,Information Science & Engineering,KKR,18,2,200000,20000,220000,,,,,
COMEDK,2025,E136,"Sri Taralabalu Jagadguru Institute of Technology-Haveri Dist., Ranebennur",ME,Mechanical Engineering,GM,9,8,80000,20000,100000,,,,,
COMEDK,2025,E136,"Sri Taralabalu Jagadguru Institute of Technology-Haveri Dist., Ranebennur",ME,Mechanical Engineering,KKR,9,1,80000,20000,100000,,,,,
COMEDK,2025,E137,"Sri Venkateshwara College of Engineering-KIAL Road, Bengaluru",CA,Computer Science & Engineering (Artificial,GM,18,16,200000,20000,220000,65270,54335,,80920,
COMEDK,2025,E137,"Sri Venkateshwara College of Engineering-KIAL Road, Bengaluru",CA,Computer Science & Engineering (Artificial,KKR,18,2,200000,20000,220000,,,,,
COMEDK,2025,E137,"Sri Venkateshwara College of Engineering-KIAL Road, Bengaluru",CD,Computer Science & Engineering (Data Science),GM,10,9,200000,20000,220000,,84860,,,
COMEDK,2025,E137,"Sri Venkateshwara College of Engineering-KIAL Road, Bengaluru",CD,Computer Science & Engineering (Data Science),KKR,10,1,200000,20000,220000,,,,,
COMEDK,2025,E137,"Sri Venkateshwara College of Engineering-KIAL Road, Bengaluru",CS,Computer Science & Engineering,GM,50,46,200000,20000,220000,,85288,,109058,35910
COMEDK,2025,E137,"Sri Venkateshwara College of Engineering-KIAL Road, Bengaluru",CS,Computer Science & Engineering,KKR,50,4,200000,20000,220000,,,,,
COMEDK,2025,E137,"Sri Venkateshwara College of Engineering-KIAL Road, Bengaluru",CY,Computer Science & Engineering (Cyber Security),GM,18,16,200000,20000,220000,102858,105250,,106739,
COMEDK,2025,E137,"Sri Venkateshwara College of Engineering-KIAL Road, Bengaluru",CY,Computer Science & Engineering (Cyber Security),KKR,18,2,200000,20000,220000,,,,,
COMEDK,2025,E137,"Sri Venkateshwara College of Engineering-KIAL Road, Bengaluru",EC,Electronics & Communication Engineering,GM,15,12,200000,20000,220000,102453,111152,,,
COMEDK,2025,E137,"Sri Venkateshwara College of Engineering-KIAL Road, Bengaluru",EC,Electronics & Communication Engineering,KKR,15,3,200000,20000,220000,,,,,
COMEDK,2025,E137,"Sri Venkateshwara College of Engineering-KIAL Road, Bengaluru",IS,Information Science & Engineering,GM,8,6,200000,20000,220000,109058,96339,,,
COMEDK,2025,E137,"Sri Venkateshwara College of Engineering-KIAL Road, Bengaluru",IS,Information Science & Engineering,KKR,8,2,200000,20000,220000,,,,,
COMEDK,2025,E138,"Srinivas Institute of Technology-Hampankatta, Mangaluru",AD,Artificial Intelligence & Data Science,GM,11,9,180000,20000,200000,,88041,,,
COMEDK,2025,E138,"Srinivas Institute of Technology-Hampankatta, Mangaluru",AD,Artificial Intelligence & Data Science,KKR,11,2,180000,20000,200000,,,,,
COMEDK,2025,E138,"Srinivas Institute of Technology-Hampankatta, Mangaluru",AE,Aeronautical Engineering,GM,6,4,158000,20000,178000,,,,,
COMEDK,2025,E138,"Srinivas Institute of Technology-Hampankatta, Mangaluru",AE,Aeronautical Engineering,KKR,6,2,158000,20000,178000,,,,,
COMEDK,2025,E138,"Srinivas Institute of Technology-Hampankatta, Mangaluru",AI,Artificial Intelligence & Machine Learning,GM,11,9,180000,20000,200000,82632,82632,,,
COMEDK,2025,E138,"Srinivas Institute of Technology-Hampankatta, Mangaluru",AI,Artificial Intelligence & Machine Learning,KKR,11,2,180000,20000,200000,,,,,
COMEDK,2025,E138,"Srinivas Institute of Technology-Hampankatta, Mangaluru",AU,Automobile Engineering,GM,6,5,158000,20000,178000,,101737,,,
COMEDK,2025,E138,"Srinivas Institute of Technology-Hampankatta, Mangaluru",AU,Automobile Engineering,KKR,6,1,158000,20000,178000,,,,,
COMEDK,2025,E138,"Srinivas Institute of Technology-Hampankatta, Mangaluru",CB,Computer Science & Business Systems,GM,5,4,180000,20000,200000,96827,96827,,,
COMEDK,2025,E138,"Srinivas Institute of Technology-Hampankatta, Mangaluru",CB,Computer Science & Business Systems,KKR,5,1,180000,20000,200000,,,,,
COMEDK,2025,E138,"Srinivas Institute of Technology-Hampankatta, Mangaluru",CG,Computer Science & Design,GM,4,3,180000,20000,200000,,,,,
COMEDK,2025,E138,"Srinivas Institute of Technology-Hampankatta, Mangaluru",CG,Computer Science & Design,KKR,4,1,180000,20000,200000,,,,,
COMEDK,2025,E138,"Srinivas Institute of Technology-Hampankatta, Mangaluru",CS,Computer Science & Engineering,GM,24,20,180000,20000,200000,,111162,,90025,
COMEDK,2025,E138,"Srinivas Institute of Technology-Hampankatta, Mangaluru",CS,Computer Science & Engineering,KKR,24,4,180000,20000,200000,,,,,
COMEDK,2025,E138,"Srinivas Institute of Technology-Hampankatta, Mangaluru",EC,Electronics & Communication Engineering,GM,3,2,180000,20000,200000,,,,,
COMEDK,2025,E138,"Srinivas Institute of Technology-Hampankatta, Mangaluru",EC,Electronics & Communication Engineering,KKR,3,1,180000,20000,200000,,,,,
COMEDK,2025,E138,"Srinivas Institute of Technology-Hampankatta, Mangaluru",EE,Electrical & Electronics Engineering,GM,2,1,158000,20000,178000,,,,,
COMEDK,2025,E138,"Srinivas Institute of Technology-Hampankatta, Mangaluru",EE,Electrical & Electronics Engineering,KKR,2,1,158000,20000,178000,,,,,
COMEDK,2025,E138,"Srinivas Institute of Technology-Hampankatta, Mangaluru",IS,Information Science & Engineering,GM,3,2,180000,20000,200000,,,,,
COMEDK,2025,E138,"Srinivas Institute of Technology-Hampankatta, Mangaluru",IS,Information Science & Engineering,KKR,3,1,180000,20000,200000,,,,,
COMEDK,2025,E138,"Srinivas Institute of Technology-Hampankatta, Mangaluru",ME,Mechanical Engineering,GM,4,3,158000,20000,178000,,,,,
COMEDK,2025,E138,"Srinivas Institute of Technology-Hampankatta, Mangaluru",ME,Mechanical Engineering,KKR,4,1,158000,20000,178000,,,,,
COMEDK,2025,E138,"Srinivas Institute of Technology-Hampankatta, Mangaluru",MR,Marine Engineering,GM,18,16,180000,20000,200000,34643,104135,,,
COMEDK,2025,E138,"Srinivas Institute of Technology-Hampankatta, Mangaluru",MR,Marine Engineering,KKR,18,2,180000,20000,200000,,,,,
COMEDK,2025,E141,"T. John Institute of Technology-Bannerghatta Road, Bengaluru",AI,Artificial Intelligence & Machine Learning,GM,18,16,200000,200000,,109722,85430,,97282,
COMEDK,2025,E141,"T. John Institute of Technology-Bannerghatta Road, Bengaluru",AI,Artificial Intelligence & Machine Learning,KKR,18,2,200000,200000,,,,,,
COMEDK,2025,E141,"T. John Institute of Technology-Bannerghatta Road, Bengaluru",CS,Computer Science & Engineering,GM,54,49,200000,200000,,,109829,,106939,
COMEDK,2025,E141,"T. John Institute of Technology-Bannerghatta Road, Bengaluru",CS,Computer Science & Engineering,KKR,54,5,200000,200000,,,,,,
COMEDK,2025,E141,"T. John Institute of Technology-Bannerghatta Road, Bengaluru",DS,Data Science,GM,18,16,200000,200000,,,82758,,,
COMEDK,2025,E141,"T. John Institute of Technology-Bannerghatta Road, Bengaluru",DS,Data Science,KKR,18,2,200000,200000,,,,,,
COMEDK,2025,E141,"T. John Institute of Technology-Bannerghatta Road, Bengaluru",EC,Electronics & Communication Engineering,GM,18,16,200000,200000,,30882,76671,,,
COMEDK,2025,E141,"T. John Institute of Technology-Bannerghatta Road, Bengaluru",EC,Electronics & Communication Engineering,KKR,18,2,200000,200000,,,,,,
COMEDK,2025,E141,"T. John Institute of Technology-Bannerghatta Road, Bengaluru",IC,Computer Science & Engineering (IOT & Cyber Including Block Chain Technology),GM,18,16,200000,200000,,,85908,,,
COMEDK,2025,E141,"T. John Institute of Technology-Bannerghatta Road, Bengaluru",IC,Computer Science & Engineering (IOT & Cyber Including Block Chain Technology),KKR,18,2,200000,200000,,,,,,
COMEDK,2025,E141,"T. John Institute of Technology-Bannerghatta Road, Bengaluru",IS,Information Science & Engineering,GM,18,16,200000,200000,,109829,,,,
COMEDK,2025,E141,"T. John Institute of Technology-Bannerghatta Road, Bengaluru",IS,Information Science & Engineering,KKR,18,2,200000,200000,,,,,,
COMEDK,2025,E142,"The National Institute of Engineering South Campus-Mananthavady Road, Mysuru",EC,Electronics & Communication Engineering,GM,36,32,281088,20000,301088,14782,13781,,20308,30072
COMEDK,2025,E142,"The National Institute of Engineering South Campus-Mananthavady Road, Mysuru",EC,Electronics & Communication Engineering,KKR,36,4,281088,20000,301088,31750,29334,39277,,
COMEDK,2025,E142,"The National Institute of Engineering South Campus-Mananthavady Road, Mysuru",EE,Electrical & Electronics Engineering,GM,6,5,281088,20000,301088,,15509,,23770,37414
COMEDK,2025,E142,"The National Institute of Engineering South Campus-Mananthavady Road, Mysuru",EE,Electrical & Electronics Engineering,KKR,6,1,281088,20000,301088,,70698,70698,,
COMEDK,2025,E142,"The National Institute of Engineering South Campus-Mananthavady Road, Mysuru",ME,Mechanical Engineering,GM,8,7,281088,20000,301088,23989,20288,,33516,65094
COMEDK,2025,E142,"The National Institute of Engineering South Campus-Mananthavady Road, Mysuru",ME,Mechanical Engineering,KKR,8,1,281088,20000,301088,,,,,
COMEDK,2025,E143,"Tontadarya College of Engineering-Mundaragi Road , Gadag",AG,Agricultural Engineering,GM,9,8,281000,20000,301000,,,,,
COMEDK,2025,E143,"Tontadarya College of Engineering-Mundaragi Road , Gadag",AG,Agricultural Engineering,KKR,9,1,281000,20000,301000,,,,,
COMEDK,2025,E143,"Tontadarya College of Engineering-Mundaragi Road , Gadag",AI,Artificial Intelligence & Machine Learning,GM,18,16,281000,20000,301000,95863,54026,,,
COMEDK,2025,E143,"Tontadarya College of Engineering-Mundaragi Road , Gadag",AI,Artificial Intelligence & Machine Learning,KKR,18,2,281000,20000,301000,,,,,
COMEDK,2025,E143,"Tontadarya College of Engineering-Mundaragi Road , Gadag",CG,Computer Science & Design,GM,18,16,281000,20000,301000,,,,,
COMEDK,2025,E143,"Tontadarya College of Engineering-Mundaragi Road , Gadag",CG,Computer Science & Design,KKR,18,2,281000,20000,301000,,,,,
COMEDK,2025,E143,"Tontadarya College of Engineering-Mundaragi Road , Gadag",CS,Computer Science & Engineering,GM,36,33,281000,20000,301000,,92530,,,
COMEDK,2025,E143,"Tontadarya College of Engineering-Mundaragi Road , Gadag",CS,Computer Science & Engineering,KKR,36,3,281000,20000,301000,,,,,
COMEDK,2025,E143,"Tontadarya College of Engineering-Mundaragi Road , Gadag",CV,Civil Engineering,GM,9,8,281000,20000,301000,,,,,
COMEDK,2025,E143,"Tontadarya College of Engineering-Mundaragi Road , Gadag",CV,Civil Engineering,KKR,9,1,281000,20000,301000,,,,,
COMEDK,2025,E143,"Tontadarya College of Engineering-Mundaragi Road , Gadag",EC,Electronics & Communication Engineering,GM,27,24,281000,20000,301000,,66979,,,
COMEDK,2025,E143,"Tontadarya College of Engineering-Mundaragi Road , Gadag",EC,Electronics & Communication Engineering,KKR,27,3,281000,20000,301000,,,,,
COMEDK,2025,E143,"Tontadarya College of Engineering-Mundaragi Road , Gadag",EE,Electrical & Electronics Engineering,GM,18,16,281000,20000,301000,,,,,
COMEDK,2025,E143,"Tontadarya College of Engineering-Mundaragi Road , Gadag",EE,Electrical & Electronics Engineering,KKR,18,2,281000,20000,301000,,,,,
COMEDK,2025,E143,"Tontadarya College of Engineering-Mundaragi Road , Gadag",ME,Mechanical Engineering,GM,9,8,281000,20000,301000,,,,,
COMEDK,2025,E143,"Tontadarya College of Engineering-Mundaragi Road , Gadag",ME,Mechanical Engineering,KKR,9,1,281000,20000,301000,,,,,
COMEDK,2025,E144,"Veerappa Nisty Engineering College-Shorapur, Yadgir",CS,Computer Science & Engineering,GM,36,32,125000,125000,,,,,,
COMEDK,2025,E144,"Veerappa Nisty Engineering College-Shorapur, Yadgir",CS,Computer Science & Engineering,KKR,36,4,125000,125000,,,,,,
COMEDK,2025,E144,"Veerappa Nisty Engineering College-Shorapur, Yadgir",CV,Civil Engineering,GM,18,16,75000,75000,,,,,,
COMEDK,2025,E144,"Veerappa Nisty Engineering College-Shorapur, Yadgir",CV,Civil Engineering,KKR,18,2,75000,75000,,,,,,
COMEDK,2025,E144,"Veerappa Nisty Engineering College-Shorapur, Yadgir",EC,Electronics & Communication Engineering,GM,18,16,90000,90000,,,,,,
COMEDK,2025,E144,"Veerappa Nisty Engineering College-Shorapur, Yadgir",EC,Electronics & Communication Engineering,KKR,18,2,90000,90000,,,,,,
COMEDK,2025,E144,"Veerappa Nisty Engineering College-Shorapur, Yadgir",EE,Electrical & Electronics Engineering,GM,9,7,75000,75000,,,,,,
COMEDK,2025,E144,"Veerappa Nisty Engineering College-Shorapur, Yadgir",EE,Electrical & Electronics Engineering,KKR,9,2,75000,75000,,,,,,
COMEDK,2025,E144,"Veerappa Nisty Engineering College-Shorapur, Yadgir",ME,Mechanical Engineering,GM,9,7,60000,60000,,,,,,
COMEDK,2025,E144,"Veerappa Nisty Engineering College-Shorapur, Yadgir",ME,Mechanical Engineering,KKR,9,2,60000,60000,,,,,,
COMEDK,2025,E145,"Vemana Institute of Technology-Koramangala, Bengaluru",AI,Artificial Intelligence & Machine Learning,GM,18,16,200000,19000,219000,110976,84424,,110976,75204
COMEDK,2025,E145,"Vemana Institute of Technology-Koramangala, Bengaluru",AI,Artificial Intelligence & Machine Learning,KKR,18,2,200000,19000,219000,,,,,
COMEDK,2025,E145,"Vemana Institute of Technology-Koramangala, Bengaluru",CD,Computer Science & Engineering (Data Science),GM,13,11,200000,19000,219000,,90072,,87999,
COMEDK,2025,E145,"Vemana Institute of Technology-Koramangala, Bengaluru",CD,Computer Science & Engineering (Data Science),KKR,13,2,200000,19000,219000,,,,,
COMEDK,2025,E145,"Vemana Institute of Technology-Koramangala, Bengaluru",CS,Computer Science & Engineering,GM,44,40,200000,19000,219000,,81980,,109781,95627
COMEDK,2025,E145,"Vemana Institute of Technology-Koramangala, Bengaluru",CS,Computer Science & Engineering,KKR,44,4,200000,19000,219000,,,,,
COMEDK,2025,E145,"Vemana Institute of Technology-Koramangala, Bengaluru",CV,Civil Engineering,GM,18,16,74790,19000,93790,,,,,
COMEDK,2025,E145,"Vemana Institute of Technology-Koramangala, Bengaluru",CV,Civil Engineering,KKR,18,2,74790,19000,93790,,,,,
COMEDK,2025,E145,"Vemana Institute of Technology-Koramangala, Bengaluru",CY,Computer Science & Engineering (Cyber Security),GM,18,16,200000,19000,219000,96196,103211,,,
COMEDK,2025,E145,"Vemana Institute of Technology-Koramangala, Bengaluru",CY,Computer Science & Engineering (Cyber Security),KKR,18,2,200000,19000,219000,,,,,
COMEDK,2025,E145,"Vemana Institute of Technology-Koramangala, Bengaluru",EC,Electronics & Communication Engineering,GM,44,40,200000,19000,219000,97081,97081,,,
COMEDK,2025,E145,"Vemana Institute of Technology-Koramangala, Bengaluru",EC,Electronics & Communication Engineering,KKR,44,4,200000,19000,219000,,,,,
COMEDK,2025,E145,"Vemana Institute of Technology-Koramangala, Bengaluru",IS,Information Science & Engineering,GM,26,23,200000,19000,219000,63971,101255,,,
COMEDK,2025,E145,"Vemana Institute of Technology-Koramangala, Bengaluru",IS,Information Science & Engineering,KKR,26,3,200000,19000,219000,,,,,
COMEDK,2025,E145,"Vemana Institute of Technology-Koramangala, Bengaluru",ME,Mechanical Engineering,GM,18,16,74790,19000,93790,110985,110985,,,
COMEDK,2025,E145,"Vemana Institute of Technology-Koramangala, Bengaluru",ME,Mechanical Engineering,KKR,18,2,74790,19000,93790,,,,,
COMEDK,2025,E146,"Vidya Vikas Institute of Engineering and Technology-Alnahally, Mysuru",CS,Computer Science & Engineering,GM,8,7,200000,20000,220000,,69286,,106350,108452
COMEDK,2025,E146,"Vidya Vikas Institute of Engineering and Technology-Alnahally, Mysuru",CS,Computer Science & Engineering,KKR,8,1,200000,20000,220000,,,,,
COMEDK,2025,E146,"Vidya Vikas Institute of Engineering and Technology-Alnahally, Mysuru",IS,Information Science & Engineering,GM,8,7,200000,20000,220000,86253,76212,,111279,
COMEDK,2025,E146,"Vidya Vikas Institute of Engineering and Technology-Alnahally, Mysuru",IS,Information Science & Engineering,KKR,8,1,200000,20000,220000,,,,,
COMEDK,2025,E147,"Vidyavardhaka College of Engineering-Gokulam, Mysuru",CI,Computer Science & Engineering (Artificial & Machine Learning),GM,54,49,281100,20000,301100,51087,47161,,64888,80591
COMEDK,2025,E147,"Vidyavardhaka College of Engineering-Gokulam, Mysuru",CI,Computer Science & Engineering (Artificial & Machine Learning),KKR,54,5,281100,20000,301100,95881,89775,,,
COMEDK,2025,E147,"Vidyavardhaka College of Engineering-Gokulam, Mysuru",CS,Computer Science & Engineering,GM,216,198,281100,20000,301100,,51369,,82079,106778
COMEDK,2025,E147,"Vidyavardhaka College of Engineering-Gokulam, Mysuru",CS,Computer Science & Engineering,KKR,216,18,281100,20000,301100,,106835,103167,,
COMEDK,2025,E147,"Vidyavardhaka College of Engineering-Gokulam, Mysuru",CV,Civil Engineering,GM,5,4,200000,20000,220000,79686,73164,,110523,
COMEDK,2025,E147,"Vidyavardhaka College of Engineering-Gokulam, Mysuru",CV,Civil Engineering,KKR,5,1,200000,20000,220000,,80608,,,
COMEDK,2025,E147,"Vidyavardhaka College of Engineering-Gokulam, Mysuru",EC,Electronics & Communication Engineering,GM,90,82,261000,20000,281000,68020,61329,,105161,109543
COMEDK,2025,E147,"Vidyavardhaka College of Engineering-Gokulam, Mysuru",EC,Electronics & Communication Engineering,KKR,90,8,261000,20000,281000,88965,94706,,,
COMEDK,2025,E147,"Vidyavardhaka College of Engineering-Gokulam, Mysuru",EE,Electrical & Electronics Engineering,GM,8,7,200000,20000,220000,,64871,,84576,86250
COMEDK,2025,E147,"Vidyavardhaka College of Engineering-Gokulam, Mysuru",EE,Electrical & Electronics Engineering,KKR,8,1,200000,20000,220000,,,,,
COMEDK,2025,E147,"Vidyavardhaka College of Engineering-Gokulam, Mysuru",ME,Mechanical Engineering,GM,10,9,200000,20000,220000,77574,65976,,106778,
COMEDK,2025,E147,"Vidyavardhaka College of Engineering-Gokulam, Mysuru",ME,Mechanical Engineering,KKR,10,1,200000,20000,220000,,,,,
COMEDK,2025,E148,"Vivekananda College of Engineering and Technology-Puttur, Dakshin Kannada",AI,Artificial Intelligence & Machine Learning,GM,18,16,281100,20000,301100,96012,108648,,,
COMEDK,2025,E148,"Vivekananda College of Engineering and Technology-Puttur, Dakshin Kannada",AI,Artificial Intelligence & Machine Learning,KKR,18,2,281100,20000,301100,,,,,
COMEDK,2025,E148,"Vivekananda College of Engineering and Technology-Puttur, Dakshin Kannada",CD,Computer Science & Engineering (Data Science),GM,18,16,281100,20000,301100,,95733,,,
COMEDK,2025,E148,"Vivekananda College of Engineering and Technology-Puttur, Dakshin Kannada",CD,Computer Science & Engineering (Data Science),KKR,18,2,281100,20000,301100,,,,,
COMEDK,2025,E148,"Vivekananda College of Engineering and Technology-Puttur, Dakshin Kannada",CS,Computer Science & Engineering,GM,36,33,281100,20000,301100,,90528,,,
COMEDK,2025,E148,"Vivekananda College of Engineering and Technology-Puttur, Dakshin Kannada",CS,Computer Science & Engineering,KKR,36,3,281100,20000,301100,,,,,
COMEDK,2025,E148,"Vivekananda College of Engineering and Technology-Puttur, Dakshin Kannada",CV,Civil Engineering,GM,9,8,103160,20000,123160,,,,,
COMEDK,2025,E148,"Vivekananda College of Engineering and Technology-Puttur, Dakshin Kannada",CV,Civil Engineering,KKR,9,1,103160,20000,123160,,,,,
COMEDK,2025,E148,"Vivekananda College of Engineering and Technology-Puttur, Dakshin Kannada",EC,Electronics & Communication Engineering,GM,18,16,281100,20000,301100,,,,,
COMEDK,2025,E148,"Vivekananda College of Engineering and Technology-Puttur, Dakshin Kannada",EC,Electronics & Communication Engineering,KKR,18,2,281100,20000,301100,,,,,
COMEDK,2025,E148,"Vivekananda College of Engineering and Technology-Puttur, Dakshin Kannada",ME,Mechanical Engineering,GM,18,16,281100,20000,301100,,,,,
COMEDK,2025,E148,"Vivekananda College of Engineering and Technology-Puttur, Dakshin Kannada",ME,Mechanical Engineering,KKR,18,2,281100,20000,301100,,,,,
COMEDK,2025,E152,"ATME College of Engineering-Bannur Road, Mysuru",CD,Computer Science & Engineering (Data Science),GM,10,8,200000,20000,220000,,91055,,,
COMEDK,2025,E152,"ATME College of Engineering-Bannur Road, Mysuru",CD,Computer Science & Engineering (Data Science),KKR,10,2,200000,20000,220000,,,,,
COMEDK,2025,E152,"ATME College of Engineering-Bannur Road, Mysuru",CI,Computer Science & Engineering (Artificial & Machine Learning),GM,13,10,200000,20000,220000,87560,84726,,99165,
COMEDK,2025,E152,"ATME College of Engineering-Bannur Road, Mysuru",CI,Computer Science & Engineering (Artificial & Machine Learning),KKR,13,3,200000,20000,220000,,,,,
COMEDK,2025,E152,"ATME College of Engineering-Bannur Road, Mysuru",CS,Computer Science & Engineering,GM,14,12,200000,20000,220000,,80550,,105603,
COMEDK,2025,E152,"ATME College of Engineering-Bannur Road, Mysuru",CS,Computer Science & Engineering,KKR,14,2,200000,20000,220000,,,,,
COMEDK,2025,E152,"ATME College of Engineering-Bannur Road, Mysuru",EC,Electronics & Communication Engineering,GM,16,12,200000,20000,220000,110394,110767,,,
COMEDK,2025,E152,"ATME College of Engineering-Bannur Road, Mysuru",EC,Electronics & Communication Engineering,KKR,16,4,200000,20000,220000,,,,,
COMEDK,2025,E156,"Jyothy Institute of Technology-Tathguni, Bengaluru",AI,Artificial Intelligence & Machine Learning,GM,18,16,200000,20000,220000,109781,85311,,88766,
COMEDK,2025,E156,"Jyothy Institute of Technology-Tathguni, Bengaluru",AI,Artificial Intelligence & Machine Learning,KKR,18,2,200000,20000,220000,,,,,
COMEDK,2025,E156,"Jyothy Institute of Technology-Tathguni, Bengaluru",CS,Computer Science & Engineering,GM,54,49,200000,20000,220000,,102735,,109278,61663
COMEDK,2025,E156,"Jyothy Institute of Technology-Tathguni, Bengaluru",CS,Computer Science & Engineering,KKR,54,5,200000,20000,220000,,,,,
COMEDK,2025,E156,"Jyothy Institute of Technology-Tathguni, Bengaluru",CV,Civil Engineering,GM,9,8,90000,20000,110000,,,,,
COMEDK,2025,E156,"Jyothy Institute of Technology-Tathguni, Bengaluru",CV,Civil Engineering,KKR,9,1,90000,20000,110000,,,,,
COMEDK,2025,E156,"Jyothy Institute of Technology-Tathguni, Bengaluru",EC,Electronics & Communication Engineering,GM,36,33,200000,20000,220000,76473,110537,,,
COMEDK,2025,E156,"Jyothy Institute of Technology-Tathguni, Bengaluru",EC,Electronics & Communication Engineering,KKR,36,3,200000,20000,220000,,,,,
COMEDK,2025,E156,"Jyothy Institute of Technology-Tathguni, Bengaluru",IS,Information Science & Engineering,GM,18,16,200000,20000,220000,75337,109278,,,
COMEDK,2025,E156,"Jyothy Institute of Technology-Tathguni, Bengaluru",IS,Information Science & Engineering,KKR,18,2,200000,20000,220000,,,,,
COMEDK,2025,E156,"Jyothy Institute of Technology-Tathguni, Bengaluru",ME,Mechanical Engineering,GM,9,8,90000,20000,110000,,104180,,,
COMEDK,2025,E156,"Jyothy Institute of Technology-Tathguni, Bengaluru",ME,Mechanical Engineering,KKR,9,1,90000,20000,110000,,,,,
COMEDK,2025,E158,"Shetty Institute of Technology - Gulbarga Shahabad Road, Kalaburagi",AI,Artificial Intelligence & Machine Learning,GM,18,5,150000,10000,160000,,,,,
COMEDK,2025,E158,"Shetty Institute of Technology - Gulbarga Shahabad Road, Kalaburagi",AI,Artificial Intelligence & Machine Learning,KKR,18,13,150000,10000,160000,,,,,
COMEDK,2025,E158,"Shetty Institute of Technology - Gulbarga Shahabad Road, Kalaburagi",CS,Computer Science & Engineering,GM,27,7,160000,10000,170000,,44706,,,
COMEDK,2025,E158,"Shetty Institute of Technology - Gulbarga Shahabad Road, Kalaburagi",CS,Computer Science & Engineering,KKR,27,20,160000,10000,170000,,,,,
COMEDK,2025,E158,"Shetty Institute of Technology - Gulbarga Shahabad Road, Kalaburagi",CV,Civil Engineering,GM,9,2,60000,10000,70000,8078,8078,,,
COMEDK,2025,E158,"Shetty Institute of Technology - Gulbarga Shahabad Road, Kalaburagi",CV,Civil Engineering,KKR,9,7,60000,10000,70000,,,,,
COMEDK,2025,E158,"Shetty Institute of Technology - Gulbarga Shahabad Road, Kalaburagi",EC,Electronics & Communication Engineering,GM,18,5,100000,10000,110000,,,,,
COMEDK,2025,E158,"Shetty Institute of Technology - Gulbarga Shahabad Road, Kalaburagi",EC,Electronics & Communication Engineering,KKR,18,13,100000,10000,110000,,,,,
COMEDK,2025,E158,"Shetty Institute of Technology - Gulbarga Shahabad Road, Kalaburagi",EE,Electrical & Electronics Engineering,GM,18,5,100000,10000,110000,,,,,
COMEDK,2025,E158,"Shetty Institute of Technology - Gulbarga Shahabad Road, Kalaburagi",EE,Electrical & Electronics Engineering,KKR,18,13,100000,10000,110000,,,,,
COMEDK,2025,E159,"Lingaraj Appa Engineering-Gornalli, Bidar",AI,Artificial Intelligence & Machine Learning,GM,18,5,150000,10000,160000,,,,,
COMEDK,2025,E159,"Lingaraj Appa Engineering-Gornalli, Bidar",AI,Artificial Intelligence & Machine Learning,KKR,18,13,150000,10000,160000,,,,,
COMEDK,2025,E159,"Lingaraj Appa Engineering-Gornalli, Bidar",CS,Computer Science & Engineering,GM,36,10,150000,10000,160000,,,,,
COMEDK,2025,E159,"Lingaraj Appa Engineering-Gornalli, Bidar",CS,Computer Science & Engineering,KKR,36,26,150000,10000,160000,,,,,
COMEDK,2025,E159,"Lingaraj Appa Engineering-Gornalli, Bidar",CV,Civil Engineering,GM,9,2,150000,10000,160000,,,,,
COMEDK,2025,E159,"Lingaraj Appa Engineering-Gornalli, Bidar",CV,Civil Engineering,KKR,9,7,150000,10000,160000,,,,,
COMEDK,2025,E159,"Lingaraj Appa Engineering-Gornalli, Bidar",EC,Electronics & Communication Engineering,GM,18,5,150000,10000,160000,,,,,
COMEDK,2025,E159,"Lingaraj Appa Engineering-Gornalli, Bidar",EC,Electronics & Communication Engineering,KKR,18,13,150000,10000,160000,,,,,
COMEDK,2025,E159,"Lingaraj Appa Engineering-Gornalli, Bidar",EE,Electrical & Electronics Engineering,GM,18,5,150000,10000,160000,,,,,
COMEDK,2025,E159,"Lingaraj Appa Engineering-Gornalli, Bidar",EE,Electrical & Electronics Engineering,KKR,18,13,150000,10000,160000,,,,,
COMEDK,2025,E159,"Lingaraj Appa Engineering-Gornalli, Bidar",ME,Mechanical Engineering,GM,9,2,150000,10000,160000,,,,,
COMEDK,2025,E159,"Lingaraj Appa Engineering-Gornalli, Bidar",ME,Mechanical Engineering,KKR,9,7,150000,10000,160000,,,,,
COMEDK,2025,E161,"Cambridge Institute of Technology North Campus-Kundana, Bengaluru",CD,Computer Science & Engineering (Data Science),GM,9,8,281100,20000,301100,,49079,,105165,
COMEDK,2025,E161,"Cambridge Institute of Technology North Campus-Kundana, Bengaluru",CD,Computer Science & Engineering (Data Science),KKR,9,1,281100,20000,301100,,,,,
COMEDK,2025,E161,"Cambridge Institute of Technology North Campus-Kundana, Bengaluru",CI,Computer Science & Engineering (Artificial & Machine Learning),GM,36,33,281100,20000,301100,60538,54595,,105955,78588
COMEDK,2025,E161,"Cambridge Institute of Technology North Campus-Kundana, Bengaluru",CI,Computer Science & Engineering (Artificial & Machine Learning),KKR,36,3,281100,20000,301100,,,,,
COMEDK,2025,E161,"Cambridge Institute of Technology North Campus-Kundana, Bengaluru",CS,Computer Science & Engineering,GM,30,27,281100,20000,301100,,50482,,104072,77553
COMEDK,2025,E161,"Cambridge Institute of Technology North Campus-Kundana, Bengaluru",CS,Computer Science & Engineering,KKR,30,3,281100,20000,301100,,77003,,,
COMEDK,2025,E161,"Cambridge Institute of Technology North Campus-Kundana, Bengaluru",CY,Computer Science & Engineering (Cyber Security),GM,7,6,281100,20000,301100,41240,39694,,100037,
COMEDK,2025,E161,"Cambridge Institute of Technology North Campus-Kundana, Bengaluru",CY,Computer Science & Engineering (Cyber Security),KKR,7,1,281100,20000,301100,,,,,
COMEDK,2025,E161,"Cambridge Institute of Technology North Campus-Kundana, Bengaluru",EC,Electronics & Communication Engineering,GM,12,11,281100,20000,301100,76881,68675,,,
COMEDK,2025,E161,"Cambridge Institute of Technology North Campus-Kundana, Bengaluru",EC,Electronics & Communication Engineering,KKR,12,1,281100,20000,301100,,,,,
COMEDK,2025,E161,"Cambridge Institute of Technology North Campus-Kundana, Bengaluru",ME,Mechanical Engineering,GM,9,8,281100,20000,301100,83118,102448,,21531,
COMEDK,2025,E161,"Cambridge Institute of Technology North Campus-Kundana, Bengaluru",ME,Mechanical Engineering,KKR,9,1,281100,20000,301100,,,,,
COMEDK,2025,E164,"Reva University-Yelahanka, Bengaluru",AD,Artificial Intelligence & Data Science,GM,10,8,550000,550000,,,17685,,34295,61900
COMEDK,2025,E164,"Reva University-Yelahanka, Bengaluru",AD,Artificial Intelligence & Data Science,KKR,10,2,550000,550000,,,54374,,,
COMEDK,2025,E164,"Reva University-Yelahanka, Bengaluru",AG,Agricultural Engineering,GM,5,4,150000,150000,,59408,40611,,71914,
COMEDK,2025,E164,"Reva University-Yelahanka, Bengaluru",AG,Agricultural Engineering,KKR,5,1,150000,150000,,86205,86205,,,
COMEDK,2025,E164,"Reva University-Yelahanka, Bengaluru",CI,Computer Science & Engineering (Artificial & Machine Learning),GM,5,4,600000,600000,,12812,12812,,27585,44001
COMEDK,2025,E164,"Reva University-Yelahanka, Bengaluru",CI,Computer Science & Engineering (Artificial & Machine Learning),KKR,5,1,600000,600000,,57158,37055,,,
COMEDK,2025,E164,"Reva University-Yelahanka, Bengaluru",CIT,Computer Science & Information Technology,GM,20,17,325000,325000,,25808,22561,,39983,71315
COMEDK,2025,E164,"Reva University-Yelahanka, Bengaluru",CIT,Computer Science & Information Technology,KKR,20,3,325000,325000,,76449,68314,110659,,
COMEDK,2025,E164,"Reva University-Yelahanka, Bengaluru",CV,Civil Engineering,GM,10,8,150000,150000,,64179,60896,,102529,52607
COMEDK,2025,E164,"Reva University-Yelahanka, Bengaluru",CV,Civil Engineering,KKR,10,2,150000,150000,,108551,108551,,,
COMEDK,2025,E164,"Reva University-Yelahanka, Bengaluru",EC,Electronics & Communication Engineering,GM,20,17,325000,325000,,30251,27846,,48305,100240
COMEDK,2025,E164,"Reva University-Yelahanka, Bengaluru",EC,Electronics & Communication Engineering,KKR,20,3,325000,325000,,77801,71058,93265,,
COMEDK,2025,E164,"Reva University-Yelahanka, Bengaluru",IC,Computer Science & Engineering (IOT & Cyber Including Block Chain Technology),GM,10,8,450000,450000,,22463,19886,,42714,93248
COMEDK,2025,E164,"Reva University-Yelahanka, Bengaluru",IC,Computer Science & Engineering (IOT & Cyber Including Block Chain Technology),KKR,10,2,450000,450000,,100736,74067,100736,,
COMEDK,2025,E164,"Reva University-Yelahanka, Bengaluru",IS,Information Science & Engineering,GM,20,17,325000,325000,,29352,26639,,44161,81333
COMEDK,2025,E164,"Reva University-Yelahanka, Bengaluru",IS,Information Science & Engineering,KKR,20,3,325000,325000,,85319,69883,,,
COMEDK,2025,E165,"Alliance College of Engineering and Design. Alliance University-Anekal, Bengaluru",AS,Aerospace Engineering,GM,5,4,281100,20000,301100,25302,20810,,94827,75474
COMEDK,2025,E165,"Alliance College of Engineering and Design. Alliance University-Anekal, Bengaluru",AS,Aerospace Engineering,KKR,5,1,281100,20000,301100,,39198,,,
COMEDK,2025,E165,"Alliance College of Engineering and Design. Alliance University-Anekal, Bengaluru",BT,Biotechnology,GM,2,1,186111,20000,206111,33867,44556,,104355,104073
COMEDK,2025,E165,"Alliance College of Engineering and Design. Alliance University-Anekal, Bengaluru",BT,Biotechnology,KKR,2,1,186111,20000,206111,,,,,
COMEDK,2025,E165,"Alliance College of Engineering and Design. Alliance University-Anekal, Bengaluru",CO,Computer Science & Engineering (IOT),GM,10,9,281100,20000,301100,30059,24481,,80186,48973
COMEDK,2025,E165,"Alliance College of Engineering and Design. Alliance University-Anekal, Bengaluru",CO,Computer Science & Engineering (IOT),KKR,10,1,281100,20000,301100,75713,75713,,,
COMEDK,2025,E165,"Alliance College of Engineering and Design. Alliance University-Anekal, Bengaluru",CS,Computer Science & Engineering,GM,10,9,281100,20000,301100,,14814,,42800,110415
COMEDK,2025,E165,"Alliance College of Engineering and Design. Alliance University-Anekal, Bengaluru",CS,Computer Science & Engineering,KKR,10,1,281100,20000,301100,,58887,,,
COMEDK,2025,E165,"Alliance College of Engineering and Design. Alliance University-Anekal, Bengaluru",CSB,Computer Science & Engineering (Block Chain),GM,10,9,281100,20000,301100,,29582,,109154,
COMEDK,2025,E165,"Alliance College of Engineering and Design. Alliance University-Anekal, Bengaluru",CSB,Computer Science & Engineering (Block Chain),KKR,10,1,281100,20000,301100,,87941,,,
COMEDK,2025,E165,"Alliance College of Engineering and Design. Alliance University-Anekal, Bengaluru",CSD,Computer Science & Technology (Devops),GM,10,9,281100,20000,301100,32176,29748,,86640,
COMEDK,2025,E165,"Alliance College of Engineering and Design. Alliance University-Anekal, Bengaluru",CSD,Computer Science & Technology (Devops),KKR,10,1,281100,20000,301100,,63261,,,
COMEDK,2025,E165,"Alliance College of Engineering and Design. Alliance University-Anekal, Bengaluru",CV,Civil Engineering,GM,10,9,186111,20000,206111,96035,106343,,,
COMEDK,2025,E165,"Alliance College of Engineering and Design. Alliance University-Anekal, Bengaluru",CV,Civil Engineering,KKR,10,1,186111,20000,206111,,,,,
COMEDK,2025,E165,"Alliance College of Engineering and Design. Alliance University-Anekal, Bengaluru",CY,Computer Science & Engineering (Cyber Security),GM,10,9,281100,20000,301100,24192,21685,,60538,106533
COMEDK,2025,E165,"Alliance College of Engineering and Design. Alliance University-Anekal, Bengaluru",CY,Computer Science & Engineering (Cyber Security),KKR,10,1,281100,20000,301100,27795,27795,,,
COMEDK,2025,E165,"Alliance College of Engineering and Design. Alliance University-Anekal, Bengaluru",EC,Electronics & Communication Engineering,GM,15,13,281100,20000,301100,35890,34115,,110448,85976
COMEDK,2025,E165,"Alliance College of Engineering and Design. Alliance University-Anekal, Bengaluru",EC,Electronics & Communication Engineering,KKR,15,2,281100,20000,301100,,77801,,,
COMEDK,2025,E165,"Alliance College of Engineering and Design. Alliance University-Anekal, Bengaluru",EE,Electrical & Electronics Engineering,GM,10,9,186111,20000,206111,,60171,,61682,
COMEDK,2025,E165,"Alliance College of Engineering and Design. Alliance University-Anekal, Bengaluru",EE,Electrical & Electronics Engineering,KKR,10,1,186111,20000,206111,,96249,,,
COMEDK,2025,E165,"Alliance College of Engineering and Design. Alliance University-Anekal, Bengaluru",IAR,Information Technology (Augmented Reality and Virtual Reality (AR / VR),GM,15,13,281100,20000,301100,54573,44764,,67223,
COMEDK,2025,E165,"Alliance College of Engineering and Design. Alliance University-Anekal, Bengaluru",IAR,Information Technology (Augmented Reality and Virtual Reality (AR / VR),KKR,15,2,281100,20000,301100,,,,,
COMEDK,2025,E165,"Alliance College of Engineering and Design. Alliance University-Anekal, Bengaluru",IDA,Information Technology (Data Analytics),GM,15,13,281100,20000,301100,42469,42469,,109750,
COMEDK,2025,E165,"Alliance College of Engineering and Design. Alliance University-Anekal, Bengaluru",IDA,Information Technology (Data Analytics),KKR,15,2,281100,20000,301100,,,,,
COMEDK,2025,E165,"Alliance College of Engineering and Design. Alliance University-Anekal, Bengaluru",INT,Information Technology,GM,5,4,281100,20000,301100,33036,29507,,71584,75155
COMEDK,2025,E165,"Alliance College of Engineering and Design. Alliance University-Anekal, Bengaluru",INT,Information Technology,KKR,5,1,281100,20000,301100,90885,94377,,,
COMEDK,2025,E165,"Alliance College of Engineering and Design. Alliance University-Anekal, Bengaluru",ME,Mechanical Engineering,GM,10,9,186111,20000,206111,96855,63705,,88403,
COMEDK,2025,E165,"Alliance College of Engineering and Design. Alliance University-Anekal, Bengaluru",ME,Mechanical Engineering,KKR,10,1,186111,20000,206111,,,,,
COMEDK,2025,E171,"GITAM Deemed to be University-Dodaballapur taluk, Bengaluru",CCA,Civil Engineering with Computer Application,GM,15,13,141875,141875,,91982,92790,,,
COMEDK,2025,E171,"GITAM Deemed to be University-Dodaballapur taluk, Bengaluru",CCA,Civil Engineering with Computer Application,KKR,15,2,141875,141875,,,,,,
COMEDK,2025,E171,"GITAM Deemed to be University-Dodaballapur taluk, Bengaluru",CD,Computer Science & Engineering (Data Science),GM,5,4,355550,355550,,,10733,,24435,53533
COMEDK,2025,E171,"GITAM Deemed to be University-Dodaballapur taluk, Bengaluru",CD,Computer Science & Engineering (Data Science),KKR,5,1,355550,355550,,,107333,,,
COMEDK,2025,E171,"GITAM Deemed to be University-Dodaballapur taluk, Bengaluru",CI,Computer Science & Engineering (Artificial & Machine Learning),GM,2,1,355550,355550,,6792,5466,,21709,38125
COMEDK,2025,E171,"GITAM Deemed to be University-Dodaballapur taluk, Bengaluru",CI,Computer Science & Engineering (Artificial & Machine Learning),KKR,2,1,355550,355550,,71243,64349,,,
COMEDK,2025,E171,"GITAM Deemed to be University-Dodaballapur taluk, Bengaluru",CS,Computer Science & Engineering,GM,5,4,355550,355550,,,6315,,20658,32484
COMEDK,2025,E171,"GITAM Deemed to be University-Dodaballapur taluk, Bengaluru",CS,Computer Science & Engineering,KKR,5,1,355550,355550,,,56222,58837,,
COMEDK,2025,E171,"GITAM Deemed to be University-Dodaballapur taluk, Bengaluru",CY,Computer Science & Engineering (Cyber Security),GM,2,1,355550,355550,,13500,10410,,24121,56380
COMEDK,2025,E171,"GITAM Deemed to be University-Dodaballapur taluk, Bengaluru",CY,Computer Science & Engineering (Cyber Security),KKR,2,1,355550,355550,,81199,81199,,,
COMEDK,2025,E171,"GITAM Deemed to be University-Dodaballapur taluk, Bengaluru",EC,Electronics & Communication Engineering,GM,5,4,221875,221875,,18609,17050,,37265,75265
COMEDK,2025,E171,"GITAM Deemed to be University-Dodaballapur taluk, Bengaluru",EC,Electronics & Communication Engineering,KKR,5,1,221875,221875,,,99036,,,
COMEDK,2025,E171,"GITAM Deemed to be University-Dodaballapur taluk, Bengaluru",ECE,Electrical & Computer Engineering,GM,15,13,141875,141875,,41224,32926,,99933,99933
COMEDK,2025,E171,"GITAM Deemed to be University-Dodaballapur taluk, Bengaluru",ECE,Electrical & Computer Engineering,KKR,15,2,141875,141875,,,107980,,,
COMEDK,2025,E171,"GITAM Deemed to be University-Dodaballapur taluk, Bengaluru",ME,Mechanical Engineering,GM,15,13,141875,141875,,107616,95156,,95156,
COMEDK,2025,E171,"GITAM Deemed to be University-Dodaballapur taluk, Bengaluru",ME,Mechanical Engineering,KKR,15,2,141875,141875,,,,,,
COMEDK,2025,E171,"GITAM Deemed to be University-Dodaballapur taluk, Bengaluru",RI,Robotics & Artificial Intelligence,GM,2,1,141875,141875,,16695,9585,,29322,86220
COMEDK,2025,E171,"GITAM Deemed to be University-Dodaballapur taluk, Bengaluru",RI,Robotics & Artificial Intelligence,KKR,2,1,141875,141875,,66293,66293,,,
COMEDK,2025,E171,"GITAM Deemed to be University-Dodaballapur taluk, Bengaluru",VL,Electronics Engineering (VLSI Design & Technology),GM,5,4,201875,201875,,34414,24495,,81522,
COMEDK,2025,E171,"GITAM Deemed to be University-Dodaballapur taluk, Bengaluru",VL,Electronics Engineering (VLSI Design & Technology),KKR,5,1,201875,201875,,,,,,
COMEDK,2025,E172,"Mysore College of Engineering and Management-Chikkahalli, Mysuru",CD,Computer Science & Engineering (Data Science),GM,9,8,200000,20000,220000,,100014,,,
COMEDK,2025,E172,"Mysore College of Engineering and Management-Chikkahalli, Mysuru",CD,Computer Science & Engineering (Data Science),KKR,9,1,200000,20000,220000,,,,,
COMEDK,2025,E172,"Mysore College of Engineering and Management-Chikkahalli, Mysuru",CI,Computer Science & Engineering (Artificial & Machine Learning),GM,9,8,200000,20000,220000,100014,74215,,,
COMEDK,2025,E172,"Mysore College of Engineering and Management-Chikkahalli, Mysuru",CI,Computer Science & Engineering (Artificial & Machine Learning),KKR,9,1,200000,20000,220000,,102626,,,
COMEDK,2025,E172,"Mysore College of Engineering and Management-Chikkahalli, Mysuru",CS,Computer Science & Engineering,GM,54,49,200000,20000,220000,,109305,,,
COMEDK,2025,E172,"Mysore College of Engineering and Management-Chikkahalli, Mysuru",CS,Computer Science & Engineering,KKR,54,5,200000,20000,220000,,,,,
COMEDK,2025,E172,"Mysore College of Engineering and Management-Chikkahalli, Mysuru",CV,Civil Engineering,GM,9,8,200000,20000,220000,,,,,
COMEDK,2025,E172,"Mysore College of Engineering and Management-Chikkahalli, Mysuru",CV,Civil Engineering,KKR,9,1,200000,20000,220000,,,,,
COMEDK,2025,E172,"Mysore College of Engineering and Management-Chikkahalli, Mysuru",EC,Electronics & Communication Engineering,GM,9,8,200000,20000,220000,82443,107544,,,
COMEDK,2025,E172,"Mysore College of Engineering and Management-Chikkahalli, Mysuru",EC,Electronics & Communication Engineering,KKR,9,1,200000,20000,220000,,,,,
COMEDK,2025,E172,"Mysore College of Engineering and Management-Chikkahalli, Mysuru",IS,Information Science & Engineering,GM,9,8,200000,20000,220000,,,,,
COMEDK,2025,E172,"Mysore College of Engineering and Management-Chikkahalli, Mysuru",IS,Information Science & Engineering,KKR,9,1,200000,20000,220000,,,,,
COMEDK,2025,E172,"Mysore College of Engineering and Management-Chikkahalli, Mysuru",ME,Mechanical Engineering,GM,9,8,200000,20000,220000,95240,95240,,,
COMEDK,2025,E172,"Mysore College of Engineering and Management-Chikkahalli, Mysuru",ME,Mechanical Engineering,KKR,9,1,200000,20000,220000,,,,,
COMEDK,2025,E173,"Presidency University-Yelahanka, Bengaluru",CBD,Computer Science & Technology (Big Data),GM,10,9,215000,215000,,40808,32789,,75355,68743
COMEDK,2025,E173,"Presidency University-Yelahanka, Bengaluru",CBD,Computer Science & Technology (Big Data),KKR,10,1,215000,215000,,99717,99717,,,
COMEDK,2025,E173,"Presidency University-Yelahanka, Bengaluru",CD,Computer Science & Engineering (Data Science),GM,30,27,330000,330000,,,32391,,75286,102072
COMEDK,2025,E173,"Presidency University-Yelahanka, Bengaluru",CD,Computer Science & Engineering (Data Science),KKR,30,3,330000,330000,,,95816,,,
COMEDK,2025,E173,"Presidency University-Yelahanka, Bengaluru",CI,Computer Science & Engineering (Artificial & Machine Learning),GM,30,27,355000,355000,,29510,27654,,58354,108990
COMEDK,2025,E173,"Presidency University-Yelahanka, Bengaluru",CI,Computer Science & Engineering (Artificial & Machine Learning),KKR,30,3,355000,355000,,86987,83916,,,
COMEDK,2025,E173,"Presidency University-Yelahanka, Bengaluru",CO,Computer Science & Engineering (IOT),GM,10,9,230000,230000,,40876,36701,,79721,107590
COMEDK,2025,E173,"Presidency University-Yelahanka, Bengaluru",CO,Computer Science & Engineering (IOT),KKR,10,1,230000,230000,,,,,,
COMEDK,2025,E173,"Presidency University-Yelahanka, Bengaluru",CS,Computer Science & Engineering,GM,30,27,355000,355000,,,22533,,46905,108926
COMEDK,2025,E173,"Presidency University-Yelahanka, Bengaluru",CS,Computer Science & Engineering,KKR,30,3,355000,355000,,,65313,104355,,
COMEDK,2025,E173,"Presidency University-Yelahanka, Bengaluru",CSB,Computer Science & Engineering (Block Chain),GM,10,9,205000,205000,,,36666,,85739,
COMEDK,2025,E173,"Presidency University-Yelahanka, Bengaluru",CSB,Computer Science & Engineering (Block Chain),KKR,10,1,205000,205000,,,72517,,,
COMEDK,2025,E173,"Presidency University-Yelahanka, Bengaluru",CSD,Computer Science & Technology (Devops),GM,10,9,205000,205000,,41420,36628,,86348,60930
COMEDK,2025,E173,"Presidency University-Yelahanka, Bengaluru",CSD,Computer Science & Technology (Devops),KKR,10,1,205000,205000,,,,,,
COMEDK,2025,E173,"Presidency University-Yelahanka, Bengaluru",CV,Civil Engineering,GM,10,9,130000,130000,,107673,86302,,104478,
COMEDK,2025,E173,"Presidency University-Yelahanka, Bengaluru",CV,Civil Engineering,KKR,10,1,130000,130000,,,,,,
COMEDK,2025,E173,"Presidency University-Yelahanka, Bengaluru",CY,Computer Science & Engineering (Cyber Security),GM,10,9,315000,315000,,36647,28875,,76298,82366
COMEDK,2025,E173,"Presidency University-Yelahanka, Bengaluru",CY,Computer Science & Engineering (Cyber Security),KKR,10,1,315000,315000,,95816,76449,,,
COMEDK,2025,E173,"Presidency University-Yelahanka, Bengaluru",EC,Electronics & Communication Engineering,GM,30,27,230000,230000,,46780,42510,,111665,
COMEDK,2025,E173,"Presidency University-Yelahanka, Bengaluru",EC,Electronics & Communication Engineering,KKR,30,3,230000,230000,,110659,97992,97035,,
COMEDK,2025,E173,"Presidency University-Yelahanka, Bengaluru",EE,Electrical & Electronics Engineering,GM,30,27,130000,130000,,,72941,,97479,
COMEDK,2025,E173,"Presidency University-Yelahanka, Bengaluru",EE,Electrical & Electronics Engineering,KKR,30,3,130000,130000,,,,,,
COMEDK,2025,E173,"Presidency University-Yelahanka, Bengaluru",IS,Information Science & Engineering,GM,10,9,255000,255000,,41690,37524,,75506,51906
COMEDK,2025,E173,"Presidency University-Yelahanka, Bengaluru",IS,Information Science & Engineering,KKR,10,1,255000,255000,,74729,72720,,,
COMEDK,2025,E173,"Presidency University-Yelahanka, Bengaluru",IST,Information Science & Technology,GM,10,9,230000,230000,,,43234,,107866,
COMEDK,2025,E173,"Presidency University-Yelahanka, Bengaluru",IST,Information Science & Technology,KKR,10,1,230000,230000,,,,,,
COMEDK,2025,E173,"Presidency University-Yelahanka, Bengaluru",VLS,VLSI,GM,10,9,205000,205000,,65786,57294,,89941,
COMEDK,2025,E173,"Presidency University-Yelahanka, Bengaluru",VLS,VLSI,KKR,10,1,205000,205000,,,88206,,,
COMEDK,2025,E183,"Jain Institute of Technology-Avaragere Village, Davangere",AI,Artificial Intelligence & Machine Learning,GM,18,16,200000,20000,220000,95179,73933,,,
COMEDK,2025,E183,"Jain Institute of Technology-Avaragere Village, Davangere",AI,Artificial Intelligence & Machine Learning,KKR,18,2,200000,20000,220000,,,,,
COMEDK,2025,E183,"Jain Institute of Technology-Avaragere Village, Davangere",CS,Computer Science & Engineering,GM,60,55,200000,20000,220000,,110850,,,
COMEDK,2025,E183,"Jain Institute of Technology-Avaragere Village, Davangere",CS,Computer Science & Engineering,KKR,60,5,200000,20000,220000,,,,,
COMEDK,2025,E187,"CMR University-Bagalur-Chagalatti, Bengaluru",CD,Computer Science & Engineering (Data Science),GM,26,21,200000,20000,220000,,27404,,55912,103547
COMEDK,2025,E187,"CMR University-Bagalur-Chagalatti, Bengaluru",CD,Computer Science & Engineering (Data Science),KKR,26,5,200000,20000,220000,,91275,,,
COMEDK,2025,E187,"CMR University-Bagalur-Chagalatti, Bengaluru",CE,Computer Engineering,GM,36,30,200000,20000,220000,36091,33698,,87610,79385
COMEDK,2025,E187,"CMR University-Bagalur-Chagalatti, Bengaluru",CE,Computer Engineering,KKR,36,6,200000,20000,220000,,,,,
COMEDK,2025,E187,"CMR University-Bagalur-Chagalatti, Bengaluru",CI,Computer Science & Engineering (Artificial & Machine Learning),GM,27,22,200000,20000,220000,28594,26740,,47545,103021
COMEDK,2025,E187,"CMR University-Bagalur-Chagalatti, Bengaluru",CI,Computer Science & Engineering (Artificial & Machine Learning),KKR,27,5,200000,20000,220000,80417,78883,,,
COMEDK,2025,E187,"CMR University-Bagalur-Chagalatti, Bengaluru",CN,Computer Science & Technology,GM,18,15,200000,20000,220000,35153,28750,,75437,
COMEDK,2025,E187,"CMR University-Bagalur-Chagalatti, Bengaluru",CN,Computer Science & Technology,KKR,18,3,200000,20000,220000,,,,,
COMEDK,2025,E187,"CMR University-Bagalur-Chagalatti, Bengaluru",CS,Computer Science & Engineering,GM,72,58,200000,20000,220000,,24437,,57965,109536
COMEDK,2025,E187,"CMR University-Bagalur-Chagalatti, Bengaluru",CS,Computer Science & Engineering,KKR,72,14,200000,20000,220000,,110659,100067,,
COMEDK,2025,E187,"CMR University-Bagalur-Chagalatti, Bengaluru",EC,Electronics & Communication Engineering,GM,18,15,200000,20000,220000,40014,32357,,66541,69337
COMEDK,2025,E187,"CMR University-Bagalur-Chagalatti, Bengaluru",EC,Electronics & Communication Engineering,KKR,18,3,200000,20000,220000,102267,102267,,,
COMEDK,2025,E187,"CMR University-Bagalur-Chagalatti, Bengaluru",INT,Information Technology,GM,18,15,200000,20000,220000,39479,34198,,98024,
COMEDK,2025,E187,"CMR University-Bagalur-Chagalatti, Bengaluru",INT,Information Technology,KKR,18,3,200000,20000,220000,,,,,
COMEDK,2025,E191,"Sir M V School Of Architecture-Yelahanka, Bengaluru",BD,Bachelor of Design,GM,5,4,130000,20000,150000,103694,102844,,44061,
COMEDK,2025,E191,"Sir M V School Of Architecture-Yelahanka, Bengaluru",BD,Bachelor of Design,KKR,5,1,130000,20000,150000,,103694,,,
COMEDK,2025,E191,"Sir M V School Of Architecture-Yelahanka, Bengaluru",BP,Bachelor of Urban & Regional Planning,GM,6,5,130000,20000,150000,60255,97535,,,
COMEDK,2025,E191,"Sir M V School Of Architecture-Yelahanka, Bengaluru",BP,Bachelor of Urban & Regional Planning,KKR,6,1,130000,20000,150000,,,,,
COMEDK,2025,E194,"Jain College of Engineering and Technology-Unkal, Hubballi",AI,Artificial Intelligence & Machine Learning,GM,18,16,200000,20000,220000,62198,58347,,108652,108652
COMEDK,2025,E194,"Jain College of Engineering and Technology-Unkal, Hubballi",AI,Artificial Intelligence & Machine Learning,KKR,18,2,200000,20000,220000,,,,,
COMEDK,2025,E194,"Jain College of Engineering and Technology-Unkal, Hubballi",CS,Computer Science & Engineering,GM,54,49,200000,20000,220000,,75645,,99653,91832
COMEDK,2025,E194,"Jain College of Engineering and Technology-Unkal, Hubballi",CS,Computer Science & Engineering,KKR,54,5,200000,20000,220000,,108783,108783,,
COMEDK,2025,E194,"Jain College of Engineering and Technology-Unkal, Hubballi",CV,Civil Engineering,GM,9,7,200000,20000,220000,,92556,,,
COMEDK,2025,E194,"Jain College of Engineering and Technology-Unkal, Hubballi",CV,Civil Engineering,KKR,9,2,200000,20000,220000,,,,,
COMEDK,2025,E194,"Jain College of Engineering and Technology-Unkal, Hubballi",EC,Electronics & Communication Engineering,GM,18,16,200000,20000,220000,106996,103474,,89005,89005
COMEDK,2025,E194,"Jain College of Engineering and Technology-Unkal, Hubballi",EC,Electronics & Communication Engineering,KKR,18,2,200000,20000,220000,,,,,
COMEDK,2025,E194,"Jain College of Engineering and Technology-Unkal, Hubballi",ME,Mechanical Engineering,GM,9,7,200000,20000,220000,,94292,,,
COMEDK,2025,E194,"Jain College of Engineering and Technology-Unkal, Hubballi",ME,Mechanical Engineering,KKR,9,2,200000,20000,220000,,,,,
COMEDK,2025,E195,"Navkis College of Engineering -Kandali NH75, Hassan",AD,Artificial Intelligence & Data Science,GM,18,16,178123,20000,198123,,55845,,,
COMEDK,2025,E195,"Navkis College of Engineering -Kandali NH75, Hassan",AD,Artificial Intelligence & Data Science,KKR,18,2,178123,20000,198123,,,,,
COMEDK,2025,E195,"Navkis College of Engineering -Kandali NH75, Hassan",AI,Artificial Intelligence & Machine Learning,GM,18,16,178123,20000,198123,103040,103040,,,
COMEDK,2025,E195,"Navkis College of Engineering -Kandali NH75, Hassan",AI,Artificial Intelligence & Machine Learning,KKR,18,2,178123,20000,198123,,,,,
COMEDK,2025,E195,"Navkis College of Engineering -Kandali NH75, Hassan",CI,Computer Science & Engineering (Artificial & Machine Learning),GM,18,16,178123,20000,198123,,22324,,95782,
COMEDK,2025,E195,"Navkis College of Engineering -Kandali NH75, Hassan",CI,Computer Science & Engineering (Artificial & Machine Learning),KKR,18,2,178123,20000,198123,,,,,
COMEDK,2025,E195,"Navkis College of Engineering -Kandali NH75, Hassan",CS,Computer Science & Engineering,GM,72,64,178123,20000,198123,,78169,,,
COMEDK,2025,E195,"Navkis College of Engineering -Kandali NH75, Hassan",CS,Computer Science & Engineering,KKR,72,8,178123,20000,198123,,,,,
COMEDK,2025,E195,"Navkis College of Engineering -Kandali NH75, Hassan",CV,Civil Engineering,GM,9,8,178123,20000,198123,,,,,
COMEDK,2025,E195,"Navkis College of Engineering -Kandali NH75, Hassan",CV,Civil Engineering,KKR,9,1,178123,20000,198123,,,,,
COMEDK,2025,E195,"Navkis College of Engineering -Kandali NH75, Hassan",CY,Computer Science & Engineering (Cyber Security),GM,18,16,178123,20000,198123,,,,,
COMEDK,2025,E195,"Navkis College of Engineering -Kandali NH75, Hassan",CY,Computer Science & Engineering (Cyber Security),KKR,18,2,178123,20000,198123,,,,,
COMEDK,2025,E195,"Navkis College of Engineering -Kandali NH75, Hassan",EC,Electronics & Communication Engineering,GM,36,32,178123,20000,198123,,,,,
COMEDK,2025,E195,"Navkis College of Engineering -Kandali NH75, Hassan",EC,Electronics & Communication Engineering,KKR,36,4,178123,20000,198123,,,,,
COMEDK,2025,E197,"M.S. Ramaiah University of Applied Sciences-MSR Nagar, Bengaluru",AVE,Automotive Engineering,GM,5,3,281100,20000,301100,22503,22073,,47146,61634
COMEDK,2025,E197,"M.S. Ramaiah University of Applied Sciences-MSR Nagar, Bengaluru",AVE,Automotive Engineering,KKR,5,2,281100,20000,301100,107055,,,,
COMEDK,2025,E197,"M.S. Ramaiah University of Applied Sciences-MSR Nagar, Bengaluru",CV,Civil Engineering,GM,5,3,281100,20000,301100,24829,26574,,68875,109381
COMEDK,2025,E197,"M.S. Ramaiah University of Applied Sciences-MSR Nagar, Bengaluru",CV,Civil Engineering,KKR,5,2,281100,20000,301100,,,,,
COMEDK,2025,E197,"M.S. Ramaiah University of Applied Sciences-MSR Nagar, Bengaluru",IS,Information Science & Engineering,GM,30,15,281100,20000,301100,13101,13489,,25525,39103
COMEDK,2025,E197,"M.S. Ramaiah University of Applied Sciences-MSR Nagar, Bengaluru",IS,Information Science & Engineering,KKR,30,15,281100,20000,301100,70640,61082,,,
COMEDK,2025,E198,"R V Institute of Technology and Management-J P Nagar, Bengaluru",CI,Computer Science & Engineering (Artificial & Machine Learning),GM,36,33,281100,20000,301100,10780,10032,,15849,24673
COMEDK,2025,E198,"R V Institute of Technology and Management-J P Nagar, Bengaluru",CI,Computer Science & Engineering (Artificial & Machine Learning),KKR,36,3,281100,20000,301100,25876,25876,,,
COMEDK,2025,E198,"R V Institute of Technology and Management-J P Nagar, Bengaluru",CS,Computer Science & Engineering,GM,54,49,281100,20000,301100,,7893,,14773,21189
COMEDK,2025,E198,"R V Institute of Technology and Management-J P Nagar, Bengaluru",CS,Computer Science & Engineering,KKR,54,5,281100,20000,301100,,17442,31537,,
COMEDK,2025,E198,"R V Institute of Technology and Management-J P Nagar, Bengaluru",EC,Electronics & Communication Engineering,GM,18,16,281100,20000,301100,11669,10850,,18473,25588
COMEDK,2025,E198,"R V Institute of Technology and Management-J P Nagar, Bengaluru",EC,Electronics & Communication Engineering,KKR,18,2,281100,20000,301100,28814,33761,45563,,
COMEDK,2025,E199,"Biluru Gurubasava Mahaswamiji Institute of Technology-Mudhol, Bagalkot",AI,Artificial Intelligence & Machine Learning,GM,18,16,180000,20000,200000,,57867,,,
COMEDK,2025,E199,"Biluru Gurubasava Mahaswamiji Institute of Technology-Mudhol, Bagalkot",AI,Artificial Intelligence & Machine Learning,KKR,18,2,180000,20000,200000,,,,,
COMEDK,2025,E199,"Biluru Gurubasava Mahaswamiji Institute of Technology-Mudhol, Bagalkot",CS,Computer Science & Engineering,GM,36,33,180000,20000,200000,,,,,
COMEDK,2025,E199,"Biluru Gurubasava Mahaswamiji Institute of Technology-Mudhol, Bagalkot",CS,Computer Science & Engineering,KKR,36,3,180000,20000,200000,,,,,
COMEDK,2025,E199,"Biluru Gurubasava Mahaswamiji Institute of Technology-Mudhol, Bagalkot",CV,Civil Engineering,GM,9,8,30000,20000,50000,,,,,
COMEDK,2025,E199,"Biluru Gurubasava Mahaswamiji Institute of Technology-Mudhol, Bagalkot",CV,Civil Engineering,KKR,9,1,30000,20000,50000,,,,,
COMEDK,2025,E199,"Biluru Gurubasava Mahaswamiji Institute of Technology-Mudhol, Bagalkot",EC,Electronics & Communication Engineering,GM,36,33,105000,20000,125000,,,,,
COMEDK,2025,E199,"Biluru Gurubasava Mahaswamiji Institute of Technology-Mudhol, Bagalkot",EC,Electronics & Communication Engineering,KKR,36,3,105000,20000,125000,,,,,
COMEDK,2025,E199,"Biluru Gurubasava Mahaswamiji Institute of Technology-Mudhol, Bagalkot",ME,Mechanical Engineering,GM,9,8,30000,20000,50000,,,,,
COMEDK,2025,E199,"Biluru Gurubasava Mahaswamiji Institute of Technology-Mudhol, Bagalkot",ME,Mechanical Engineering,KKR,9,1,30000,20000,50000,,,,,
COMEDK,2025,E201,"G Madegowda Institute of Technology-Maddur, Mandya District",AI,Artificial Intelligence & Machine Learning,GM,18,16,200000,15000,215000,,,,,
COMEDK,2025,E201,"G Madegowda Institute of Technology-Maddur, Mandya District",AI,Artificial Intelligence & Machine Learning,KKR,18,2,200000,15000,215000,,,,,
COMEDK,2025,E201,"G Madegowda Institute of Technology-Maddur, Mandya District",CG,Computer Science & Design,GM,18,16,200000,15000,215000,,,,,
COMEDK,2025,E201,"G Madegowda Institute of Technology-Maddur, Mandya District",CG,Computer Science & Design,KKR,18,2,200000,15000,215000,,,,,
COMEDK,2025,E201,"G Madegowda Institute of Technology-Maddur, Mandya District",CS,Computer Science & Engineering,GM,36,32,200000,15000,215000,,,,,
COMEDK,2025,E201,"G Madegowda Institute of Technology-Maddur, Mandya District",CS,Computer Science & Engineering,KKR,36,4,200000,15000,215000,,,,,
COMEDK,2025,E201,"G Madegowda Institute of Technology-Maddur, Mandya District",CV,Civil Engineering,GM,9,8,200000,15000,215000,,,,,
COMEDK,2025,E201,"G Madegowda Institute of Technology-Maddur, Mandya District",CV,Civil Engineering,KKR,9,1,200000,15000,215000,,,,,
COMEDK,2025,E201,"G Madegowda Institute of Technology-Maddur, Mandya District",EC,Electronics & Communication Engineering,GM,18,16,200000,15000,215000,,91504,,,
COMEDK,2025,E201,"G Madegowda Institute of Technology-Maddur, Mandya District",EC,Electronics & Communication Engineering,KKR,18,2,200000,15000,215000,,,,,
COMEDK,2025,E201,"G Madegowda Institute of Technology-Maddur, Mandya District",EE,Electrical & Electronics Engineering,GM,18,16,200000,15000,215000,,,,,
COMEDK,2025,E201,"G Madegowda Institute of Technology-Maddur, Mandya District",EE,Electrical & Electronics Engineering,KKR,18,2,200000,15000,215000,,,,,
COMEDK,2025,E201,"G Madegowda Institute of Technology-Maddur, Mandya District",ME,Mechanical Engineering,GM,9,8,200000,15000,215000,,,,,
COMEDK,2025,E201,"G Madegowda Institute of Technology-Maddur, Mandya District",ME,Mechanical Engineering,KKR,9,1,200000,15000,215000,,,,,
COMEDK,2025,E202,"C Byregowda Insitute of Technology-Thoradevandahalli, Kolar",AI,Artificial Intelligence & Machine Learning,GM,36,32,186111,186111,,76399,101109,,,
COMEDK,2025,E202,"C Byregowda Insitute of Technology-Thoradevandahalli, Kolar",AI,Artificial Intelligence & Machine Learning,KKR,36,4,186111,186111,,,,,,
COMEDK,2025,E202,"C Byregowda Insitute of Technology-Thoradevandahalli, Kolar",CE,Computer Engineering,GM,18,16,186111,186111,,,,,,
COMEDK,2025,E202,"C Byregowda Insitute of Technology-Thoradevandahalli, Kolar",CE,Computer Engineering,KKR,18,2,186111,186111,,,,,,
COMEDK,2025,E202,"C Byregowda Insitute of Technology-Thoradevandahalli, Kolar",CS,Computer Science & Engineering,GM,54,48,186111,186111,,,,,,
COMEDK,2025,E202,"C Byregowda Insitute of Technology-Thoradevandahalli, Kolar",CS,Computer Science & Engineering,KKR,54,6,186111,186111,,,,,,
COMEDK,2025,E202,"C Byregowda Insitute of Technology-Thoradevandahalli, Kolar",CV,Civil Engineering,GM,9,8,186111,186111,,,,,,
COMEDK,2025,E202,"C Byregowda Insitute of Technology-Thoradevandahalli, Kolar",CV,Civil Engineering,KKR,9,1,186111,186111,,,,,,
COMEDK,2025,E202,"C Byregowda Insitute of Technology-Thoradevandahalli, Kolar",EC,Electronics & Communication Engineering,GM,18,16,186111,186111,,,,,,
COMEDK,2025,E202,"C Byregowda Insitute of Technology-Thoradevandahalli, Kolar",EC,Electronics & Communication Engineering,KKR,18,2,186111,186111,,,,,,
COMEDK,2025,E202,"C Byregowda Insitute of Technology-Thoradevandahalli, Kolar",IS,Information Science & Engineering,GM,18,16,186111,186111,,,,,,
COMEDK,2025,E202,"C Byregowda Insitute of Technology-Thoradevandahalli, Kolar",IS,Information Science & Engineering,KKR,18,2,186111,186111,,,,,,
COMEDK,2025,E202,"C Byregowda Insitute of Technology-Thoradevandahalli, Kolar",ME,Mechanical Engineering,GM,9,8,186111,186111,,,,,,
COMEDK,2025,E202,"C Byregowda Insitute of Technology-Thoradevandahalli, Kolar",ME,Mechanical Engineering,KKR,9,1,186111,186111,,,,,,
COMEDK,2025,E203,"Amruta Institute of Engineering and Management Science-Bidadi, Ramnagar Taluk, Bengaluru Rural",AI,Artificial Intelligence & Machine Learning,GM,18,16,200000,20000,220000,66355,53616,,81494,
COMEDK,2025,E203,"Amruta Institute of Engineering and Management Science-Bidadi, Ramnagar Taluk, Bengaluru Rural",AI,Artificial Intelligence & Machine Learning,KKR,18,2,200000,20000,220000,,,,,
COMEDK,2025,E203,"Amruta Institute of Engineering and Management Science-Bidadi, Ramnagar Taluk, Bengaluru Rural",CS,Computer Science & Engineering,GM,36,33,200000,20000,220000,,53453,,110891,
COMEDK,2025,E203,"Amruta Institute of Engineering and Management Science-Bidadi, Ramnagar Taluk, Bengaluru Rural",CS,Computer Science & Engineering,KKR,36,3,200000,20000,220000,,,,,
COMEDK,2025,E203,"Amruta Institute of Engineering and Management Science-Bidadi, Ramnagar Taluk, Bengaluru Rural",CV,Civil Engineering,GM,9,8,50000,20000,70000,94606,81346,,,
COMEDK,2025,E203,"Amruta Institute of Engineering and Management Science-Bidadi, Ramnagar Taluk, Bengaluru Rural",CV,Civil Engineering,KKR,9,1,50000,20000,70000,,,,,
COMEDK,2025,E203,"Amruta Institute of Engineering and Management Science-Bidadi, Ramnagar Taluk, Bengaluru Rural",EC,Electronics & Communication Engineering,GM,18,16,130000,20000,150000,103927,103927,,,
COMEDK,2025,E203,"Amruta Institute of Engineering and Management Science-Bidadi, Ramnagar Taluk, Bengaluru Rural",EC,Electronics & Communication Engineering,KKR,18,2,130000,20000,150000,,,,,
COMEDK,2025,E203,"Amruta Institute of Engineering and Management Science-Bidadi, Ramnagar Taluk, Bengaluru Rural",IS,Information Science & Engineering,GM,18,16,130000,20000,150000,95332,74414,,,
COMEDK,2025,E203,"Amruta Institute of Engineering and Management Science-Bidadi, Ramnagar Taluk, Bengaluru Rural",IS,Information Science & Engineering,KKR,18,2,130000,20000,150000,,,,,
COMEDK,2025,E203,"Amruta Institute of Engineering and Management Science-Bidadi, Ramnagar Taluk, Bengaluru Rural",ME,Mechanical Engineering,GM,9,8,50000,20000,70000,72116,87491,,,
COMEDK,2025,E203,"Amruta Institute of Engineering and Management Science-Bidadi, Ramnagar Taluk, Bengaluru Rural",ME,Mechanical Engineering,KKR,9,1,50000,20000,70000,,,,,
COMEDK,2025,E204,"H.K.E. Societys Sir M. Visvesvaraya College of Engineering-Yermarus Camp, Raichur",CS,Computer Science & Engineering,GM,27,5,200000,20000,220000,,58851,,,
COMEDK,2025,E204,"H.K.E. Societys Sir M. Visvesvaraya College of Engineering-Yermarus Camp, Raichur",CS,Computer Science & Engineering,KKR,27,22,200000,20000,220000,,,,,
COMEDK,2025,E205,"Vijaya Vittala Institution of Technology-Kothanur, Bengaluru",AI,Artificial Intelligence & Machine Learning,GM,18,16,200000,20000,220000,,111222,,,
COMEDK,2025,E205,"Vijaya Vittala Institution of Technology-Kothanur, Bengaluru",AI,Artificial Intelligence & Machine Learning,KKR,18,2,200000,20000,220000,,,,,
COMEDK,2025,E205,"Vijaya Vittala Institution of Technology-Kothanur, Bengaluru",CD,Computer Science & Engineering (Data Science),GM,18,16,200000,20000,220000,,,,,
COMEDK,2025,E205,"Vijaya Vittala Institution of Technology-Kothanur, Bengaluru",CD,Computer Science & Engineering (Data Science),KKR,18,2,200000,20000,220000,,,,,
COMEDK,2025,E205,"Vijaya Vittala Institution of Technology-Kothanur, Bengaluru",CI,Computer Science & Engineering (Artificial & Machine Learning),GM,18,16,200000,20000,220000,109004,109004,,,
COMEDK,2025,E205,"Vijaya Vittala Institution of Technology-Kothanur, Bengaluru",CI,Computer Science & Engineering (Artificial & Machine Learning),KKR,18,2,200000,20000,220000,,,,,
COMEDK,2025,E205,"Vijaya Vittala Institution of Technology-Kothanur, Bengaluru",CS,Computer Science & Engineering,GM,36,32,200000,20000,220000,,106154,,40289,
COMEDK,2025,E205,"Vijaya Vittala Institution of Technology-Kothanur, Bengaluru",CS,Computer Science & Engineering,KKR,36,4,200000,20000,220000,,,,,
COMEDK,2025,E205,"Vijaya Vittala Institution of Technology-Kothanur, Bengaluru",CV,Civil Engineering,GM,18,16,84150,20000,104150,,,,,
COMEDK,2025,E205,"Vijaya Vittala Institution of Technology-Kothanur, Bengaluru",CV,Civil Engineering,KKR,18,2,84150,20000,104150,,,,,
COMEDK,2025,E205,"Vijaya Vittala Institution of Technology-Kothanur, Bengaluru",EC,Electronics & Communication Engineering,GM,18,16,109150,20000,129150,,,,,
COMEDK,2025,E205,"Vijaya Vittala Institution of Technology-Kothanur, Bengaluru",EC,Electronics & Communication Engineering,KKR,18,2,109150,20000,129150,,,,,
COMEDK,2025,E205,"Vijaya Vittala Institution of Technology-Kothanur, Bengaluru",ME,Mechanical Engineering,GM,18,16,84150,20000,104150,,,,,
COMEDK,2025,E205,"Vijaya Vittala Institution of Technology-Kothanur, Bengaluru",ME,Mechanical Engineering,KKR,18,2,84150,20000,104150,,,,,
COMEDK,2025,E206,"Cauvery Institute Of Technology-Sundahalli, Mandya",CS,Computer Science & Engineering,GM,54,48,200000,20000,220000,,109687,,,
COMEDK,2025,E206,"Cauvery Institute Of Technology-Sundahalli, Mandya",CS,Computer Science & Engineering,KKR,54,6,200000,20000,220000,,,,,
COMEDK,2025,E206,"Cauvery Institute Of Technology-Sundahalli, Mandya",CV,Civil Engineering,GM,9,8,50000,20000,70000,,,,,
COMEDK,2025,E206,"Cauvery Institute Of Technology-Sundahalli, Mandya",CV,Civil Engineering,KKR,9,1,50000,20000,70000,,,,,
COMEDK,2025,E206,"Cauvery Institute Of Technology-Sundahalli, Mandya",EC,Electronics & Communication Engineering,GM,18,16,200000,20000,220000,,,,,
COMEDK,2025,E206,"Cauvery Institute Of Technology-Sundahalli, Mandya",EC,Electronics & Communication Engineering,KKR,18,2,200000,20000,220000,,,,,
COMEDK,2025,E206,"Cauvery Institute Of Technology-Sundahalli, Mandya",IS,Information Science & Engineering,GM,18,16,200000,20000,220000,,94600,,,
COMEDK,2025,E206,"Cauvery Institute Of Technology-Sundahalli, Mandya",IS,Information Science & Engineering,KKR,18,2,200000,20000,220000,,,,,
COMEDK,2025,E206,"Cauvery Institute Of Technology-Sundahalli, Mandya",ME,Mechanical Engineering,GM,9,8,50000,20000,70000,,36023,,,
COMEDK,2025,E206,"Cauvery Institute Of Technology-Sundahalli, Mandya",ME,Mechanical Engineering,KKR,9,1,50000,20000,70000,,,,,
COMEDK,2025,E207,"BGS College of Engineering and Technology-Mahalaxmipuram, Bengaluru",AD,Artificial Intelligence & Data Science,GM,18,16,281100,20000,301100,,55776,,108945,106934
COMEDK,2025,E207,"BGS College of Engineering and Technology-Mahalaxmipuram, Bengaluru",AD,Artificial Intelligence & Data Science,KKR,18,2,281100,20000,301100,,,,,
COMEDK,2025,E207,"BGS College of Engineering and Technology-Mahalaxmipuram, Bengaluru",AI,Artificial Intelligence & Machine Learning,GM,18,16,281100,20000,301100,64829,56672,,96926,93228
COMEDK,2025,E207,"BGS College of Engineering and Technology-Mahalaxmipuram, Bengaluru",AI,Artificial Intelligence & Machine Learning,KKR,18,2,281100,20000,301100,,,,,
COMEDK,2025,E207,"BGS College of Engineering and Technology-Mahalaxmipuram, Bengaluru",CG,Computer Science & Design,GM,18,16,250000,20000,270000,91844,70592,,70313,
COMEDK,2025,E207,"BGS College of Engineering and Technology-Mahalaxmipuram, Bengaluru",CG,Computer Science & Design,KKR,18,2,250000,20000,270000,,,,,
COMEDK,2025,E207,"BGS College of Engineering and Technology-Mahalaxmipuram, Bengaluru",CS,Computer Science & Engineering,GM,36,33,281100,20000,301100,,53400,,100335,90133
COMEDK,2025,E207,"BGS College of Engineering and Technology-Mahalaxmipuram, Bengaluru",CS,Computer Science & Engineering,KKR,36,3,281100,20000,301100,,85620,83726,,
COMEDK,2025,E207,"BGS College of Engineering and Technology-Mahalaxmipuram, Bengaluru",IS,Information Science & Engineering,GM,18,16,281100,20000,301100,72926,66129,,89272,
COMEDK,2025,E207,"BGS College of Engineering and Technology-Mahalaxmipuram, Bengaluru",IS,Information Science & Engineering,KKR,18,2,281100,20000,301100,,,,,
COMEDK,2025,E208,"A.G.M Rural College of Engineering and Technology-Varur, Hubballi",CG,Computer Science & Design,GM,18,16,200000,19620,219620,,,,,
COMEDK,2025,E208,"A.G.M Rural College of Engineering and Technology-Varur, Hubballi",CG,Computer Science & Design,KKR,18,2,200000,19620,219620,,,,,
COMEDK,2025,E208,"A.G.M Rural College of Engineering and Technology-Varur, Hubballi",CI,Computer Science & Engineering (Artificial & Machine Learning),GM,18,16,200000,19620,219620,101469,101469,,,
COMEDK,2025,E208,"A.G.M Rural College of Engineering and Technology-Varur, Hubballi",CI,Computer Science & Engineering (Artificial & Machine Learning),KKR,18,2,200000,19620,219620,,,,,
COMEDK,2025,E208,"A.G.M Rural College of Engineering and Technology-Varur, Hubballi",CS,Computer Science & Engineering,GM,54,49,200000,19620,219620,,,,,
COMEDK,2025,E208,"A.G.M Rural College of Engineering and Technology-Varur, Hubballi",CS,Computer Science & Engineering,KKR,54,5,200000,19620,219620,,,,,
COMEDK,2025,E208,"A.G.M Rural College of Engineering and Technology-Varur, Hubballi",CV,Civil Engineering,GM,9,8,200000,19620,219620,,,,,
COMEDK,2025,E208,"A.G.M Rural College of Engineering and Technology-Varur, Hubballi",CV,Civil Engineering,KKR,9,1,200000,19620,219620,,,,,
COMEDK,2025,E208,"A.G.M Rural College of Engineering and Technology-Varur, Hubballi",EC,Electronics & Communication Engineering,GM,36,33,200000,19620,219620,107183,107183,,,
COMEDK,2025,E208,"A.G.M Rural College of Engineering and Technology-Varur, Hubballi",EC,Electronics & Communication Engineering,KKR,36,3,200000,19620,219620,,,,,
COMEDK,2025,E208,"A.G.M Rural College of Engineering and Technology-Varur, Hubballi",EE,Electrical & Electronics Engineering,GM,18,16,200000,19620,219620,,,,,
COMEDK,2025,E208,"A.G.M Rural College of Engineering and Technology-Varur, Hubballi",EE,Electrical & Electronics Engineering,KKR,18,2,200000,19620,219620,,,,,
COMEDK,2025,E208,"A.G.M Rural College of Engineering and Technology-Varur, Hubballi",ME,Mechanical Engineering,GM,18,16,200000,19620,219620,,,,,
COMEDK,2025,E208,"A.G.M Rural College of Engineering and Technology-Varur, Hubballi",ME,Mechanical Engineering,KKR,18,2,200000,19620,219620,,,,,
COMEDK,2025,E209,"Aditya College of Engineering and Technology-Yelahanka, Bengaluru",AD,Artificial Intelligence & Data Science,GM,18,15,240000,20000,260000,,110705,,90966,
COMEDK,2025,E209,"Aditya College of Engineering and Technology-Yelahanka, Bengaluru",AD,Artificial Intelligence & Data Science,KKR,18,3,240000,20000,260000,,,,,
COMEDK,2025,E209,"Aditya College of Engineering and Technology-Yelahanka, Bengaluru",AI,Artificial Intelligence & Machine Learning,GM,18,15,240000,20000,260000,102506,108541,,107173,
COMEDK,2025,E209,"Aditya College of Engineering and Technology-Yelahanka, Bengaluru",AI,Artificial Intelligence & Machine Learning,KKR,18,3,240000,20000,260000,,,,,
COMEDK,2025,E209,"Aditya College of Engineering and Technology-Yelahanka, Bengaluru",CA,Computer Science & Engineering (Artificial,GM,18,15,240000,20000,260000,106189,108579,,,
COMEDK,2025,E209,"Aditya College of Engineering and Technology-Yelahanka, Bengaluru",CA,Computer Science & Engineering (Artificial,KKR,18,3,240000,20000,260000,,,,,
COMEDK,2025,E209,"Aditya College of Engineering and Technology-Yelahanka, Bengaluru",CI,Computer Science & Engineering (Artificial & Machine Learning),GM,18,15,240000,20000,260000,79094,79094,,,
COMEDK,2025,E209,"Aditya College of Engineering and Technology-Yelahanka, Bengaluru",CI,Computer Science & Engineering (Artificial & Machine Learning),KKR,18,3,240000,20000,260000,,,,,
COMEDK,2025,E209,"Aditya College of Engineering and Technology-Yelahanka, Bengaluru",CS,Computer Science & Engineering,GM,36,30,240000,20000,260000,,111282,,,
COMEDK,2025,E209,"Aditya College of Engineering and Technology-Yelahanka, Bengaluru",CS,Computer Science & Engineering,KKR,36,6,240000,20000,260000,,,,,
COMEDK,2025,E209,"Aditya College of Engineering and Technology-Yelahanka, Bengaluru",DS,Data Science,GM,18,15,240000,20000,260000,74590,74590,,,
COMEDK,2025,E209,"Aditya College of Engineering and Technology-Yelahanka, Bengaluru",DS,Data Science,KKR,18,3,240000,20000,260000,,,,,
COMEDK,2025,E209,"Aditya College of Engineering and Technology-Yelahanka, Bengaluru",EC,Electronics & Communication Engineering,GM,18,15,240000,20000,260000,,,,,
COMEDK,2025,E209,"Aditya College of Engineering and Technology-Yelahanka, Bengaluru",EC,Electronics & Communication Engineering,KKR,18,3,240000,20000,260000,,,,,
COMEDK,2025,E209,"Aditya College of Engineering and Technology-Yelahanka, Bengaluru",IS,Information Science & Engineering,GM,18,15,240000,20000,260000,,,,,
COMEDK,2025,E209,"Aditya College of Engineering and Technology-Yelahanka, Bengaluru",IS,Information Science & Engineering,KKR,18,3,240000,20000,260000,,,,,
COMEDK,2025,E209,"Aditya College of Engineering and Technology-Yelahanka, Bengaluru",UE,Electronics & Computer Engineering,GM,18,15,240000,20000,260000,,,,,
COMEDK,2025,E209,"Aditya College of Engineering and Technology-Yelahanka, Bengaluru",UE,Electronics & Computer Engineering,KKR,18,3,240000,20000,260000,,,,,
COMEDK,2025,E211,"East West College of Engineering-Yelahanka, Bengaluru",AE,Aeronautical Engineering,GM,18,15,165000,10000,175000,,90403,,,
COMEDK,2025,E211,"East West College of Engineering-Yelahanka, Bengaluru",AE,Aeronautical Engineering,KKR,18,3,165000,10000,175000,,,,,
COMEDK,2025,E211,"East West College of Engineering-Yelahanka, Bengaluru",AL,Agriculture Engineering Course,GM,8,7,95000,5000,100000,,,,93611,
COMEDK,2025,E211,"East West College of Engineering-Yelahanka, Bengaluru",AL,Agriculture Engineering Course,KKR,8,1,95000,5000,100000,,,,,
COMEDK,2025,E211,"East West College of Engineering-Yelahanka, Bengaluru",CS,Computer Science & Engineering,GM,20,16,190000,10000,200000,,66645,,,
COMEDK,2025,E211,"East West College of Engineering-Yelahanka, Bengaluru",CS,Computer Science & Engineering,KKR,20,4,190000,10000,200000,,,,,
COMEDK,2025,E211,"East West College of Engineering-Yelahanka, Bengaluru",EC,Electronics & Communication Engineering,GM,8,6,160000,10000,170000,106946,91524,,,
COMEDK,2025,E211,"East West College of Engineering-Yelahanka, Bengaluru",EC,Electronics & Communication Engineering,KKR,8,2,160000,10000,170000,,,,,
COMEDK,2025,E211,"East West College of Engineering-Yelahanka, Bengaluru",ME,Mechanical Engineering,GM,4,3,95000,5000,100000,91212,106946,,,
COMEDK,2025,E211,"East West College of Engineering-Yelahanka, Bengaluru",ME,Mechanical Engineering,KKR,4,1,95000,5000,100000,,,,,
COMEDK,2025,E212,"Seshadripuram Institute of Technology - Jaipura Hobli, Mysuru",AI,Artificial Intelligence & Machine Learning,GM,5,4,200000,17090,217090,76224,75039,,104925,
COMEDK,2025,E212,"Seshadripuram Institute of Technology - Jaipura Hobli, Mysuru",AI,Artificial Intelligence & Machine Learning,KKR,5,1,200000,17090,217090,,,,,
COMEDK,2025,E212,"Seshadripuram Institute of Technology - Jaipura Hobli, Mysuru",CS,Computer Science & Engineering,GM,5,4,200000,17090,217090,,69776,,102501,
COMEDK,2025,E212,"Seshadripuram Institute of Technology - Jaipura Hobli, Mysuru",CS,Computer Science & Engineering,KKR,5,1,200000,17090,217090,,,,,
COMEDK,2025,E212,"Seshadripuram Institute of Technology - Jaipura Hobli, Mysuru",EC,Electronics & Communication Engineering,GM,3,2,200000,17090,217090,78694,80032,,105585,
COMEDK,2025,E212,"Seshadripuram Institute of Technology - Jaipura Hobli, Mysuru",EC,Electronics & Communication Engineering,KKR,3,1,200000,17090,217090,,,,,
COMEDK,2025,E212,"Seshadripuram Institute of Technology - Jaipura Hobli, Mysuru",EE,Electrical & Electronics Engineering,GM,3,2,200000,17090,217090,,89812,,,
COMEDK,2025,E212,"Seshadripuram Institute of Technology - Jaipura Hobli, Mysuru",EE,Electrical & Electronics Engineering,KKR,3,1,200000,17090,217090,,,,,
COMEDK,2025,E212,"Seshadripuram Institute of Technology - Jaipura Hobli, Mysuru",IS,Information Science & Engineering,GM,3,2,200000,17090,217090,80032,79145,,,
COMEDK,2025,E212,"Seshadripuram Institute of Technology - Jaipura Hobli, Mysuru",IS,Information Science & Engineering,KKR,3,1,200000,17090,217090,,,,,
COMEDK,2025,E212,"Seshadripuram Institute of Technology - Jaipura Hobli, Mysuru",ME,Mechanical Engineering,GM,3,2,200000,17090,217090,73610,79498,,,
COMEDK,2025,E212,"Seshadripuram Institute of Technology - Jaipura Hobli, Mysuru",ME,Mechanical Engineering,KKR,3,1,200000,17090,217090,,,,,
COMEDK,2025,E214,"Sri Siddhartha School of Engineering-Near Kyathsandra Toll Gate, Tumkur",AI,Artificial Intelligence & Machine Learning,GM,18,16,180000,20000,200000,108674,85622,,,
COMEDK,2025,E214,"Sri Siddhartha School of Engineering-Near Kyathsandra Toll Gate, Tumkur",AI,Artificial Intelligence & Machine Learning,KKR,18,2,180000,20000,200000,,,,,
COMEDK,2025,E214,"Sri Siddhartha School of Engineering-Near Kyathsandra Toll Gate, Tumkur",CS,Computer Science & Engineering,GM,54,49,180000,20000,200000,,108674,,61878,
COMEDK,2025,E214,"Sri Siddhartha School of Engineering-Near Kyathsandra Toll Gate, Tumkur",CS,Computer Science & Engineering,KKR,54,5,180000,20000,200000,,,,,
COMEDK,2025,E214,"Sri Siddhartha School of Engineering-Near Kyathsandra Toll Gate, Tumkur",CV,Civil Engineering,GM,9,8,180000,20000,200000,82591,82591,,,
COMEDK,2025,E214,"Sri Siddhartha School of Engineering-Near Kyathsandra Toll Gate, Tumkur",CV,Civil Engineering,KKR,9,1,180000,20000,200000,,,,,
COMEDK,2025,E214,"Sri Siddhartha School of Engineering-Near Kyathsandra Toll Gate, Tumkur",CX,Cyber Security,GM,18,16,180000,20000,200000,90914,90914,,,
COMEDK,2025,E214,"Sri Siddhartha School of Engineering-Near Kyathsandra Toll Gate, Tumkur",CX,Cyber Security,KKR,18,2,180000,20000,200000,,,,,
COMEDK,2025,E214,"Sri Siddhartha School of Engineering-Near Kyathsandra Toll Gate, Tumkur",DS,Data Science,GM,18,16,180000,20000,200000,,71514,,,
COMEDK,2025,E214,"Sri Siddhartha School of Engineering-Near Kyathsandra Toll Gate, Tumkur",DS,Data Science,KKR,18,2,180000,20000,200000,,,,,
COMEDK,2025,E214,"Sri Siddhartha School of Engineering-Near Kyathsandra Toll Gate, Tumkur",EC,Electronics & Communication Engineering,GM,18,16,180000,20000,200000,101837,105095,,,
COMEDK,2025,E214,"Sri Siddhartha School of Engineering-Near Kyathsandra Toll Gate, Tumkur",EC,Electronics & Communication Engineering,KKR,18,2,180000,20000,200000,,,,,
COMEDK,2025,E214,"Sri Siddhartha School of Engineering-Near Kyathsandra Toll Gate, Tumkur",EE,Electrical & Electronics Engineering,GM,18,16,180000,20000,200000,,59558,,,
COMEDK,2025,E214,"Sri Siddhartha School of Engineering-Near Kyathsandra Toll Gate, Tumkur",EE,Electrical & Electronics Engineering,KKR,18,2,180000,20000,200000,,,,,
COMEDK,2025,E214,"Sri Siddhartha School of Engineering-Near Kyathsandra Toll Gate, Tumkur",IS,Information Science & Engineering,GM,18,16,180000,20000,200000,,,,,
COMEDK,2025,E214,"Sri Siddhartha School of Engineering-Near Kyathsandra Toll Gate, Tumkur",IS,Information Science & Engineering,KKR,18,2,180000,20000,200000,,,,,
COMEDK,2025,E214,"Sri Siddhartha School of Engineering-Near Kyathsandra Toll Gate, Tumkur",ME,Mechanical Engineering,GM,18,16,180000,20000,200000,,98077,,,
COMEDK,2025,E214,"Sri Siddhartha School of Engineering-Near Kyathsandra Toll Gate, Tumkur",ME,Mechanical Engineering,KKR,18,2,180000,20000,200000,,,,,
COMEDK,2025,E215,"Cauvery College of Engineering-KBL Layout, Mysuru",CD,Computer Science & Engineering (Data Science),GM,3,2,200000,19000,219000,,,,,
COMEDK,2025,E215,"Cauvery College of Engineering-KBL Layout, Mysuru",CD,Computer Science & Engineering (Data Science),KKR,3,1,200000,19000,219000,,,,,
COMEDK,2025,E215,"Cauvery College of Engineering-KBL Layout, Mysuru",CI,Computer Science & Engineering (Artificial & Machine Learning),GM,18,15,200000,19000,219000,105087,105087,,,
COMEDK,2025,E215,"Cauvery College of Engineering-KBL Layout, Mysuru",CI,Computer Science & Engineering (Artificial & Machine Learning),KKR,18,3,200000,19000,219000,,,,,
COMEDK,2025,E215,"Cauvery College of Engineering-KBL Layout, Mysuru",CS,Computer Science & Engineering,GM,18,15,200000,19000,219000,,87921,,,
COMEDK,2025,E215,"Cauvery College of Engineering-KBL Layout, Mysuru",CS,Computer Science & Engineering,KKR,18,3,200000,19000,219000,,,,,
COMEDK,2025,E215,"Cauvery College of Engineering-KBL Layout, Mysuru",CY,Computer Science & Engineering (Cyber Security),GM,3,2,200000,19000,219000,63634,63634,,,
COMEDK,2025,E215,"Cauvery College of Engineering-KBL Layout, Mysuru",CY,Computer Science & Engineering (Cyber Security),KKR,3,1,200000,19000,219000,,,,,
COMEDK,2025,E215,"Cauvery College of Engineering-KBL Layout, Mysuru",EC,Electronics & Communication Engineering,GM,3,2,200000,19000,219000,,,,,
COMEDK,2025,E215,"Cauvery College of Engineering-KBL Layout, Mysuru",EC,Electronics & Communication Engineering,KKR,3,1,200000,19000,219000,,,,,
COMEDK,2025,E215,"Cauvery College of Engineering-KBL Layout, Mysuru",IS,Information Science & Engineering,GM,3,2,200000,19000,219000,,,,,
COMEDK,2025,E215,"Cauvery College of Engineering-KBL Layout, Mysuru",IS,Information Science & Engineering,KKR,3,1,200000,19000,219000,,,,,
COMEDK,2025,E216,"New Ebenezer Institute of Technology - Kothanur, Bangalore",CAD,Computer Science & Engineering (Artificial & Data Science),GM,9,8,150000,15000,165000,38523,41235,,94868,
COMEDK,2025,E216,"New Ebenezer Institute of Technology - Kothanur, Bangalore",CAD,Computer Science & Engineering (Artificial & Data Science),KKR,9,1,150000,15000,165000,81555,81555,,,
COMEDK,2025,E216,"New Ebenezer Institute of Technology - Kothanur, Bangalore",CI,Computer Science & Engineering (Artificial & Machine Learning),GM,36,33,150000,15000,165000,41235,111096,,,
COMEDK,2025,E216,"New Ebenezer Institute of Technology - Kothanur, Bangalore",CI,Computer Science & Engineering (Artificial & Machine Learning),KKR,36,3,150000,15000,165000,,,,,
COMEDK,2025,E216,"New Ebenezer Institute of Technology - Kothanur, Bangalore",CS,Computer Science & Engineering,GM,36,33,125000,15000,140000,,97018,,,
COMEDK,2025,E216,"New Ebenezer Institute of Technology - Kothanur, Bangalore",CS,Computer Science & Engineering,KKR,36,3,125000,15000,140000,,,,,
COMEDK,2025,E216,"New Ebenezer Institute of Technology - Kothanur, Bangalore",EC,Electronics & Communication Engineering,GM,9,8,100000,15000,115000,,,,,
COMEDK,2025,E216,"New Ebenezer Institute of Technology - Kothanur, Bangalore",EC,Electronics & Communication Engineering,KKR,9,1,100000,15000,115000,,,,,
COMEDK,2025,E216,"New Ebenezer Institute of Technology - Kothanur, Bangalore",IS,Information Science & Engineering,GM,18,16,120000,15000,135000,,,,,
COMEDK,2025,E216,"New Ebenezer Institute of Technology - Kothanur, Bangalore",IS,Information Science & Engineering,KKR,18,2,120000,15000,135000,,,,,
COMEDK,2025,E217,"Harsha Institute of Technology-Nelamangala Taluk, Bangalore Rural",CD,Computer Science & Engineering (Data Science),GM,18,16,200000,20000,220000,,109099,,85336,
COMEDK,2025,E217,"Harsha Institute of Technology-Nelamangala Taluk, Bangalore Rural",CD,Computer Science & Engineering (Data Science),KKR,18,2,200000,20000,220000,,,,,
COMEDK,2025,E217,"Harsha Institute of Technology-Nelamangala Taluk, Bangalore Rural",CI,Computer Science & Engineering (Artificial & Machine Learning),GM,18,16,200000,20000,220000,110476,110476,,,
COMEDK,2025,E217,"Harsha Institute of Technology-Nelamangala Taluk, Bangalore Rural",CI,Computer Science & Engineering (Artificial & Machine Learning),KKR,18,2,200000,20000,220000,,,,,
COMEDK,2025,E217,"Harsha Institute of Technology-Nelamangala Taluk, Bangalore Rural",CS,Computer Science & Engineering,GM,18,16,200000,20000,220000,,111675,,80960,
COMEDK,2025,E217,"Harsha Institute of Technology-Nelamangala Taluk, Bangalore Rural",CS,Computer Science & Engineering,KKR,18,2,200000,20000,220000,,,,,
COMEDK,2025,E217,"Harsha Institute of Technology-Nelamangala Taluk, Bangalore Rural",CY,Computer Science & Engineering (Cyber Security),GM,18,16,200000,20000,220000,98687,,,,
COMEDK,2025,E217,"Harsha Institute of Technology-Nelamangala Taluk, Bangalore Rural",CY,Computer Science & Engineering (Cyber Security),KKR,18,2,200000,20000,220000,,,,,
COMEDK,2025,E217,"Harsha Institute of Technology-Nelamangala Taluk, Bangalore Rural",EC,Electronics & Communication Engineering,GM,18,16,200000,20000,220000,82772,82772,,110173,
COMEDK,2025,E217,"Harsha Institute of Technology-Nelamangala Taluk, Bangalore Rural",EC,Electronics & Communication Engineering,KKR,18,2,200000,20000,220000,,,,,
COMEDK,2025,E217,"Harsha Institute of Technology-Nelamangala Taluk, Bangalore Rural",IS,Information Science & Engineering,GM,18,16,200000,20000,220000,108273,108273,,,
COMEDK,2025,E217,"Harsha Institute of Technology-Nelamangala Taluk, Bangalore Rural",IS,Information Science & Engineering,KKR,18,2,200000,20000,220000,,,,,
