Institute,Academic Program Name,Quota,Seat Type,Gender,Opening_R1,Closing_R1
"Acharya Institute of Technology-Soladevanahalli, Bengaluru","Aeronautical Engineering (4 Years, Bachelor of Technology)",GM,OPEN,Neutral,65930,65930
"Acharya Institute of Technology-Soladevanahalli, Bengaluru","Artificial Intelligence & Machine Learning (4 Years, Bachelor of Technology)",GM,OPEN,Neutral,97132,97132
"Acharya Institute of Technology-Soladevanahalli, Bengaluru","Aeronautical Engineering (4 Years, Bachelor of Technology)",KKR,OPEN,Neutral,97600,97600
"Acharya Institute of Technology-Soladevanahalli, Bengaluru","Artificial Intelligence & Machine Learning (4 Years, Bachelor of Technology)",KKR,OPEN,Neutral,86498,86498
"A.C.S. College of Engineering-Kambipura Mysore Road, Bengaluru","Artificial Intelligence & Machine Learning (4 Years, Bachelor of Technology)",GM,OPEN,Neutral,80971,80971
"A.C.S. College of Engineering-Kambipura Mysore Road, Bengaluru","Aerospace Engineering (4 Years, Bachelor of Technology)",GM,OPEN,Neutral,90119,90119
Adichunchanagiri Institute of Technology,"Artificial Intelligence & Machine Learning (4 Years, Bachelor of Technology)",GM,OPEN,Neutral,106484,106484
"Akash Institute of Engineering and Technology- Devanahalli, Bengaluru Rural","Artificial Intelligence & Data Science (4 Years, Bachelor of Technology)",GM,OPEN,Neutral,84613,84613
"AMC Engineering College-Bannerghatta Rd, Bengaluru","Aeronautical Engineering (4 Years, Bachelor of Technology)",GM,OPEN,Neutral,95021,95021
"AMC Engineering College-Bannerghatta Rd, Bengaluru","Artificial Intelligence & Machine Learning (4 Years, Bachelor of Technology)",GM,OPEN,Neutral,105341,105341
"Atria Institute of Technology-Hebbal, Bengaluru","Artificial Intelligence & Machine Learning (4 Years, Bachelor of Technology)",GM,OPEN,Neutral,91512,91512
"Atria Institute of Technology-Hebbal, Bengaluru","Artificial Intelligence & Machine Learning (4 Years, Bachelor of Technology)",KKR,OPEN,Neutral,106136,106136
"Anuvartik Mirji Bharatesh Institute of Technology- Shindhollicross, Belagavi","Artificial Intelligence & Machine Learning (4 Years, Bachelor of Technology)",GM,OPEN,Neutral,108895,108895
"B.N.M. Institute of Technology-Banashankari, Bengaluru","Artificial Intelligence & Machine Learning (4 Years, Bachelor of Technology)",GM,OPEN,Neutral,43182,43182
"B.N.M. Institute of Technology-Banashankari, Bengaluru","Artificial Intelligence & Machine Learning (4 Years, Bachelor of Technology)",KKR,OPEN,Neutral,57776,57776
"KLE Technological University Formerly known as BVBCET- Vidyanagar, Hubballi","Automation & Robotics Engineering (4 Years, Bachelor of Technology)",GM,OPEN,Neutral,97544,97544
"KLE Technological University Formerly known as BVBCET- Vidyanagar, Hubballi","Automation & Robotics Engineering (4 Years, Bachelor of Technology)",KKR,OPEN,Neutral,66578,66578
"Bangalore Institute of Technology-V V Puram, Bengaluru","Artificial Intelligence & Machine Learning (4 Years, Bachelor of Technology)",GM,OPEN,Neutral,22868,22868
"Bangalore Institute of Technology-V V Puram, Bengaluru","Artificial Intelligence & Machine Learning (4 Years, Bachelor of Technology)",KKR,OPEN,Neutral,33260,33260
"Bapuji Institute of Engineering and Technology-Shamanur Road, Davangere","Artificial Intelligence & Machine Learning (4 Years, Bachelor of Technology)",GM,OPEN,Neutral,111412,111412
"Bapuji Institute of Engineering and Technology-Shamanur Road, Davangere","Artificial Intelligence & Machine Learning (4 Years, Bachelor of Technology)",KKR,OPEN,Neutral,78883,78883
"Basaveshwar Engineering College-Vidya Nagar, Bagalkote","Artificial Intelligence & Machine Learning (4 Years, Bachelor of Technology)",GM,OPEN,Neutral,101501,101501
"BMS College of Engineering-Basavanagudi, Bengaluru","Artificial Intelligence & Data Science (4 Years, Bachelor of Technology)",GM,OPEN,Neutral,5776,5776
"BMS College of Engineering-Basavanagudi, Bengaluru","Artificial Intelligence & Machine Learning (4 Years, Bachelor of Technology)",GM,OPEN,Neutral,6670,6670
"BMS College of Engineering-Basavanagudi, Bengaluru","Artificial Intelligence & Data Science (4 Years, Bachelor of Technology)",KKR,OPEN,Neutral,17172,17172
"BMS College of Engineering-Basavanagudi, Bengaluru","Artificial Intelligence & Machine Learning (4 Years, Bachelor of Technology)",KKR,OPEN,Neutral,16435,16435
"BMS Institute of Technology and Management-Yelahanka, Bengaluru","Artificial Intelligence & Machine Learning (4 Years, Bachelor of Technology)",GM,OPEN,Neutral,26119,26119
"BMS Institute of Technology and Management-Yelahanka, Bengaluru","Artificial Intelligence & Machine Learning (4 Years, Bachelor of Technology)",KKR,OPEN,Neutral,41835,41835
"CMR Institute of Technology-Brookefield, Bengaluru","Artificial Intelligence & Data Science (4 Years, Bachelor of Technology)",GM,OPEN,Neutral,36348,36348
"CMR Institute of Technology-Brookefield, Bengaluru","Artificial Intelligence & Machine Learning (4 Years, Bachelor of Technology)",GM,OPEN,Neutral,34791,34791
"CMR Institute of Technology-Brookefield, Bengaluru","Artificial Intelligence & Data Science (4 Years, Bachelor of Technology)",KKR,OPEN,Neutral,63963,63963
"CMR Institute of Technology-Brookefield, Bengaluru","Artificial Intelligence & Machine Learning (4 Years, Bachelor of Technology)",KKR,OPEN,Neutral,59185,59185
"Cambridge Institute of Technology-K R Puram, Bengaluru","Artificial Intelligence & Machine Learning (4 Years, Bachelor of Technology)",GM,OPEN,Neutral,103809,103809
"Cambridge Institute of Technology-K R Puram, Bengaluru","Artificial Intelligence & Machine Learning (4 Years, Bachelor of Technology)",KKR,OPEN,Neutral,96946,96946
"Channabasaveshwara Institute of Technology- Gubbi, Tumakuru","Artificial Intelligence & Data Science (4 Years, Bachelor of Technology)",GM,OPEN,Neutral,106098,106098
"City Engineering College-Doddakalasandra, Bengaluru","Artificial Intelligence & Machine Learning (4 Years, Bachelor of Technology)",GM,OPEN,Neutral,90335,90335
"Dayananda Sagar College of Engineering-Kumaraswamy Layout, Bengaluru","Aeronautical Engineering (4 Years, Bachelor of Technology)",GM,OPEN,Neutral,34681,34681
"Dayananda Sagar College of Engineering-Kumaraswamy Layout, Bengaluru","Artificial Intelligence & Machine Learning (4 Years, Bachelor of Technology)",GM,OPEN,Neutral,9622,9622
"Dayananda Sagar College of Engineering-Kumaraswamy Layout, Bengaluru","Automobile Engineering (4 Years, Bachelor of Technology)",GM,OPEN,Neutral,63821,63821
"Dayananda Sagar College of Engineering-Kumaraswamy Layout, Bengaluru","Aeronautical Engineering (4 Years, Bachelor of Technology)",KKR,OPEN,Neutral,59439,59439
"Dayananda Sagar College of Engineering-Kumaraswamy Layout, Bengaluru","Artificial Intelligence & Machine Learning (4 Years, Bachelor of Technology)",KKR,OPEN,Neutral,19685,19685
"Dr. Ambedkar Institute of Technology-Malathahalli, Bengaluru","Artificial Intelligence & Machine Learning (4 Years, Bachelor of Technology)",GM,OPEN,Neutral,84409,84409
"Dr. Ambedkar Institute of Technology-Malathahalli, Bengaluru","Artificial Intelligence & Machine Learning (4 Years, Bachelor of Technology)",KKR,OPEN,Neutral,57701,57701
Dr H N National College of Engineering,"Artificial Intelligence & Data Science (4 Years, Bachelor of Technology)",GM,OPEN,Neutral,92178,92178
"East West Institute of Technology-BEL Layout, Bengaluru","Artificial Intelligence & Data Science (4 Years, Bachelor of Technology)",GM,OPEN,Neutral,58938,58938
"East West Institute of Technology-BEL Layout, Bengaluru","Artificial Intelligence & Machine Learning (4 Years, Bachelor of Technology)",GM,OPEN,Neutral,80438,80438
"Global Academy of Technology-Rajarajeshwari Nagar, Bengaluru","Artificial Intelligence & Data Science (4 Years, Bachelor of Technology)",GM,OPEN,Neutral,80024,80024
"Global Academy of Technology-Rajarajeshwari Nagar, Bengaluru","Aeronautical Engineering (4 Years, Bachelor of Technology)",GM,OPEN,Neutral,76592,76592
"Global Academy of Technology-Rajarajeshwari Nagar, Bengaluru","Artificial Intelligence & Machine Learning (4 Years, Bachelor of Technology)",GM,OPEN,Neutral,99801,99801
"Global Academy of Technology-Rajarajeshwari Nagar, Bengaluru","Artificial Intelligence & Data Science (4 Years, Bachelor of Technology)",KKR,OPEN,Neutral,83910,83910
"GM Institute of Technology-P B Road, Davangere","Artificial Intelligence & Machine Learning (4 Years, Bachelor of Technology)",GM,OPEN,Neutral,107653,107653
GSSS Institute of Engineering and Technology for Women,"Artificial Intelligence & Data Science (4 Years, Bachelor of Technology)",GM,OPEN,Neutral,74720,74720
GSSS Institute of Engineering and Technology for Women,"Artificial Intelligence & Data Science (4 Years, Bachelor of Technology)",KKR,OPEN,Neutral,97455,97455
"H.K.E.Societys P.D.A. College of Engineering-Aiwan E Shahi area, Kalaburgi","Artificial Intelligence & Machine Learning (4 Years, Bachelor of Technology)",GM,OPEN,Neutral,82697,82697
"Jawaharlal Nehru New College of Engineering JNNCE- Swalanga Road, Shivamogga","Artificial Intelligence & Machine Learning (4 Years, Bachelor of Technology)",GM,OPEN,Neutral,92925,92925
"KLE College of Engineering and Technology-Chikodi Dist., Belagavi","Artificial Intelligence & Data Science (4 Years, Bachelor of Technology)",GM,OPEN,Neutral,67808,67808
"K.S School of Engineering And Management-Off Kanakapura Road, Bengaluru","Artificial Intelligence & Data Science (4 Years, Bachelor of Technology)",GM,OPEN,Neutral,100842,100842
K.S. INSTITUTE OF TECHNOLOGY,"Artificial Intelligence & Machine Learning (4 Years, Bachelor of Technology)",GM,OPEN,Neutral,102605,102605
"KLS Gogte Institute of Technology-Udyambag, Belagavi","Aeronautical Engineering (4 Years, Bachelor of Technology)",GM,OPEN,Neutral,101565,101565
"KLS Gogte Institute of Technology-Udyambag, Belagavi","Bachelor of Design (Communication & Design) (4 Years, Bachelor of Technology)",GM,OPEN,Neutral,96497,96497
"M.S. Ramaiah Institute of Technology-MSR Nagar, Bengaluru","Artificial Intelligence & Data Science (4 Years, Bachelor of Technology)",GM,OPEN,Neutral,3422,3422
"M.S. Ramaiah Institute of Technology-MSR Nagar, Bengaluru","Artificial Intelligence & Machine Learning (4 Years, Bachelor of Technology)",GM,OPEN,Neutral,3244,3244
"M.S. Ramaiah Institute of Technology-MSR Nagar, Bengaluru","Aerospace Engineering (4 Years, Bachelor of Technology)",GM,OPEN,Neutral,13510,13510
"M.S. Ramaiah Institute of Technology-MSR Nagar, Bengaluru","Artificial Intelligence & Data Science (4 Years, Bachelor of Technology)",KKR,OPEN,Neutral,14044,14044
"M.S. Ramaiah Institute of Technology-MSR Nagar, Bengaluru","Artificial Intelligence & Machine Learning (4 Years, Bachelor of Technology)",KKR,OPEN,Neutral,5102,5102
"M.S. Ramaiah Institute of Technology-MSR Nagar, Bengaluru","Aerospace Engineering (4 Years, Bachelor of Technology)",KKR,OPEN,Neutral,25650,25650
"Mangalore Institute of Technology and Engineering- Moodbidri, Mangaluru","Aeronautical Engineering (4 Years, Bachelor of Technology)",GM,OPEN,Neutral,47158,47158
"Maharaja Institute of Technology-Thandavapura, Mysuru","Artificial Intelligence & Data Science (4 Years, Bachelor of Technology)",GM,OPEN,Neutral,88161,88161
"Mysuru Royal Institute of Technology-Palahallli, Mandya District","Artificial Intelligence & Machine Learning (4 Years, Bachelor of Technology)",GM,OPEN,Neutral,94076,94076
PES Institute of Technology and Management,"Artificial Intelligence & Machine Learning (4 Years, Bachelor of Technology)",GM,OPEN,Neutral,73263,73263
"R V College of Engineering-Mysore Road, Bengaluru","Aerospace Engineering (4 Years, Bachelor of Technology)",GM,OPEN,Neutral,5890,5890
"R V College of Engineering-Mysore Road, Bengaluru","Aerospace Engineering (4 Years, Bachelor of Technology)",KKR,OPEN,Neutral,24703,24703
"Raja Rajeswari College of Engineering-Kumbalgodu, Bengaluru","Artificial Intelligence & Machine Learning (4 Years, Bachelor of Technology)",GM,OPEN,Neutral,78511,78511
"Rajiv Gandhi Institute of Technology-R T Nagar Post, Bengaluru","Bio-Medical Engineering (4 Years, Bachelor of Technology)",GM,OPEN,Neutral,66371,66371
"SJB Institute of Technology-Kengeri, Bengaluru","Artificial Intelligence & Machine Learning (4 Years, Bachelor of Technology)",GM,OPEN,Neutral,103454,103454
"SJB Institute of Technology-Kengeri, Bengaluru","Artificial Intelligence & Machine Learning (4 Years, Bachelor of Technology)",KKR,OPEN,Neutral,110166,110166
"SJC Institute of Technology-BB Road, Chikkaballapur","Artificial Intelligence & Data Science (4 Years, Bachelor of Technology)",GM,OPEN,Neutral,93830,93830
"S.E.A. College of Engineering and Technology-K R Puram, Bengaluru","Artificial Intelligence & Data Science (4 Years, Bachelor of Technology)",GM,OPEN,Neutral,96811,96811
"SSETs S.G. Balekundri Institute of Technology-Shivabasva Nagar, Belagavi","Artificial Intelligence & Data Science (4 Years, Bachelor of Technology)",GM,OPEN,Neutral,87331,87331
"SDM College of Engineering and Technology, Tulu Minority- Kalaghatagi, Dharwad","Artificial Intelligence & Machine Learning (4 Years, Bachelor of Technology)",GM,OPEN,Neutral,75645,75645
"SDM College of Engineering and Technology, Tulu Minority- Kalaghatagi, Dharwad","Artificial Intelligence & Machine Learning (4 Years, Bachelor of Technology)",KKR,OPEN,Neutral,69916,69916
"Sri Sairam College of Engineering-Anekal, Bengaluru","Artificial Intelligence & Machine Learning (4 Years, Bachelor of Technology)",GM,OPEN,Neutral,95798,95798
"Sri Sairam College of Engineering-Anekal, Bengaluru","Artificial Intelligence & Machine Learning (4 Years, Bachelor of Technology)",KKR,OPEN,Neutral,110453,110453
"Shri Madhwa Vadiraja Institute of Technology and Management-Bantakal, Udupi","Artificial Intelligence & Data Science (4 Years, Bachelor of Technology)",GM,OPEN,Neutral,62552,62552
"Sir M.Visvesvaraya Institute of Technology-Yelahanka, Bengaluru","Artificial Intelligence & Machine Learning (4 Years, Bachelor of Technology)",GM,OPEN,Neutral,41579,41579
"Sir M.Visvesvaraya Institute of Technology-Yelahanka, Bengaluru","Artificial Intelligence & Machine Learning (4 Years, Bachelor of Technology)",KKR,OPEN,Neutral,63803,63803
"Sri Krishna Institute of Technology-Chikkabanavara, Bengaluru","Artificial Intelligence & Machine Learning (4 Years, Bachelor of Technology)",GM,OPEN,Neutral,77870,77870
"T. John Institute of Technology-Bannerghatta Road, Bengaluru","Artificial Intelligence & Machine Learning (4 Years, Bachelor of Technology)",GM,OPEN,Neutral,83430,83430
"Vemana Institute of Technology-Koramangala, Bengaluru","Artificial Intelligence & Machine Learning (4 Years, Bachelor of Technology)",GM,OPEN,Neutral,85684,85684
"Jyothy Institute of Technology-Tathguni, Bengaluru","Artificial Intelligence & Machine Learning (4 Years, Bachelor of Technology)",GM,OPEN,Neutral,80103,80103
"REVA University-Yelahanka, Bengaluru","Artificial Intelligence & Data Science (4 Years, Bachelor of Technology)",GM,OPEN,Neutral,61900,61900
"REVA University-Yelahanka, Bengaluru","Artificial Intelligence & Data Science (4 Years, Bachelor of Technology)",KKR,OPEN,Neutral,84760,84760
"REVA University-Yelahanka, Bengaluru","Agricultural Engineering (4 Years, Bachelor of Technology)",KKR,OPEN,Neutral,86205,86205
"Alliance University-Anekal, Bengaluru","Aerospace Engineering (4 Years, Bachelor of Technology)",GM,OPEN,Neutral,81226,81226
"Jain College of Engineering and Technology-Unkal, Hubballi","Artificial Intelligence & Machine Learning (4 Years, Bachelor of Technology)",GM,OPEN,Neutral,108652,108652
"BGS College of Engineering and Technology- Mahalaxmipuram, Bengaluru","Artificial Intelligence & Data Science (4 Years, Bachelor of Technology)",GM,OPEN,Neutral,106934,106934
"BGS College of Engineering and Technology- Mahalaxmipuram, Bengaluru","Artificial Intelligence & Machine Learning (4 Years, Bachelor of Technology)",GM,OPEN,Neutral,93228,93228
"Seshadripuram Institute of Technology - Kadakola Industrial Area, Mysuru","Artificial Intelligence & Machine Learning (4 Years, Bachelor of Technology)",GM,OPEN,Neutral,104925,104925
"Acharya Institute of Technology-Soladevanahalli, Bengaluru","Bio- technology (4 Years, Bachelor of Technology)",GM,OPEN,Neutral,82087,82087
"Acharya Institute of Technology-Soladevanahalli, Bengaluru","Computer Science & Engineering (Data Science) (4 Years, Bachelor of Technology)",GM,OPEN,Neutral,103486,103486
"Acharya Institute of Technology-Soladevanahalli, Bengaluru","Computer Science & Engineering (Data Science) (4 Years, Bachelor of Technology)",KKR,OPEN,Neutral,102464,102464
Adichunchanagiri Institute of Technology,"Computer Science & Engineering (Data Science) (4 Years, Bachelor of Technology)",GM,OPEN,Neutral,64466,64466
"Akash Institute of Engineering and Technology- Devanahalli, Bengaluru Rural","Computer Science & Engineering (Artificial Intelligence & Machine Learning) (4 Years, Bachelor of Technology)",GM,OPEN,Neutral,84459,84459
"AMC Engineering College-Bannerghatta Rd, Bengaluru","Computer Science & Engineering (Data Science) (4 Years, Bachelor of Technology)",GM,OPEN,Neutral,77210,77210
"AMC Engineering College-Bannerghatta Rd, Bengaluru","Computer Science & Engineering (Artificial Intelligence & Machine Learning) (4 Years, Bachelor of Technology)",GM,OPEN,Neutral,110976,110976
"APS College of Engineering-Kanakapura Road, Bengaluru","Computer Science & Engineering (Artificial Intelligence & Machine Learning) (4 Years, Bachelor of Technology)",GM,OPEN,Neutral,56624,56624
"Atria Institute of Technology-Hebbal, Bengaluru","Computer Science & Engineering (Data Science) (4 Years, Bachelor of Technology)",GM,OPEN,Neutral,105457,105457
"KLE Technological University Formerly known as BVBCET- Vidyanagar, Hubballi","Bio- technology (4 Years, Bachelor of Technology)",GM,OPEN,Neutral,97734,97734
"KLE Technological University Formerly known as BVBCET- Vidyanagar, Hubballi","Computer Science & Engineering (Artificial Intelligence) (4 Years, Bachelor of Technology)",GM,OPEN,Neutral,47299,47299
"KLE Technological University Formerly known as BVBCET- Vidyanagar, Hubballi","Bio- technology (4 Years, Bachelor of Technology)",KKR,OPEN,Neutral,68738,68738
"KLE Technological University Formerly known as BVBCET- Vidyanagar, Hubballi","Computer Science & Engineering (Artificial Intelligence) (4 Years, Bachelor of Technology)",KKR,OPEN,Neutral,48608,48608
"Bangalore Institute of Technology-V V Puram, Bengaluru","Computer Science & Engineering (Data Science) (4 Years, Bachelor of Technology)",GM,OPEN,Neutral,18272,18272
"Bangalore Institute of Technology-V V Puram, Bengaluru","Computer Science & Engineering (Data Science) (4 Years, Bachelor of Technology)",KKR,OPEN,Neutral,32551,32551
"Bangalore Technological Institute-Chikkanayakanahalli Dinne, Bengaluru","Computer Science & Engineering (Data Science) (4 Years, Bachelor of Technology)",GM,OPEN,Neutral,37912,37912
"Bapuji Institute of Engineering and Technology-Shamanur Road, Davangere","Bio- technology (4 Years, Bachelor of Technology)",GM,OPEN,Neutral,50201,50201
"Bapuji Institute of Engineering and Technology-Shamanur Road, Davangere","Computer Science & Engineering (Data Science) (4 Years, Bachelor of Technology)",GM,OPEN,Neutral,94910,94910
"BLDEAs V.P. Dr.P.G.Halakatti College of Engineering and Technology-Ashram Road, Vijayapura","Computer Science & Engineering (Artificial Intelligence) (4 Years, Bachelor of Technology)",GM,OPEN,Neutral,103425,103425
"BLDEAs V.P. Dr.P.G.Halakatti College of Engineering and Technology-Ashram Road, Vijayapura","Computer Science & Engineering (Data Science) (4 Years, Bachelor of Technology)",GM,OPEN,Neutral,108471,108471
"BMS College of Engineering-Basavanagudi, Bengaluru","Bio- technology (4 Years, Bachelor of Technology)",GM,OPEN,Neutral,39302,39302
"BMS College of Engineering-Basavanagudi, Bengaluru","Computer Science & Business Systems (4 Years, Bachelor of Technology)",GM,OPEN,Neutral,6650,6650
"BMS College of Engineering-Basavanagudi, Bengaluru","Computer Science & Engineering (Data Science) (4 Years, Bachelor of Technology)",GM,OPEN,Neutral,5610,5610
"BMS College of Engineering-Basavanagudi, Bengaluru","Chemical Engineering (4 Years, Bachelor of Technology)",GM,OPEN,Neutral,44244,44244
"BMS College of Engineering-Basavanagudi, Bengaluru","Bio- technology (4 Years, Bachelor of Technology)",KKR,OPEN,Neutral,76894,76894
"BMS College of Engineering-Basavanagudi, Bengaluru","Computer Science & Business Systems (4 Years, Bachelor of Technology)",KKR,OPEN,Neutral,17793,17793
"BMS College of Engineering-Basavanagudi, Bengaluru","Computer Science & Engineering (Data Science) (4 Years, Bachelor of Technology)",KKR,OPEN,Neutral,17078,17078
"BMS College of Engineering-Basavanagudi, Bengaluru","Chemical Engineering (4 Years, Bachelor of Technology)",KKR,OPEN,Neutral,106796,106796
"BMS Institute of Technology and Management-Yelahanka, Bengaluru","Computer Science & Business Systems (4 Years, Bachelor of Technology)",GM,OPEN,Neutral,22972,22972
"BMS Institute of Technology and Management-Yelahanka, Bengaluru","Computer Science & Business Systems (4 Years, Bachelor of Technology)",KKR,OPEN,Neutral,43905,43905
"CMR Institute of Technology-Brookefield, Bengaluru","Computer Science & Engineering (Data Science) (4 Years, Bachelor of Technology)",GM,OPEN,Neutral,29052,29052
"CMR Institute of Technology-Brookefield, Bengaluru","Computer Science & Engineering (Artificial Intelligence & Machine Learning) (4 Years, Bachelor of Technology)",GM,OPEN,Neutral,26892,26892
"CMR Institute of Technology-Brookefield, Bengaluru","Computer Science & Engineering (Data Science) (4 Years, Bachelor of Technology)",KKR,OPEN,Neutral,69259,69259
"CMR Institute of Technology-Brookefield, Bengaluru","Computer Science & Engineering (Artificial Intelligence & Machine Learning) (4 Years, Bachelor of Technology)",KKR,OPEN,Neutral,50674,50674
"Cambridge Institute of Technology-K R Puram, Bengaluru","Computer Science & Engineering (Data Science) (4 Years, Bachelor of Technology)",GM,OPEN,Neutral,85816,85816
"Cambridge Institute of Technology-K R Puram, Bengaluru","Computer Science & Engineering (Data Science) (4 Years, Bachelor of Technology)",KKR,OPEN,Neutral,76918,76918
Dayananda Sagar Academy of Technology and Management,"Computer Science & Engineering (Data Science) (4 Years, Bachelor of Technology)",GM,OPEN,Neutral,68225,68225
Dayananda Sagar Academy of Technology and Management,"Computer Science & Engineering (Artificial Intelligence & Machine Learning) (4 Years, Bachelor of Technology)",GM,OPEN,Neutral,54107,54107
Dayananda Sagar Academy of Technology and Management,"Computer Science & Engineering (Data Science) (4 Years, Bachelor of Technology)",KKR,OPEN,Neutral,73575,73575
Dayananda Sagar Academy of Technology and Management,"Computer Science & Engineering (Artificial Intelligence & Machine Learning) (4 Years, Bachelor of Technology)",KKR,OPEN,Neutral,69830,69830
"Dayananda Sagar College of Engineering-Kumaraswamy Layout, Bengaluru","Bio- technology (4 Years, Bachelor of Technology)",GM,OPEN,Neutral,80468,80468
"Dayananda Sagar College of Engineering-Kumaraswamy Layout, Bengaluru","Computer Science & Engineering (Data Science) (4 Years, Bachelor of Technology)",GM,OPEN,Neutral,8322,8322
"Dayananda Sagar College of Engineering-Kumaraswamy Layout, Bengaluru","Computer Science & Design (4 Years, Bachelor of Technology)",GM,OPEN,Neutral,11125,11125
"Dayananda Sagar College of Engineering-Kumaraswamy Layout, Bengaluru","Chemical Engineering (4 Years, Bachelor of Technology)",GM,OPEN,Neutral,53019,53019
"Dayananda Sagar College of Engineering-Kumaraswamy Layout, Bengaluru","Computer Science & Engineering (Data Science) (4 Years, Bachelor of Technology)",KKR,OPEN,Neutral,19473,19473
"Dayananda Sagar College of Engineering-Kumaraswamy Layout, Bengaluru","Computer Science & Design (4 Years, Bachelor of Technology)",KKR,OPEN,Neutral,31502,31502
"DON BOSCO Institute of Technology-Kumbalgodu, Bengaluru","Computer Science & Engineering (Artificial Intelligence & Machine Learning) (4 Years, Bachelor of Technology)",GM,OPEN,Neutral,86990,86990
"Dr. Ambedkar Institute of Technology-Malathahalli, Bengaluru","Computer Science & Business Systems (4 Years, Bachelor of Technology)",GM,OPEN,Neutral,59929,59929
"Dr. Ambedkar Institute of Technology-Malathahalli, Bengaluru","Computer Science & Engineering (Data Science) (4 Years, Bachelor of Technology)",GM,OPEN,Neutral,110247,110247
"Dr. Ambedkar Institute of Technology-Malathahalli, Bengaluru","Computer Science & Business Systems (4 Years, Bachelor of Technology)",KKR,OPEN,Neutral,76839,76839
"Dr. Ambedkar Institute of Technology-Malathahalli, Bengaluru","Computer Science & Engineering (Data Science) (4 Years, Bachelor of Technology)",KKR,OPEN,Neutral,79646,79646
East Point College of Engineering and Technology,"Computer Science & Engineering (Data Science) (4 Years, Bachelor of Technology)",GM,OPEN,Neutral,98372,98372
East Point College of Engineering and Technology,"Computer Science & Engineering (Artificial Intelligence & Machine Learning) (4 Years, Bachelor of Technology)",GM,OPEN,Neutral,99416,99416
"East West Institute of Technology-BEL Layout, Bengaluru","Computer Science & Engineering (Artificial Intelligence & Machine Learning) (4 Years, Bachelor of Technology)",GM,OPEN,Neutral,64384,64384
"Global Academy of Technology-Rajarajeshwari Nagar, Bengaluru","Computer Science & Engineering (Artificial Intelligence & Machine Learning) (4 Years, Bachelor of Technology)",GM,OPEN,Neutral,94669,94669
"Global Academy of Technology-Rajarajeshwari Nagar, Bengaluru","Computer Science & Engineering (Artificial Intelligence & Machine Learning) (4 Years, Bachelor of Technology)",KKR,OPEN,Neutral,80161,80161
Gopalan College of Engineering And Management,"Computer Science & Engineering (Data Science) (4 Years, Bachelor of Technology)",GM,OPEN,Neutral,50257,50257
Gopalan College of Engineering And Management,"Computer Science & Engineering (Artificial Intelligence & Machine Learning) (4 Years, Bachelor of Technology)",GM,OPEN,Neutral,110929,110929
GSSS Institute of Engineering and Technology for Women,"Computer Science & Engineering (Artificial Intelligence & Machine Learning) (4 Years, Bachelor of Technology)",GM,OPEN,Neutral,56718,56718
GSSS Institute of Engineering and Technology for Women,"Computer Science & Engineering (Artificial Intelligence & Machine Learning) (4 Years, Bachelor of Technology)",KKR,OPEN,Neutral,85204,85204
"Jawaharlal Nehru New College of Engineering JNNCE- Swalanga Road, Shivamogga","Computer Science & Engineering (Data Science) (4 Years, Bachelor of Technology)",GM,OPEN,Neutral,104928,104928
"JSS Academy of Technical Education-Kengeri Main Road, Bengaluru","Computer Science & Engineering (Artificial Intelligence & Machine Learning) (4 Years, Bachelor of Technology)",GM,OPEN,Neutral,68273,68273
"JSS Academy of Technical Education-Kengeri Main Road, Bengaluru","Computer Science & Engineering (Artificial Intelligence & Machine Learning) (4 Years, Bachelor of Technology)",KKR,OPEN,Neutral,90991,90991
JSS Science and Technology University-Mysuru,"Bio- technology (4 Years, Bachelor of Technology)",GM,OPEN,Neutral,109696,109696
JSS Science and Technology University-Mysuru,"Computer Science & Business Systems (4 Years, Bachelor of Technology)",GM,OPEN,Neutral,26810,26810
JSS Science and Technology University-Mysuru,"Computer Science & Engineering (Artificial Intelligence & Machine Learning) (4 Years, Bachelor of Technology)",GM,OPEN,Neutral,16101,16101
JSS Science and Technology University-Mysuru,"Computer Science & Business Systems (4 Years, Bachelor of Technology)",KKR,OPEN,Neutral,30660,30660
JSS Science and Technology University-Mysuru,"Computer Science & Engineering (Artificial Intelligence & Machine Learning) (4 Years, Bachelor of Technology)",KKR,OPEN,Neutral,24850,24850
"Jain College of Engineering-T.S Nagar, Belagavi","Computer Science & Engineering (Artificial Intelligence & Machine Learning) (4 Years, Bachelor of Technology)",GM,OPEN,Neutral,96545,96545
"Jain College of Engineering and Research-Udyambag, Belagavi","Computer Science & Engineering (Artificial Intelligence & Machine Learning) (4 Years, Bachelor of Technology)",GM,OPEN,Neutral,76775,76775
"KLE Technological University, Belagavi Campus. Formerly known as KLE Dr. M.S. Sheshgiri College of Engineering and","Computer Science & Engineering (Artificial Intelligence) (4 Years, Bachelor of Technology)",GM,OPEN,Neutral,101670,101670
"KLE Technological University, Belagavi Campus. Formerly known as KLE Dr. M.S. Sheshgiri College of Engineering and","Chemical Engineering (4 Years, Bachelor of Technology)",GM,OPEN,Neutral,67577,67577
"KLS Gogte Institute of Technology-Udyambag, Belagavi","Computer Science & Engineering (Artificial Intelligence & Machine Learning) (4 Years, Bachelor of Technology)",GM,OPEN,Neutral,43970,43970
"KLS Gogte Institute of Technology-Udyambag, Belagavi","Computer Science & Engineering (Artificial Intelligence & Machine Learning) (4 Years, Bachelor of Technology)",KKR,OPEN,Neutral,100293,100293
"KLS Vishwanathrao Deshpande Institute of Technology- Dandeli Road, Haliyal","Computer Science & Engineering (Artificial Intelligence) (4 Years, Bachelor of Technology)",GM,OPEN,Neutral,111074,111074
"M.S. Ramaiah Institute of Technology-MSR Nagar, Bengaluru","Bio- technology (4 Years, Bachelor of Technology)",GM,OPEN,Neutral,38302,38302
"M.S. Ramaiah Institute of Technology-MSR Nagar, Bengaluru","Chemical Engineering (4 Years, Bachelor of Technology)",GM,OPEN,Neutral,40176,40176
"M.S. Ramaiah Institute of Technology-MSR Nagar, Bengaluru","Computer Science & Engineering (Artificial Intelligence & Machine Learning) (4 Years, Bachelor of Technology)",GM,OPEN,Neutral,2098,2098
"M.S. Ramaiah Institute of Technology-MSR Nagar, Bengaluru","Bio- technology (4 Years, Bachelor of Technology)",KKR,OPEN,Neutral,93008,93008
"M.S. Ramaiah Institute of Technology-MSR Nagar, Bengaluru","Computer Science & Engineering (Artificial Intelligence & Machine Learning) (4 Years, Bachelor of Technology)",KKR,OPEN,Neutral,11499,11499
"Maharaja Institute of Technology-Belawadi, Mandya","Computer Science & Engineering (Artificial Intelligence) (4 Years, Bachelor of Technology)",GM,OPEN,Neutral,101827,101827
"Maharaja Institute of Technology-Belawadi, Mandya","Computer Science & Business Systems (4 Years, Bachelor of Technology)",GM,OPEN,Neutral,109740,109740
"Maharaja Institute of Technology-Belawadi, Mandya","Computer Science & Engineering (Data Science) (4 Years, Bachelor of Technology)",GM,OPEN,Neutral,106871,106871
"Maharaja Institute of Technology-Belawadi, Mandya","Computer Science & Engineering (Artificial Intelligence & Machine Learning) (4 Years, Bachelor of Technology)",GM,OPEN,Neutral,98718,98718
"Malnad College of Engineering-Rangoli Halla, Hassan","Computer Science & Engineering (Artificial Intelligence & Machine Learning) (4 Years, Bachelor of Technology)",GM,OPEN,Neutral,88213,88213
"Maharaja Institute of Technology-Thandavapura, Mysuru","Computer Science & Engineering (Artificial Intelligence & Machine Learning) (4 Years, Bachelor of Technology)",GM,OPEN,Neutral,86203,86203
"Nagarjuna College of Engineering And Technology- Devanahalli, Bengaluru","Computer Science & Engineering (Artificial Intelligence & Machine Learning) (4 Years, Bachelor of Technology)",GM,OPEN,Neutral,110636,110636
"The National Institute of Engineering North Campus- Koorgalli, Mysuru","Computer Science & Engineering (Artificial Intelligence & Machine Learning) (4 Years, Bachelor of Technology)",GM,OPEN,Neutral,25039,25039
"The National Institute of Engineering North Campus- Koorgalli, Mysuru","Computer Science & Engineering (Artificial Intelligence & Machine Learning) (4 Years, Bachelor of Technology)",KKR,OPEN,Neutral,29233,29233
"P.E.S.College of Engineering, Mandya","Computer Science & Engineering (Data Science) (4 Years, Bachelor of Technology)",GM,OPEN,Neutral,70443,70443
"P.E.S.College of Engineering, Mandya","Computer Science & Engineering (Artificial Intelligence & Machine Learning) (4 Years, Bachelor of Technology)",GM,OPEN,Neutral,33228,33228
PES Institute of Technology and Management,"Computer Science & Engineering (Data Science) (4 Years, Bachelor of Technology)",GM,OPEN,Neutral,73527,73527
"R V College of Engineering-Mysore Road, Bengaluru","Bio- technology (4 Years, Bachelor of Technology)",GM,OPEN,Neutral,18547,18547
"R V College of Engineering-Mysore Road, Bengaluru","Computer Science & Engineering (Data Science) (4 Years, Bachelor of Technology)",GM,OPEN,Neutral,890,890
"R V College of Engineering-Mysore Road, Bengaluru","Chemical Engineering (4 Years, Bachelor of Technology)",GM,OPEN,Neutral,13038,13038
"R V College of Engineering-Mysore Road, Bengaluru","Computer Science & Engineering (Artificial Intelligence & Machine Learning) (4 Years, Bachelor of Technology)",GM,OPEN,Neutral,975,975
"R V College of Engineering-Mysore Road, Bengaluru","Bio- technology (4 Years, Bachelor of Technology)",KKR,OPEN,Neutral,47177,47177
"R V College of Engineering-Mysore Road, Bengaluru","Computer Science & Engineering (Data Science) (4 Years, Bachelor of Technology)",KKR,OPEN,Neutral,2557,2557
"R V College of Engineering-Mysore Road, Bengaluru","Chemical Engineering (4 Years, Bachelor of Technology)",KKR,OPEN,Neutral,76609,76609
"R V College of Engineering-Mysore Road, Bengaluru","Computer Science & Engineering (Artificial Intelligence & Machine Learning) (4 Years, Bachelor of Technology)",KKR,OPEN,Neutral,2388,2388
"Raja Rajeswari College of Engineering-Kumbalgodu, Bengaluru","Computer Science & Design (4 Years, Bachelor of Technology)",GM,OPEN,Neutral,107629,107629
"RNS Institute of Technology-R R Nagar Post, Bengaluru","Computer Science & Engineering (Data Science) (4 Years, Bachelor of Technology)",GM,OPEN,Neutral,48497,48497
"RNS Institute of Technology-R R Nagar Post, Bengaluru","Computer Science & Engineering (Artificial Intelligence & Machine Learning) (4 Years, Bachelor of Technology)",GM,OPEN,Neutral,46906,46906
"RNS Institute of Technology-R R Nagar Post, Bengaluru","Computer Science & Engineering (Data Science) (4 Years, Bachelor of Technology)",KKR,OPEN,Neutral,64916,64916
"RNS Institute of Technology-R R Nagar Post, Bengaluru","Computer Science & Engineering (Artificial Intelligence & Machine Learning) (4 Years, Bachelor of Technology)",KKR,OPEN,Neutral,58192,58192
"SJB Institute of Technology-Kengeri, Bengaluru","Computer Science & Engineering (Data Science) (4 Years, Bachelor of Technology)",GM,OPEN,Neutral,111065,111065
"SJC Institute of Technology-BB Road, Chikkaballapur","Computer Science & Engineering (Artificial Intelligence & Machine Learning) (4 Years, Bachelor of Technology)",GM,OPEN,Neutral,91872,91872
"Sahyadri College of Engineering and Management-Adyar, Mangaluru","Computer Science & Engineering (Artificial Intelligence & Machine Learning) (4 Years, Bachelor of Technology)",GM,OPEN,Neutral,83348,83348
"Sai Vidya Institute of Technology-Rajan Kunte, Bengaluru","Computer Science & Engineering (Artificial Intelligence & Machine Learning) (4 Years, Bachelor of Technology)",GM,OPEN,Neutral,110575,110575
"Sapthagiri NPS University-Hesarghatta Main Road, Bengaluru","Computer Science & Engineering (Data Science) (4 Years, Bachelor of Technology)",GM,OPEN,Neutral,62074,62074
"SDM College of Engineering and Technology, Tulu Minority- Kalaghatagi, Dharwad","Chemical Engineering (4 Years, Bachelor of Technology)",GM,OPEN,Neutral,84163,84163
"Siddaganga Institute of Technology-B H Road, Tumakuru","Computer Science & Engineering (Artificial Intelligence & Machine Learning) (4 Years, Bachelor of Technology)",GM,OPEN,Neutral,20772,20772
"Siddaganga Institute of Technology-B H Road, Tumakuru","Computer Science & Engineering (Artificial Intelligence & Machine Learning) (4 Years, Bachelor of Technology)",KKR,OPEN,Neutral,27910,27910
"Sir M.Visvesvaraya Institute of Technology-Yelahanka, Bengaluru","Bio- technology (4 Years, Bachelor of Technology)",GM,OPEN,Neutral,72665,72665
"Sir M.Visvesvaraya Institute of Technology-Yelahanka, Bengaluru","Computer Science & Engineering (Data Science) (4 Years, Bachelor of Technology)",GM,OPEN,Neutral,37549,37549
"Sir M.Visvesvaraya Institute of Technology-Yelahanka, Bengaluru","Computer Science & Engineering (Data Science) (4 Years, Bachelor of Technology)",KKR,OPEN,Neutral,65534,65534
"Smt. Kamala and Sri Venkappa M. Agadi College of Engineering and Technology-Laxmeswar, Gadag","Computer Science & Engineering (Artificial Intelligence & Machine Learning) (4 Years, Bachelor of Technology)",GM,OPEN,Neutral,85586,85586
"Sri Venkateshwara College of Engineering-KIAL Road, Bengaluru","Computer Science & Engineering (Data Science) (4 Years, Bachelor of Technology)",GM,OPEN,Neutral,84255,84255
"Vemana Institute of Technology-Koramangala, Bengaluru","Computer Science & Engineering (Data Science) (4 Years, Bachelor of Technology)",GM,OPEN,Neutral,87855,87855
Vidyavardhaka College of Engineering,"Computer Science & Engineering (Artificial Intelligence & Machine Learning) (4 Years, Bachelor of Technology)",GM,OPEN,Neutral,80591,80591
Vidyavardhaka College of Engineering,"Computer Science & Engineering (Artificial Intelligence & Machine Learning) (4 Years, Bachelor of Technology)",KKR,OPEN,Neutral,95881,95881
"ATME College of Engineering-Bannur Road, Mysuru","Computer Science & Engineering (Artificial Intelligence & Machine Learning) (4 Years, Bachelor of Technology)",GM,OPEN,Neutral,86632,86632
"Cambridge Institute of Technology North Campus- Kundana, Bengaluru","Computer Science & Engineering (Artificial Intelligence & Machine Learning) (4 Years, Bachelor of Technology)",GM,OPEN,Neutral,78588,78588
"REVA University-Yelahanka, Bengaluru","Computer Science & Engineering (Artificial Intelligence & Machine Learning) (4 Years, Bachelor of Technology)",GM,OPEN,Neutral,42895,42895
"Alliance University-Anekal, Bengaluru","Bio- technology (4 Years, Bachelor of Technology)",GM,OPEN,Neutral,104073,104073
"GITAM Deemed to be University-Dodaballapur taluk, Bengaluru","Computer Science & Engineering (Data Science) (4 Years, Bachelor of Technology)",GM,OPEN,Neutral,53533,53533
"Presidency University-Yelahanka, Bengaluru","Computer Science & Technology (Big Data) (4 Years, Bachelor of Technology)",GM,OPEN,Neutral,73997,73997
"Presidency University-Yelahanka, Bengaluru","Computer Science & Engineering (Data Science) (4 Years, Bachelor of Technology)",GM,OPEN,Neutral,70513,70513
"Presidency University-Yelahanka, Bengaluru","Computer Science & Engineering (Artificial Intelligence & Machine Learning) (4 Years, Bachelor of Technology)",GM,OPEN,Neutral,69049,69049
"CMR University-Bagalur-Chagalatti, Bengaluru","Computer Science & Engineering (Data Science) (4 Years, Bachelor of Technology)",GM,OPEN,Neutral,91982,91982
"CMR University-Bagalur-Chagalatti, Bengaluru","Computer Engineering (4 Years, Bachelor of Technology)",GM,OPEN,Neutral,79385,79385
"CMR University-Bagalur-Chagalatti, Bengaluru","Computer Science & Engineering (Artificial Intelligence & Machine Learning) (4 Years, Bachelor of Technology)",GM,OPEN,Neutral,69153,69153
"CMR University-Bagalur-Chagalatti, Bengaluru","Computer Science & Engineering (Artificial Intelligence & Machine Learning) (4 Years, Bachelor of Technology)",KKR,OPEN,Neutral,92917,92917
"R V Institute of Technology and Management-J P Nagar, Bengaluru","Computer Science & Engineering (Artificial Intelligence & Machine Learning) (4 Years, Bachelor of Technology)",GM,OPEN,Neutral,24673,24673
"R V Institute of Technology and Management-J P Nagar, Bengaluru","Computer Science & Engineering (Artificial Intelligence & Machine Learning) (4 Years, Bachelor of Technology)",KKR,OPEN,Neutral,33761,33761
"Acharya Institute of Technology-Soladevanahalli, Bengaluru","Computer Science & Engineering (4 Years, Bachelor of Technology)",GM,OPEN,Neutral,109781,109781
"Acharya Institute of Technology-Soladevanahalli, Bengaluru","Computer Science & Engineering (4 Years, Bachelor of Technology)",KKR,OPEN,Neutral,95420,95420
"A.C.S. College of Engineering-Kambipura Mysore Road, Bengaluru","Computer Science & Engineering (4 Years, Bachelor of Technology)",GM,OPEN,Neutral,81816,81816
Adichunchanagiri Institute of Technology,"Computer Science & Engineering (4 Years, Bachelor of Technology)",GM,OPEN,Neutral,96642,96642
"Akash Institute of Engineering and Technology- Devanahalli, Bengaluru Rural","Computer Science & Engineering (4 Years, Bachelor of Technology)",GM,OPEN,Neutral,64460,64460
"Akash Institute of Engineering and Technology- Devanahalli, Bengaluru Rural","Computer Science & Engineering (Cyber Security) (4 Years, Bachelor of Technology)",GM,OPEN,Neutral,104762,104762
"Alvas Institute of Engineering and Technology-Moodbidri, Mangaluru","Computer Science & Engineering (4 Years, Bachelor of Technology)",GM,OPEN,Neutral,107287,107287
"AMC Engineering College-Bannerghatta Rd, Bengaluru","Computer Science & Engineering (4 Years, Bachelor of Technology)",GM,OPEN,Neutral,106002,106002
"AMC Engineering College-Bannerghatta Rd, Bengaluru","Civil Engineering (4 Years, Bachelor of Technology)",GM,OPEN,Neutral,62003,62003
"AMC Engineering College-Bannerghatta Rd, Bengaluru","Computer Science & Engineering (4 Years, Bachelor of Technology)",KKR,OPEN,Neutral,108388,108388
"Angadi Institute of Technology and Management-Savagaon Road, Belagavi","Computer Science & Engineering (4 Years, Bachelor of Technology)",GM,OPEN,Neutral,76135,76135
"Atria Institute of Technology-Hebbal, Bengaluru","Computer Science & Engineering (4 Years, Bachelor of Technology)",GM,OPEN,Neutral,99556,99556
"Atria Institute of Technology-Hebbal, Bengaluru","Computer Science & Engineering (4 Years, Bachelor of Technology)",KKR,OPEN,Neutral,89608,89608
"Anuvartik Mirji Bharatesh Institute of Technology- Shindhollicross, Belagavi","Computer Science & Engineering (4 Years, Bachelor of Technology)",GM,OPEN,Neutral,97950,97950
"B.N.M. Institute of Technology-Banashankari, Bengaluru","Computer Science & Engineering (4 Years, Bachelor of Technology)",GM,OPEN,Neutral,36964,36964
"B.N.M. Institute of Technology-Banashankari, Bengaluru","Computer Science & Engineering (4 Years, Bachelor of Technology)",KKR,OPEN,Neutral,52860,52860
"KLE Technological University Formerly known as BVBCET- Vidyanagar, Hubballi","Computer Science & Engineering (4 Years, Bachelor of Technology)",GM,OPEN,Neutral,41897,41897
"KLE Technological University Formerly known as BVBCET- Vidyanagar, Hubballi","Civil Engineering (4 Years, Bachelor of Technology)",GM,OPEN,Neutral,111127,111127
"KLE Technological University Formerly known as BVBCET- Vidyanagar, Hubballi","Computer Science & Engineering (4 Years, Bachelor of Technology)",KKR,OPEN,Neutral,41231,41231
"Bangalore Institute of Technology-V V Puram, Bengaluru","Computer Science & Engineering (4 Years, Bachelor of Technology)",GM,OPEN,Neutral,16385,16385
"Bangalore Institute of Technology-V V Puram, Bengaluru","Civil Engineering (4 Years, Bachelor of Technology)",GM,OPEN,Neutral,99127,99127
"Bangalore Institute of Technology-V V Puram, Bengaluru","Computer Science & Engineering (4 Years, Bachelor of Technology)",KKR,OPEN,Neutral,28602,28602
"Bangalore Technological Institute-Chikkanayakanahalli Dinne, Bengaluru","Computer Science & Engineering (4 Years, Bachelor of Technology)",GM,OPEN,Neutral,53793,53793
"Bapuji Institute of Engineering and Technology-Shamanur Road, Davangere","Computer Science & Engineering (4 Years, Bachelor of Technology)",GM,OPEN,Neutral,111716,111716
"Bapuji Institute of Engineering and Technology-Shamanur Road, Davangere","Computer Science & Engineering (4 Years, Bachelor of Technology)",KKR,OPEN,Neutral,109579,109579
"Basaveshwar Engineering College-Vidya Nagar, Bagalkote","Computer Science & Engineering (4 Years, Bachelor of Technology)",GM,OPEN,Neutral,103197,103197
"Basaveshwar Engineering College-Vidya Nagar, Bagalkote","Computer Science & Engineering (4 Years, Bachelor of Technology)",KKR,OPEN,Neutral,83003,83003
"BLDEAs V.P. Dr.P.G.Halakatti College of Engineering and Technology-Ashram Road, Vijayapura","Computer Science & Engineering (4 Years, Bachelor of Technology)",GM,OPEN,Neutral,105699,105699
"BMS College of Engineering-Basavanagudi, Bengaluru","Computer Science & Engineering (4 Years, Bachelor of Technology)",GM,OPEN,Neutral,5312,5312
"BMS College of Engineering-Basavanagudi, Bengaluru","Civil Engineering (4 Years, Bachelor of Technology)",GM,OPEN,Neutral,47626,47626
"BMS College of Engineering-Basavanagudi, Bengaluru","Computer Science & Engineering (4 Years, Bachelor of Technology)",KKR,OPEN,Neutral,14570,14570
"BMS College of Engineering-Basavanagudi, Bengaluru","Civil Engineering (4 Years, Bachelor of Technology)",KKR,OPEN,Neutral,68362,68362
"BMS Institute of Technology and Management-Yelahanka, Bengaluru","Computer Science & Engineering (4 Years, Bachelor of Technology)",GM,OPEN,Neutral,19940,19940
"BMS Institute of Technology and Management-Yelahanka, Bengaluru","Civil Engineering (4 Years, Bachelor of Technology)",GM,OPEN,Neutral,98771,98771
"BMS Institute of Technology and Management-Yelahanka, Bengaluru","Computer Science & Engineering (4 Years, Bachelor of Technology)",KKR,OPEN,Neutral,40297,40297
"CMR Institute of Technology-Brookefield, Bengaluru","Computer Science & Engineering (4 Years, Bachelor of Technology)",GM,OPEN,Neutral,26223,26223
"CMR Institute of Technology-Brookefield, Bengaluru","Computer Science & Engineering (4 Years, Bachelor of Technology)",KKR,OPEN,Neutral,45058,45058
"Cambridge Institute of Technology-K R Puram, Bengaluru","Computer Science & Engineering (4 Years, Bachelor of Technology)",GM,OPEN,Neutral,110484,110484
"Cambridge Institute of Technology-K R Puram, Bengaluru","Computer Science & Engineering (4 Years, Bachelor of Technology)",KKR,OPEN,Neutral,106519,106519
"Channabasaveshwara Institute of Technology- Gubbi, Tumakuru","Computer Science & Engineering (4 Years, Bachelor of Technology)",GM,OPEN,Neutral,77710,77710
"City Engineering College-Doddakalasandra, Bengaluru","Computer Science & Engineering (4 Years, Bachelor of Technology)",GM,OPEN,Neutral,99239,99239
Dayananda Sagar Academy of Technology and Management,"Computer Science & Engineering (4 Years, Bachelor of Technology)",GM,OPEN,Neutral,58956,58956
Dayananda Sagar Academy of Technology and Management,"Computer Science & Engineering (Cyber Security) (4 Years, Bachelor of Technology)",GM,OPEN,Neutral,70639,70639
Dayananda Sagar Academy of Technology and Management,"Computer Science & Engineering (4 Years, Bachelor of Technology)",KKR,OPEN,Neutral,65823,65823
"Dayananda Sagar College of Engineering-Kumaraswamy Layout, Bengaluru","Computer Science & Engineering (4 Years, Bachelor of Technology)",GM,OPEN,Neutral,7819,7819
"Dayananda Sagar College of Engineering-Kumaraswamy Layout, Bengaluru","Civil Engineering (4 Years, Bachelor of Technology)",GM,OPEN,Neutral,65128,65128
"Dayananda Sagar College of Engineering-Kumaraswamy Layout, Bengaluru","Computer Science & Engineering (Cyber Security) (4 Years, Bachelor of Technology)",GM,OPEN,Neutral,9105,9105
"Dayananda Sagar College of Engineering-Kumaraswamy Layout, Bengaluru","Computer Science & Engineering (4 Years, Bachelor of Technology)",KKR,OPEN,Neutral,18974,18974
"Dayananda Sagar College of Engineering-Kumaraswamy Layout, Bengaluru","Computer Science & Engineering (Cyber Security) (4 Years, Bachelor of Technology)",KKR,OPEN,Neutral,21259,21259
"DON BOSCO Institute of Technology-Kumbalgodu, Bengaluru","Computer Science & Engineering (4 Years, Bachelor of Technology)",GM,OPEN,Neutral,78693,78693
"Dr. Ambedkar Institute of Technology-Malathahalli, Bengaluru","Computer Science & Engineering (4 Years, Bachelor of Technology)",GM,OPEN,Neutral,82800,82800
"Dr. Ambedkar Institute of Technology-Malathahalli, Bengaluru","Computer Science & Engineering (4 Years, Bachelor of Technology)",KKR,OPEN,Neutral,70948,70948
Dr H N National College of Engineering,"Computer Science & Engineering (4 Years, Bachelor of Technology)",GM,OPEN,Neutral,77721,77721
East Point College of Engineering and Technology,"Computer Science & Engineering (4 Years, Bachelor of Technology)",GM,OPEN,Neutral,87819,87819
"East West Institute of Technology-BEL Layout, Bengaluru","Computer Science & Engineering (4 Years, Bachelor of Technology)",GM,OPEN,Neutral,88757,88757
"Garden City University-Old Madras Road, Bengaluru","Computer Science & Technology (4 Years, Bachelor of Technology)",GM,OPEN,Neutral,79136,79136
"Garden City University-Old Madras Road, Bengaluru","Computer Science & Engineering (4 Years, Bachelor of Technology)",GM,OPEN,Neutral,71823,71823
"Global Academy of Technology-Rajarajeshwari Nagar, Bengaluru","Computer Science & Engineering (4 Years, Bachelor of Technology)",GM,OPEN,Neutral,110697,110697
"Global Academy of Technology-Rajarajeshwari Nagar, Bengaluru","Computer Science & Engineering (4 Years, Bachelor of Technology)",KKR,OPEN,Neutral,107333,107333
"GM Institute of Technology-P B Road, Davangere","Computer Science & Engineering (4 Years, Bachelor of Technology)",GM,OPEN,Neutral,106190,106190
Gopalan College of Engineering And Management,"Computer Science & Engineering (4 Years, Bachelor of Technology)",GM,OPEN,Neutral,50971,50971
GSSS Institute of Engineering and Technology for Women,"Computer Science & Engineering (4 Years, Bachelor of Technology)",GM,OPEN,Neutral,54607,54607
GSSS Institute of Engineering and Technology for Women,"Computer Science & Engineering (4 Years, Bachelor of Technology)",KKR,OPEN,Neutral,92793,92793
"H.K.E.Societys P.D.A. College of Engineering-Aiwan E Shahi area, Kalaburgi","Computer Science & Engineering (4 Years, Bachelor of Technology)",GM,OPEN,Neutral,106601,106601
"H.K.E.Societys P.D.A. College of Engineering-Aiwan E Shahi area, Kalaburgi","Computer Science & Engineering (4 Years, Bachelor of Technology)",KKR,OPEN,Neutral,67538,67538
Sri Jayachamarajendra College of Engineering constituent college of JSS Science and Technology University-,"Computer Science & Engineering (4 Years, Bachelor of Technology)",GM,OPEN,Neutral,7039,7039
Sri Jayachamarajendra College of Engineering constituent college of JSS Science and Technology University-,"Computer Science & Engineering (4 Years, Bachelor of Technology)",KKR,OPEN,Neutral,13042,13042
"Jawaharlal Nehru New College of Engineering JNNCE- Swalanga Road, Shivamogga","Computer Science & Engineering (4 Years, Bachelor of Technology)",GM,OPEN,Neutral,101133,101133
"Jawaharlal Nehru New College of Engineering JNNCE- Swalanga Road, Shivamogga","Civil Engineering (4 Years, Bachelor of Technology)",GM,OPEN,Neutral,103564,103564
"Jawaharlal Nehru New College of Engineering JNNCE- Swalanga Road, Shivamogga","Computer Science & Engineering (4 Years, Bachelor of Technology)",KKR,OPEN,Neutral,93683,93683
"JSS Academy of Technical Education-Kengeri Main Road, Bengaluru","Computer Science & Engineering (4 Years, Bachelor of Technology)",GM,OPEN,Neutral,61454,61454
"JSS Academy of Technical Education-Kengeri Main Road, Bengaluru","Computer Science & Engineering (4 Years, Bachelor of Technology)",KKR,OPEN,Neutral,88206,88206
JSS Science and Technology University-Mysuru,"Computer Science & Engineering (4 Years, Bachelor of Technology)",GM,OPEN,Neutral,15742,15742
JSS Science and Technology University-Mysuru,"Civil Engineering (4 Years, Bachelor of Technology)",GM,OPEN,Neutral,81346,81346
JSS Science and Technology University-Mysuru,"Computer Science & Engineering (4 Years, Bachelor of Technology)",KKR,OPEN,Neutral,22916,22916
"Jain College of Engineering-T.S Nagar, Belagavi","Computer Science & Engineering (4 Years, Bachelor of Technology)",GM,OPEN,Neutral,99303,99303
"Jain College of Engineering and Research-Udyambag, Belagavi","Computer Science & Engineering (4 Years, Bachelor of Technology)",GM,OPEN,Neutral,110996,110996
"KLE Technological University, Belagavi Campus. Formerly known as KLE Dr. M.S. Sheshgiri College of Engineering and","Computer Science & Engineering (4 Years, Bachelor of Technology)",GM,OPEN,Neutral,98364,98364
"KLE College of Engineering and Technology-Chikodi Dist., Belagavi","Computer Science & Engineering (4 Years, Bachelor of Technology)",GM,OPEN,Neutral,108707,108707
"K.S School of Engineering And Management-Off Kanakapura Road, Bengaluru","Computer Science & Engineering (4 Years, Bachelor of Technology)",GM,OPEN,Neutral,106267,106267
K.S. INSTITUTE OF TECHNOLOGY,"Computer & Communi-cation Engineering (4 Years, Bachelor of Technology)",GM,OPEN,Neutral,102147,102147
K.S. INSTITUTE OF TECHNOLOGY,"Computer Science & Engineering (4 Years, Bachelor of Technology)",GM,OPEN,Neutral,87857,87857
"KLS Gogte Institute of Technology-Udyambag, Belagavi","Computer Science & Engineering (4 Years, Bachelor of Technology)",GM,OPEN,Neutral,65197,65197
"KLS Gogte Institute of Technology-Udyambag, Belagavi","Civil Engineering (4 Years, Bachelor of Technology)",GM,OPEN,Neutral,68426,68426
"KLS Gogte Institute of Technology-Udyambag, Belagavi","Computer Science & Engineering (4 Years, Bachelor of Technology)",KKR,OPEN,Neutral,85330,85330
"KLS Vishwanathrao Deshpande Institute of Technology- Dandeli Road, Haliyal","Computer Science & Engineering (4 Years, Bachelor of Technology)",GM,OPEN,Neutral,110111,110111
"M.S. Ramaiah Institute of Technology-MSR Nagar, Bengaluru","Computer Science & Engineering (4 Years, Bachelor of Technology)",GM,OPEN,Neutral,1667,1667
"M.S. Ramaiah Institute of Technology-MSR Nagar, Bengaluru","Civil Engineering (4 Years, Bachelor of Technology)",GM,OPEN,Neutral,45412,45412
"M.S. Ramaiah Institute of Technology-MSR Nagar, Bengaluru","Computer Science & Engineering (Cyber Security) (4 Years, Bachelor of Technology)",GM,OPEN,Neutral,2845,2845
"M.S. Ramaiah Institute of Technology-MSR Nagar, Bengaluru","Computer Science & Engineering (4 Years, Bachelor of Technology)",KKR,OPEN,Neutral,6671,6671
"M.S. Ramaiah Institute of Technology-MSR Nagar, Bengaluru","Civil Engineering (4 Years, Bachelor of Technology)",KKR,OPEN,Neutral,83820,83820
"M.S. Ramaiah Institute of Technology-MSR Nagar, Bengaluru","Computer Science & Engineering (Cyber Security) (4 Years, Bachelor of Technology)",KKR,OPEN,Neutral,16304,16304
"Maharaja Institute of Technology-Belawadi, Mandya","Computer Science & Engineering (4 Years, Bachelor of Technology)",GM,OPEN,Neutral,111099,111099
"Maharaja Institute of Technology-Belawadi, Mandya","Civil Engineering (4 Years, Bachelor of Technology)",GM,OPEN,Neutral,105541,105541
"Malnad College of Engineering-Rangoli Halla, Hassan","Computer Science & Engineering (4 Years, Bachelor of Technology)",GM,OPEN,Neutral,111070,111070
"Mangalore Institute of Technology and Engineering- Moodbidri, Mangaluru","Computer Science & Engineering (4 Years, Bachelor of Technology)",GM,OPEN,Neutral,109490,109490
"Maharaja Institute of Technology-Thandavapura, Mysuru","Computer Science & Engineering (4 Years, Bachelor of Technology)",GM,OPEN,Neutral,98578,98578
"Nagarjuna College of Engineering And Technology- Devanahalli, Bengaluru","Computer Science & Engineering (4 Years, Bachelor of Technology)",GM,OPEN,Neutral,110315,110315
"The National Institute of Engineering North Campus- Koorgalli, Mysuru","Computer Science & Engineering (4 Years, Bachelor of Technology)",GM,OPEN,Neutral,24347,24347
"The National Institute of Engineering North Campus- Koorgalli, Mysuru","Computer Science & Engineering (4 Years, Bachelor of Technology)",KKR,OPEN,Neutral,36455,36455
"Navodaya Institute of Technology-Bijangera, Raichur","Computer Science & Engineering (4 Years, Bachelor of Technology)",GM,OPEN,Neutral,76817,76817
"P.E.S.College of Engineering, Mandya","Computer Science & Engineering (4 Years, Bachelor of Technology)",GM,OPEN,Neutral,76458,76458
"R V College of Engineering-Mysore Road, Bengaluru","Computer Science & Engineering (4 Years, Bachelor of Technology)",GM,OPEN,Neutral,692,692
"R V College of Engineering-Mysore Road, Bengaluru","Civil Engineering (4 Years, Bachelor of Technology)",GM,OPEN,Neutral,20599,20599
"R V College of Engineering-Mysore Road, Bengaluru","Computer Science & Engineering (Cyber Security) (4 Years, Bachelor of Technology)",GM,OPEN,Neutral,1091,1091
"R V College of Engineering-Mysore Road, Bengaluru","Computer Science & Engineering (4 Years, Bachelor of Technology)",KKR,OPEN,Neutral,1133,1133
"R V College of Engineering-Mysore Road, Bengaluru","Civil Engineering (4 Years, Bachelor of Technology)",KKR,OPEN,Neutral,77467,77467
"R V College of Engineering-Mysore Road, Bengaluru","Computer Science & Engineering (Cyber Security) (4 Years, Bachelor of Technology)",KKR,OPEN,Neutral,3368,3368
"Raja Rajeswari College of Engineering-Kumbalgodu, Bengaluru","Computer Science & Engineering (4 Years, Bachelor of Technology)",GM,OPEN,Neutral,86038,86038
"RNS Institute of Technology-R R Nagar Post, Bengaluru","Computer Science & Engineering (4 Years, Bachelor of Technology)",GM,OPEN,Neutral,42678,42678
"RNS Institute of Technology-R R Nagar Post, Bengaluru","Computer Science & Engineering (Cyber Security) (4 Years, Bachelor of Technology)",GM,OPEN,Neutral,50778,50778
"RNS Institute of Technology-R R Nagar Post, Bengaluru","Computer Science & Engineering (4 Years, Bachelor of Technology)",KKR,OPEN,Neutral,52821,52821
"RNS Institute of Technology-R R Nagar Post, Bengaluru","Computer Science & Engineering (Cyber Security) (4 Years, Bachelor of Technology)",KKR,OPEN,Neutral,69057,69057
"SJB Institute of Technology-Kengeri, Bengaluru","Computer Science & Engineering (4 Years, Bachelor of Technology)",GM,OPEN,Neutral,96234,96234
"SJB Institute of Technology-Kengeri, Bengaluru","Computer Science & Engineering (4 Years, Bachelor of Technology)",KKR,OPEN,Neutral,85620,85620
"SJC Institute of Technology-BB Road, Chikkaballapur","Computer Science & Engineering (4 Years, Bachelor of Technology)",GM,OPEN,Neutral,109667,109667
"SSETs S.G. Balekundri Institute of Technology-Shivabasva Nagar, Belagavi","Computer Science & Engineering (4 Years, Bachelor of Technology)",GM,OPEN,Neutral,100695,100695
"Sahyadri College of Engineering and Management-Adyar, Mangaluru","Computer Science & Engineering (4 Years, Bachelor of Technology)",GM,OPEN,Neutral,104962,104962
"Sai Vidya Institute of Technology-Rajan Kunte, Bengaluru","Computer Science & Engineering (4 Years, Bachelor of Technology)",GM,OPEN,Neutral,107167,107167
"Sapthagiri NPS University-Hesarghatta Main Road, Bengaluru","Computer Science & Engineering (4 Years, Bachelor of Technology)",GM,OPEN,Neutral,103645,103645
"SDM College of Engineering and Technology, Tulu Minority- Kalaghatagi, Dharwad","Computer Science & Engineering (4 Years, Bachelor of Technology)",GM,OPEN,Neutral,68774,68774
"SDM College of Engineering and Technology, Tulu Minority- Kalaghatagi, Dharwad","Computer Science & Engineering (4 Years, Bachelor of Technology)",KKR,OPEN,Neutral,56441,56441
"Sri Sairam College of Engineering-Anekal, Bengaluru","Computer Science & Engineering (4 Years, Bachelor of Technology)",GM,OPEN,Neutral,105651,105651
"Siddaganga Institute of Technology-B H Road, Tumakuru","Computer Science & Engineering (4 Years, Bachelor of Technology)",GM,OPEN,Neutral,19599,19599
"Siddaganga Institute of Technology-B H Road, Tumakuru","Computer Science & Engineering (4 Years, Bachelor of Technology)",KKR,OPEN,Neutral,32955,32955
"Sir M.Visvesvaraya Institute of Technology-Yelahanka, Bengaluru","Computer Science & Engineering (4 Years, Bachelor of Technology)",GM,OPEN,Neutral,36563,36563
"Sir M.Visvesvaraya Institute of Technology-Yelahanka, Bengaluru","Civil Engineering (4 Years, Bachelor of Technology)",GM,OPEN,Neutral,110094,110094
"Sir M.Visvesvaraya Institute of Technology-Yelahanka, Bengaluru","Computer Science & Engineering (4 Years, Bachelor of Technology)",KKR,OPEN,Neutral,59585,59585
"Smt. Kamala and Sri Venkappa M. Agadi College of Engineering and Technology-Laxmeswar, Gadag","Computer Science & Engineering (4 Years, Bachelor of Technology)",GM,OPEN,Neutral,91192,91192
"Sri Krishna Institute of Technology-Chikkabanavara, Bengaluru","Computer Science & Engineering (4 Years, Bachelor of Technology)",GM,OPEN,Neutral,85160,85160
"Sri Venkateshwara College of Engineering-KIAL Road, Bengaluru","Computer Science & Engineering (4 Years, Bachelor of Technology)",GM,OPEN,Neutral,109058,109058
"Sri Venkateshwara College of Engineering-KIAL Road, Bengaluru","Computer Science & Engineering (Cyber Security) (4 Years, Bachelor of Technology)",GM,OPEN,Neutral,101019,101019
"T. John Institute of Technology-Bannerghatta Road, Bengaluru","Computer Science & Engineering (4 Years, Bachelor of Technology)",GM,OPEN,Neutral,106939,106939
"Vemana Institute of Technology-Koramangala, Bengaluru","Computer Science & Engineering (4 Years, Bachelor of Technology)",GM,OPEN,Neutral,105410,105410
"Vemana Institute of Technology-Koramangala, Bengaluru","Computer Science & Engineering (Cyber Security) (4 Years, Bachelor of Technology)",GM,OPEN,Neutral,96196,96196
Vidyavardhaka College of Engineering,"Computer Science & Engineering (4 Years, Bachelor of Technology)",GM,OPEN,Neutral,106778,106778
Vidyavardhaka College of Engineering,"Civil Engineering (4 Years, Bachelor of Technology)",GM,OPEN,Neutral,110523,110523
Vidyavardhaka College of Engineering,"Computer Science & Engineering (4 Years, Bachelor of Technology)",KKR,OPEN,Neutral,106835,106835
"ATME College of Engineering-Bannur Road, Mysuru","Computer Science & Engineering (4 Years, Bachelor of Technology)",GM,OPEN,Neutral,105603,105603
"Jyothy Institute of Technology-Tathguni, Bengaluru","Computer Science & Engineering (4 Years, Bachelor of Technology)",GM,OPEN,Neutral,109278,109278
"Cambridge Institute of Technology North Campus- Kundana, Bengaluru","Computer Science & Engineering (4 Years, Bachelor of Technology)",GM,OPEN,Neutral,77553,77553
"REVA University-Yelahanka, Bengaluru","Computer Science & Information Technology (4 Years, Bachelor of Technology)",GM,OPEN,Neutral,71315,71315
"REVA University-Yelahanka, Bengaluru","Civil Engineering (4 Years, Bachelor of Technology)",GM,OPEN,Neutral,52607,52607
"REVA University-Yelahanka, Bengaluru","Computer Science & Information Technology (4 Years, Bachelor of Technology)",KKR,OPEN,Neutral,110659,110659
"Alliance University-Anekal, Bengaluru","Computer Science & Engineering (IOT) (4 Years, Bachelor of Technology)",GM,OPEN,Neutral,80186,80186
"Alliance University-Anekal, Bengaluru","Computer Science & Engineering (Block Chain) (4 Years, Bachelor of Technology)",GM,OPEN,Neutral,99531,99531
"Alliance University-Anekal, Bengaluru","Computer Science & Engineering (4 Years, Bachelor of Technology)",GM,OPEN,Neutral,103869,103869
"Alliance University-Anekal, Bengaluru","Computer Science & Technology (Devops) (4 Years, Bachelor of Technology)",GM,OPEN,Neutral,79698,79698
"Alliance University-Anekal, Bengaluru","Civil Engineering (4 Years, Bachelor of Technology)",GM,OPEN,Neutral,89912,89912
"Alliance University-Anekal, Bengaluru","Computer Science & Engineering (Cyber Security) (4 Years, Bachelor of Technology)",GM,OPEN,Neutral,104802,104802
"Alliance University-Anekal, Bengaluru","Computer Science & Engineering (Block Chain) (4 Years, Bachelor of Technology)",KKR,OPEN,Neutral,63261,63261
"Alliance University-Anekal, Bengaluru","Computer Science & Engineering (4 Years, Bachelor of Technology)",KKR,OPEN,Neutral,58887,58887
"GITAM Deemed to be University-Dodaballapur taluk, Bengaluru","Computer Science & Engineering (4 Years, Bachelor of Technology)",GM,OPEN,Neutral,32484,32484
"GITAM Deemed to be University-Dodaballapur taluk, Bengaluru","Computer Science & Engineering (Cyber Security) (4 Years, Bachelor of Technology)",GM,OPEN,Neutral,56380,56380
"GITAM Deemed to be University-Dodaballapur taluk, Bengaluru","Computer Science & Engineering (4 Years, Bachelor of Technology)",KKR,OPEN,Neutral,58837,58837
"Presidency University-Yelahanka, Bengaluru","Computer Science & Engineering (IOT) (4 Years, Bachelor of Technology)",GM,OPEN,Neutral,107590,107590
"Presidency University-Yelahanka, Bengaluru","Computer Science & Engineering (Block Chain) (4 Years, Bachelor of Technology)",GM,OPEN,Neutral,81718,81718
"Presidency University-Yelahanka, Bengaluru","Computer Science & Engineering (4 Years, Bachelor of Technology)",GM,OPEN,Neutral,105662,105662
"Presidency University-Yelahanka, Bengaluru","Computer Science & Technology (Devops) (4 Years, Bachelor of Technology)",GM,OPEN,Neutral,86039,86039
"Presidency University-Yelahanka, Bengaluru","Computer Science & Engineering (Cyber Security) (4 Years, Bachelor of Technology)",GM,OPEN,Neutral,69316,69316
"CMR University-Bagalur-Chagalatti, Bengaluru","Computer Science & Technology (4 Years, Bachelor of Technology)",GM,OPEN,Neutral,68213,68213
"CMR University-Bagalur-Chagalatti, Bengaluru","Computer Science & Engineering (4 Years, Bachelor of Technology)",GM,OPEN,Neutral,108898,108898
"CMR University-Bagalur-Chagalatti, Bengaluru","Computer Science & Engineering (4 Years, Bachelor of Technology)",KKR,OPEN,Neutral,100067,100067
"Jain College of Engineering and Technology-Unkal, Hubballi","Computer Science & Engineering (4 Years, Bachelor of Technology)",GM,OPEN,Neutral,91832,91832
"Jain College of Engineering and Technology-Unkal, Hubballi","Computer Science & Engineering (4 Years, Bachelor of Technology)",KKR,OPEN,Neutral,108783,108783
"M.S. Ramaiah University of Applied Sciences-MSR Nagar, Bengaluru","Civil Engineering (4 Years, Bachelor of Technology)",GM,OPEN,Neutral,72815,72815
"R V Institute of Technology and Management-J P Nagar, Bengaluru","Computer Science & Engineering (4 Years, Bachelor of Technology)",GM,OPEN,Neutral,21189,21189
"R V Institute of Technology and Management-J P Nagar, Bengaluru","Computer Science & Engineering (4 Years, Bachelor of Technology)",KKR,OPEN,Neutral,31537,31537
"Amruta Institute of Engineering and Management Science- Bidadi,","Computer Science & Engineering (4 Years, Bachelor of Technology)",GM,OPEN,Neutral,89035,89035
"Vijaya Vittala Institution of Technology-Kothanur, Bengaluru","Computer Science & Engineering (4 Years, Bachelor of Technology)",GM,OPEN,Neutral,89038,89038
"BGS College of Engineering and Technology- Mahalaxmipuram, Bengaluru","Computer Science & Engineering (4 Years, Bachelor of Technology)",GM,OPEN,Neutral,97348,97348
"BGS College of Engineering and Technology- Mahalaxmipuram, Bengaluru","Computer Science & Engineering (4 Years, Bachelor of Technology)",KKR,OPEN,Neutral,83726,83726
"East West College of Engineering-Yelahanka, Bengaluru","Computer Science & Engineering (4 Years, Bachelor of Technology)",GM,OPEN,Neutral,40862,40862
"Seshadripuram Institute of Technology - Kadakola Industrial Area, Mysuru","Computer Science & Engineering (4 Years, Bachelor of Technology)",GM,OPEN,Neutral,102501,102501
"Acharya Institute of Technology-Soladevanahalli, Bengaluru","Electronics & Communication Engineering (4 Years, Bachelor of Technology)",GM,OPEN,Neutral,87722,87722
"AMC Engineering College-Bannerghatta Rd, Bengaluru","Electronics & Communication Engineering (4 Years, Bachelor of Technology)",GM,OPEN,Neutral,82721,82721
"AMC Engineering College-Bannerghatta Rd, Bengaluru","Electrical & Electronics Engineering (4 Years, Bachelor of Technology)",GM,OPEN,Neutral,79806,79806
"Atria Institute of Technology-Hebbal, Bengaluru","Electronics & Communication Engineering (4 Years, Bachelor of Technology)",GM,OPEN,Neutral,110946,110946
"B.N.M. Institute of Technology-Banashankari, Bengaluru","Electronics & Communication Engineering (4 Years, Bachelor of Technology)",GM,OPEN,Neutral,63350,63350
"B.N.M. Institute of Technology-Banashankari, Bengaluru","Electrical & Electronics Engineering (4 Years, Bachelor of Technology)",GM,OPEN,Neutral,91589,91589
"B.N.M. Institute of Technology-Banashankari, Bengaluru","Electronics & Communication Engineering (4 Years, Bachelor of Technology)",KKR,OPEN,Neutral,63087,63087
"KLE Technological University Formerly known as BVBCET- Vidyanagar, Hubballi","Electronics & Communication Engineering (4 Years, Bachelor of Technology)",GM,OPEN,Neutral,68078,68078
"KLE Technological University Formerly known as BVBCET- Vidyanagar, Hubballi","Electrical & Electronics Engineering (4 Years, Bachelor of Technology)",GM,OPEN,Neutral,110273,110273
"KLE Technological University Formerly known as BVBCET- Vidyanagar, Hubballi","Electronics & Communication Engineering (4 Years, Bachelor of Technology)",KKR,OPEN,Neutral,97034,97034
"KLE Technological University Formerly known as BVBCET- Vidyanagar, Hubballi","Electrical & Electronics Engineering (4 Years, Bachelor of Technology)",KKR,OPEN,Neutral,107292,107292
"Bangalore Institute of Technology-V V Puram, Bengaluru","Electronics & Communication Engineering (4 Years, Bachelor of Technology)",GM,OPEN,Neutral,32446,32446
"Bangalore Institute of Technology-V V Puram, Bengaluru","Electrical & Electronics Engineering (4 Years, Bachelor of Technology)",GM,OPEN,Neutral,50967,50967
"Bangalore Institute of Technology-V V Puram, Bengaluru","Electronics & Instrumentation Engineering (4 Years, Bachelor of Technology)",GM,OPEN,Neutral,59325,59325
"Bangalore Institute of Technology-V V Puram, Bengaluru","Electronics & Telecommunicati on Engineering (4 Years, Bachelor of Technology)",GM,OPEN,Neutral,49542,49542
"Bangalore Institute of Technology-V V Puram, Bengaluru","Computer Science & Engineering (IOT & Cyber Security Including Block Chain Technology) (4 Years, Bachelor of Technology)",GM,OPEN,Neutral,24466,24466
"Bangalore Institute of Technology-V V Puram, Bengaluru","Electronics & Communication Engineering (4 Years, Bachelor of Technology)",KKR,OPEN,Neutral,43337,43337
"Bangalore Institute of Technology-V V Puram, Bengaluru","Electronics & Telecommunicati on Engineering (4 Years, Bachelor of Technology)",KKR,OPEN,Neutral,61358,61358
"Bangalore Institute of Technology-V V Puram, Bengaluru","Computer Science & Engineering (IOT & Cyber Security Including Block Chain Technology) (4 Years, Bachelor of Technology)",KKR,OPEN,Neutral,33647,33647
"Bapuji Institute of Engineering and Technology-Shamanur Road, Davangere","Electronics & Communication Engineering (4 Years, Bachelor of Technology)",GM,OPEN,Neutral,101288,101288
"Bapuji Institute of Engineering and Technology-Shamanur Road, Davangere","Electrical & Electronics Engineering (4 Years, Bachelor of Technology)",GM,OPEN,Neutral,91353,91353
"Basaveshwar Engineering College-Vidya Nagar, Bagalkote","Electronics & Communication Engineering (4 Years, Bachelor of Technology)",GM,OPEN,Neutral,99134,99134
"BMS College of Engineering-Basavanagudi, Bengaluru","Electronics & Communication Engineering (4 Years, Bachelor of Technology)",GM,OPEN,Neutral,7904,7904
"BMS College of Engineering-Basavanagudi, Bengaluru","Computer Science & Engineering (IOT & Cyber Security Including Block Chain Technology) (4 Years, Bachelor of Technology)",GM,OPEN,Neutral,6143,6143
"BMS College of Engineering-Basavanagudi, Bengaluru","Electronics & Communication Engineering (4 Years, Bachelor of Technology)",KKR,OPEN,Neutral,19669,19669
"BMS College of Engineering-Basavanagudi, Bengaluru","Computer Science & Engineering (IOT & Cyber Security Including Block Chain Technology) (4 Years, Bachelor of Technology)",KKR,OPEN,Neutral,17185,17185
"BMS Institute of Technology and Management-Yelahanka, Bengaluru","Electronics & Communication Engineering (4 Years, Bachelor of Technology)",GM,OPEN,Neutral,29885,29885
"BMS Institute of Technology and Management-Yelahanka, Bengaluru","Electrical & Electronics Engineering (4 Years, Bachelor of Technology)",GM,OPEN,Neutral,45384,45384
"BMS Institute of Technology and Management-Yelahanka, Bengaluru","Electronics & Communication Engineering (4 Years, Bachelor of Technology)",KKR,OPEN,Neutral,54977,54977
"BMS Institute of Technology and Management-Yelahanka, Bengaluru","Electrical & Electronics Engineering (4 Years, Bachelor of Technology)",KKR,OPEN,Neutral,57136,57136
"CMR Institute of Technology-Brookefield, Bengaluru","Electronics & Communication Engineering (4 Years, Bachelor of Technology)",GM,OPEN,Neutral,63591,63591
"Cambridge Institute of Technology-K R Puram, Bengaluru","Electronics & Communication Engineering (4 Years, Bachelor of Technology)",GM,OPEN,Neutral,91125,91125
"Cambridge Institute of Technology-K R Puram, Bengaluru","Computer Science & Engineering (IOT & Cyber Security Including Block Chain Technology) (4 Years, Bachelor of Technology)",GM,OPEN,Neutral,93618,93618
Dayananda Sagar Academy of Technology and Management,"Electronics & Communication Engineering (4 Years, Bachelor of Technology)",GM,OPEN,Neutral,108621,108621
Dayananda Sagar Academy of Technology and Management,"Computer Science & Engineering (IOT & Cyber Security Including Block Chain Technology) (4 Years, Bachelor of Technology)",GM,OPEN,Neutral,84560,84560
Dayananda Sagar Academy of Technology and Management,"Electronics & Communication Engineering (4 Years, Bachelor of Technology)",KKR,OPEN,Neutral,93584,93584
Dayananda Sagar Academy of Technology and Management,"Computer Science & Engineering (IOT & Cyber Security Including Block Chain Technology) (4 Years, Bachelor of Technology)",KKR,OPEN,Neutral,74251,74251
"Dayananda Sagar College of Engineering-Kumaraswamy Layout, Bengaluru","Electronics & Communication Engineering (4 Years, Bachelor of Technology)",GM,OPEN,Neutral,17582,17582
"Dayananda Sagar College of Engineering-Kumaraswamy Layout, Bengaluru","Electrical & Electronics Engineering (4 Years, Bachelor of Technology)",GM,OPEN,Neutral,35492,35492
"Dayananda Sagar College of Engineering-Kumaraswamy Layout, Bengaluru","Electronics & Telecommunicati on Engineering (4 Years, Bachelor of Technology)",GM,OPEN,Neutral,30129,30129
"Dayananda Sagar College of Engineering-Kumaraswamy Layout, Bengaluru","Computer Science & Engineering (IOT & Cyber Security Including Block Chain Technology) (4 Years, Bachelor of Technology)",GM,OPEN,Neutral,10204,10204
"Dayananda Sagar College of Engineering-Kumaraswamy Layout, Bengaluru","Electronics & Communication Engineering (4 Years, Bachelor of Technology)",KKR,OPEN,Neutral,28677,28677
"Dayananda Sagar College of Engineering-Kumaraswamy Layout, Bengaluru","Electrical & Electronics Engineering (4 Years, Bachelor of Technology)",KKR,OPEN,Neutral,49381,49381
"Dayananda Sagar College of Engineering-Kumaraswamy Layout, Bengaluru","Electronics & Telecommunicati on Engineering (4 Years, Bachelor of Technology)",KKR,OPEN,Neutral,44678,44678
"Dayananda Sagar College of Engineering-Kumaraswamy Layout, Bengaluru","Computer Science & Engineering (IOT & Cyber Security Including Block Chain Technology) (4 Years, Bachelor of Technology)",KKR,OPEN,Neutral,25934,25934
"DON BOSCO Institute of Technology-Kumbalgodu, Bengaluru","Electronics & Communication Engineering (4 Years, Bachelor of Technology)",GM,OPEN,Neutral,81250,81250
"DON BOSCO Institute of Technology-Kumbalgodu, Bengaluru","Electrical & Electronics Engineering (4 Years, Bachelor of Technology)",GM,OPEN,Neutral,32466,32466
"DON BOSCO Institute of Technology-Kumbalgodu, Bengaluru","Computer Science & Engineering (IOT & Cyber Security Including Block Chain Technology) (4 Years, Bachelor of Technology)",GM,OPEN,Neutral,78827,78827
"Dr. Ambedkar Institute of Technology-Malathahalli, Bengaluru","Electronics & Communication Engineering (4 Years, Bachelor of Technology)",GM,OPEN,Neutral,82392,82392
"Dr. Ambedkar Institute of Technology-Malathahalli, Bengaluru","Electronics and Communication Engineering (VLSI Design & Technology) (4 Years, Bachelor of Technology)",GM,OPEN,Neutral,70725,70725
East Point College of Engineering and Technology,"Electronics & Communication Engineering (4 Years, Bachelor of Technology)",GM,OPEN,Neutral,74935,74935
East Point College of Engineering and Technology,"Computer Science & Engineering (IOT & Cyber Security Including Block Chain Technology) (4 Years, Bachelor of Technology)",GM,OPEN,Neutral,69574,69574
"Global Academy of Technology-Rajarajeshwari Nagar, Bengaluru","Electronics & Communication Engineering (4 Years, Bachelor of Technology)",GM,OPEN,Neutral,111800,111800
GSSS Institute of Engineering and Technology for Women,"Electronics & Communication Engineering (4 Years, Bachelor of Technology)",GM,OPEN,Neutral,110904,110904
"Jawaharlal Nehru New College of Engineering JNNCE- Swalanga Road, Shivamogga","Electronics & Communication Engineering (4 Years, Bachelor of Technology)",GM,OPEN,Neutral,93811,93811
"JSS Academy of Technical Education-Kengeri Main Road, Bengaluru","Electronics & Communication Engineering (4 Years, Bachelor of Technology)",GM,OPEN,Neutral,101277,101277
"JSS Academy of Technical Education-Kengeri Main Road, Bengaluru","Electronics & Instrumentation Engineering (4 Years, Bachelor of Technology)",GM,OPEN,Neutral,68371,68371
"Jain College of Engineering-T.S Nagar, Belagavi","Electronics & Communication Engineering (4 Years, Bachelor of Technology)",GM,OPEN,Neutral,89690,89690
"Jain College of Engineering and Research-Udyambag, Belagavi","Electronics & Communication Engineering (4 Years, Bachelor of Technology)",GM,OPEN,Neutral,93964,93964
"KLE Technological University, Belagavi Campus. Formerly known as KLE Dr. M.S. Sheshgiri College of Engineering and","Electronics & Communication Engineering (4 Years, Bachelor of Technology)",GM,OPEN,Neutral,109669,109669
K.S. INSTITUTE OF TECHNOLOGY,"Electronics & Communication Engineering (4 Years, Bachelor of Technology)",GM,OPEN,Neutral,91733,91733
K.S. INSTITUTE OF TECHNOLOGY,"Computer Science & Engineering (IOT & Cyber Security Including Block Chain Technology) (4 Years, Bachelor of Technology)",GM,OPEN,Neutral,78493,78493
"KLS Gogte Institute of Technology-Udyambag, Belagavi","Electronics & Communication Engineering (4 Years, Bachelor of Technology)",GM,OPEN,Neutral,79437,79437
"KLS Gogte Institute of Technology-Udyambag, Belagavi","Electrical & Electronics Engineering (4 Years, Bachelor of Technology)",GM,OPEN,Neutral,90429,90429
"KLS Gogte Institute of Technology-Udyambag, Belagavi","Electronics & Communication Engineering (4 Years, Bachelor of Technology)",KKR,OPEN,Neutral,80116,80116
"KLS Vishwanathrao Deshpande Institute of Technology- Dandeli Road, Haliyal","Electronics & Communication Engineering (4 Years, Bachelor of Technology)",GM,OPEN,Neutral,108632,108632
"M.S. Ramaiah Institute of Technology-MSR Nagar, Bengaluru","Electronics & Communication Engineering (4 Years, Bachelor of Technology)",GM,OPEN,Neutral,4402,4402
"M.S. Ramaiah Institute of Technology-MSR Nagar, Bengaluru","Electrical & Electronics Engineering (4 Years, Bachelor of Technology)",GM,OPEN,Neutral,8320,8320
"M.S. Ramaiah Institute of Technology-MSR Nagar, Bengaluru","Electronics & Instrumentation Engineering (4 Years, Bachelor of Technology)",GM,OPEN,Neutral,9737,9737
"M.S. Ramaiah Institute of Technology-MSR Nagar, Bengaluru","Electronics & Telecommunicati on Engineering (4 Years, Bachelor of Technology)",GM,OPEN,Neutral,6753,6753
"M.S. Ramaiah Institute of Technology-MSR Nagar, Bengaluru","Industrial Engineering & Management (4 Years, Bachelor of Technology)",GM,OPEN,Neutral,46626,46626
"M.S. Ramaiah Institute of Technology-MSR Nagar, Bengaluru","Electronics & Communication Engineering (4 Years, Bachelor of Technology)",KKR,OPEN,Neutral,17711,17711
"M.S. Ramaiah Institute of Technology-MSR Nagar, Bengaluru","Electrical & Electronics Engineering (4 Years, Bachelor of Technology)",KKR,OPEN,Neutral,30384,30384
"M.S. Ramaiah Institute of Technology-MSR Nagar, Bengaluru","Electronics & Instrumentation Engineering (4 Years, Bachelor of Technology)",KKR,OPEN,Neutral,33237,33237
"M.S. Ramaiah Institute of Technology-MSR Nagar, Bengaluru","Electronics & Telecommunicati on Engineering (4 Years, Bachelor of Technology)",KKR,OPEN,Neutral,23863,23863
"Maharaja Institute of Technology-Belawadi, Mandya","Electronics & Communication Engineering (4 Years, Bachelor of Technology)",GM,OPEN,Neutral,110498,110498
"Maharaja Institute of Technology-Belawadi, Mandya","Computer Science & Engineering (IOT & Cyber Security Including Block Chain Technology) (4 Years, Bachelor of Technology)",GM,OPEN,Neutral,98560,98560
"Malnad College of Engineering-Rangoli Halla, Hassan","Electronics & Communication Engineering (4 Years, Bachelor of Technology)",GM,OPEN,Neutral,37198,37198
"Nagarjuna College of Engineering And Technology- Devanahalli, Bengaluru","Electronics & Communication Engineering (4 Years, Bachelor of Technology)",GM,OPEN,Neutral,96890,96890
"P.E.S.College of Engineering, Mandya","Electronics and Communication Engineering (VLSI Design & Technology) (4 Years, Bachelor of Technology)",GM,OPEN,Neutral,71028,71028
"R V College of Engineering-Mysore Road, Bengaluru","Electronics & Communication Engineering (4 Years, Bachelor of Technology)",GM,OPEN,Neutral,1399,1399
"R V College of Engineering-Mysore Road, Bengaluru","Electrical & Electronics Engineering (4 Years, Bachelor of Technology)",GM,OPEN,Neutral,2424,2424
"R V College of Engineering-Mysore Road, Bengaluru","Electronics & Telecommunicati on Engineering (4 Years, Bachelor of Technology)",GM,OPEN,Neutral,1621,1621
"R V College of Engineering-Mysore Road, Bengaluru","Industrial Engineering & Management (4 Years, Bachelor of Technology)",GM,OPEN,Neutral,17533,17533
"R V College of Engineering-Mysore Road, Bengaluru","Electronics & Communication Engineering (4 Years, Bachelor of Technology)",KKR,OPEN,Neutral,3758,3758
"R V College of Engineering-Mysore Road, Bengaluru","Electrical & Electronics Engineering (4 Years, Bachelor of Technology)",KKR,OPEN,Neutral,11783,11783
"R V College of Engineering-Mysore Road, Bengaluru","Electronics & Telecommunicati on Engineering (4 Years, Bachelor of Technology)",KKR,OPEN,Neutral,4923,4923
"R V College of Engineering-Mysore Road, Bengaluru","Industrial Engineering & Management (4 Years, Bachelor of Technology)",KKR,OPEN,Neutral,49268,49268
"RNS Institute of Technology-R R Nagar Post, Bengaluru","Electronics & Communication Engineering (4 Years, Bachelor of Technology)",GM,OPEN,Neutral,68259,68259
"RNS Institute of Technology-R R Nagar Post, Bengaluru","Electrical & Electronics Engineering (4 Years, Bachelor of Technology)",GM,OPEN,Neutral,82622,82622
"RNS Institute of Technology-R R Nagar Post, Bengaluru","Electronics & Communication Engineering (4 Years, Bachelor of Technology)",KKR,OPEN,Neutral,80616,80616
"SJB Institute of Technology-Kengeri, Bengaluru","Electronics & Communication Engineering (4 Years, Bachelor of Technology)",GM,OPEN,Neutral,89447,89447
"SSETs S.G. Balekundri Institute of Technology-Shivabasva Nagar, Belagavi","Electronics & Communication Engineering (4 Years, Bachelor of Technology)",GM,OPEN,Neutral,86914,86914
"Sai Vidya Institute of Technology-Rajan Kunte, Bengaluru","Electronics & Communication Engineering (4 Years, Bachelor of Technology)",GM,OPEN,Neutral,106707,106707
"SDM College of Engineering and Technology, Tulu Minority- Kalaghatagi, Dharwad","Electronics & Communication Engineering (4 Years, Bachelor of Technology)",GM,OPEN,Neutral,88474,88474
"SDM College of Engineering and Technology, Tulu Minority- Kalaghatagi, Dharwad","Electrical & Electronics Engineering (4 Years, Bachelor of Technology)",GM,OPEN,Neutral,107627,107627
"SDM College of Engineering and Technology, Tulu Minority- Kalaghatagi, Dharwad","Electronics & Communication Engineering (4 Years, Bachelor of Technology)",KKR,OPEN,Neutral,85876,85876
"SDM Institute of Technology, Tulu Minority-Ujjire, Dakshina Kannada","Electronics & Communication Engineering (4 Years, Bachelor of Technology)",GM,OPEN,Neutral,97963,97963
"Sri Sairam College of Engineering-Anekal, Bengaluru","Computer Science & Engineering (IOT & Cyber Security Including Block Chain Technology) (4 Years, Bachelor of Technology)",GM,OPEN,Neutral,99579,99579
"Siddaganga Institute of Technology-B H Road, Tumakuru","Electronics & Communication Engineering (4 Years, Bachelor of Technology)",GM,OPEN,Neutral,35776,35776
"Siddaganga Institute of Technology-B H Road, Tumakuru","Electronics & Communication Engineering (4 Years, Bachelor of Technology)",KKR,OPEN,Neutral,47005,47005
"Sir M.Visvesvaraya Institute of Technology-Yelahanka, Bengaluru","Electronics & Communication Engineering (4 Years, Bachelor of Technology)",GM,OPEN,Neutral,74734,74734
"Sir M.Visvesvaraya Institute of Technology-Yelahanka, Bengaluru","Electrical & Electronics Engineering (4 Years, Bachelor of Technology)",GM,OPEN,Neutral,96996,96996
"Sir M.Visvesvaraya Institute of Technology-Yelahanka, Bengaluru","Electronics & Telecommunicati on Engineering (4 Years, Bachelor of Technology)",GM,OPEN,Neutral,54587,54587
"Sir M.Visvesvaraya Institute of Technology-Yelahanka, Bengaluru","Computer Science & Engineering (IOT & Cyber Security Including Block Chain Technology) (4 Years, Bachelor of Technology)",GM,OPEN,Neutral,43786,43786
"Sir M.Visvesvaraya Institute of Technology-Yelahanka, Bengaluru","Electronics & Communication Engineering (4 Years, Bachelor of Technology)",KKR,OPEN,Neutral,81180,81180
"Sir M.Visvesvaraya Institute of Technology-Yelahanka, Bengaluru","Computer Science & Engineering (IOT & Cyber Security Including Block Chain Technology) (4 Years, Bachelor of Technology)",KKR,OPEN,Neutral,89775,89775
"T. John Institute of Technology-Bannerghatta Road, Bengaluru","Computer Science & Engineering (IOT & Cyber Security Including Block Chain Technology) (4 Years, Bachelor of Technology)",GM,OPEN,Neutral,85908,85908
"The National Institute of Engineering South Campus- Mananthavady Road, Mysuru","Electronics & Communication Engineering (4 Years, Bachelor of Technology)",GM,OPEN,Neutral,30072,30072
"The National Institute of Engineering South Campus- Mananthavady Road, Mysuru","Electrical & Electronics Engineering (4 Years, Bachelor of Technology)",GM,OPEN,Neutral,31668,31668
"The National Institute of Engineering South Campus- Mananthavady Road, Mysuru","Electronics & Communication Engineering (4 Years, Bachelor of Technology)",KKR,OPEN,Neutral,39277,39277
Vidyavardhaka College of Engineering,"Electronics & Communication Engineering (4 Years, Bachelor of Technology)",GM,OPEN,Neutral,109543,109543
Vidyavardhaka College of Engineering,"Electrical & Electronics Engineering (4 Years, Bachelor of Technology)",GM,OPEN,Neutral,86250,86250
Vidyavardhaka College of Engineering,"Electronics & Communication Engineering (4 Years, Bachelor of Technology)",KKR,OPEN,Neutral,88965,88965
"REVA University-Yelahanka, Bengaluru","Electronics & Communication Engineering (4 Years, Bachelor of Technology)",GM,OPEN,Neutral,100240,100240
"REVA University-Yelahanka, Bengaluru","Computer Science & Engineering (IOT & Cyber Security Including Block Chain Technology) (4 Years, Bachelor of Technology)",GM,OPEN,Neutral,85739,85739
"REVA University-Yelahanka, Bengaluru","Electronics & Communication Engineering (4 Years, Bachelor of Technology)",KKR,OPEN,Neutral,76983,76983
"REVA University-Yelahanka, Bengaluru","Computer Science & Engineering (IOT & Cyber Security Including Block Chain Technology) (4 Years, Bachelor of Technology)",KKR,OPEN,Neutral,100736,100736
"Alliance University-Anekal, Bengaluru","Electronics & Communication Engineering (4 Years, Bachelor of Technology)",GM,OPEN,Neutral,88288,88288
"Alliance University-Anekal, Bengaluru","Electrical & Electronics Engineering (4 Years, Bachelor of Technology)",GM,OPEN,Neutral,61682,61682
"Alliance University-Anekal, Bengaluru","Information Technology (Data Analytics) (4 Years, Bachelor of Technology)",GM,OPEN,Neutral,55444,55444
"GITAM Deemed to be University-Dodaballapur taluk, Bengaluru","Electrical & Computer Engineering (4 Years, Bachelor of Technology)",GM,OPEN,Neutral,99933,99933
"GITAM Deemed to be University-Dodaballapur taluk, Bengaluru","Electronics & Communication Engineering (4 Years, Bachelor of Technology)",KKR,OPEN,Neutral,99036,99036
"Presidency University-Yelahanka, Bengaluru","Electronics & Communication Engineering (4 Years, Bachelor of Technology)",GM,OPEN,Neutral,101410,101410
"Presidency University-Yelahanka, Bengaluru","Electrical & Electronics Engineering (4 Years, Bachelor of Technology)",GM,OPEN,Neutral,97479,97479
"Presidency University-Yelahanka, Bengaluru","Electronics & Communication Engineering (4 Years, Bachelor of Technology)",KKR,OPEN,Neutral,97035,97035
"CMR University-Bagalur-Chagalatti, Bengaluru","Electronics & Communication Engineering (4 Years, Bachelor of Technology)",GM,OPEN,Neutral,55825,55825
"Jain College of Engineering and Technology-Unkal, Hubballi","Electronics & Communication Engineering (4 Years, Bachelor of Technology)",GM,OPEN,Neutral,100382,100382
"R V Institute of Technology and Management-J P Nagar, Bengaluru","Electronics & Communication Engineering (4 Years, Bachelor of Technology)",GM,OPEN,Neutral,22166,22166
"R V Institute of Technology and Management-J P Nagar, Bengaluru","Electronics & Communication Engineering (4 Years, Bachelor of Technology)",KKR,OPEN,Neutral,45563,45563
"Seshadripuram Institute of Technology - Kadakola Industrial Area, Mysuru","Electronics & Communication Engineering (4 Years, Bachelor of Technology)",GM,OPEN,Neutral,105585,105585
"Acharya Institute of Technology-Soladevanahalli, Bengaluru","Information Science & Engineering (4 Years, Bachelor of Technology)",GM,OPEN,Neutral,75128,75128
"Acharya Institute of Technology-Soladevanahalli, Bengaluru","Mechanical Engineering (4 Years, Bachelor of Technology)",GM,OPEN,Neutral,55904,55904
"Acharya Institute of Technology-Soladevanahalli, Bengaluru","Robotics & Artificial Intelligence (4 Years, Bachelor of Technology)",GM,OPEN,Neutral,68534,68534
"Acharya Institute of Technology-Soladevanahalli, Bengaluru","Information Science & Engineering (4 Years, Bachelor of Technology)",KKR,OPEN,Neutral,85319,85319
"Acharya Institute of Technology-Soladevanahalli, Bengaluru","Mechanical Engineering (4 Years, Bachelor of Technology)",KKR,OPEN,Neutral,83862,83862
Adichunchanagiri Institute of Technology,"Information Science & Engineering (4 Years, Bachelor of Technology)",GM,OPEN,Neutral,104380,104380
"Akash Institute of Engineering and Technology- Devanahalli, Bengaluru Rural","Information Science & Engineering (4 Years, Bachelor of Technology)",GM,OPEN,Neutral,30473,30473
"Atria Institute of Technology-Hebbal, Bengaluru","Information Science & Engineering (4 Years, Bachelor of Technology)",GM,OPEN,Neutral,94561,94561
"B.N.M. Institute of Technology-Banashankari, Bengaluru","Information Science & Engineering (4 Years, Bachelor of Technology)",GM,OPEN,Neutral,45911,45911
"B.N.M. Institute of Technology-Banashankari, Bengaluru","Mechanical Engineering (4 Years, Bachelor of Technology)",GM,OPEN,Neutral,61633,61633
"B.N.M. Institute of Technology-Banashankari, Bengaluru","Information Science & Engineering (4 Years, Bachelor of Technology)",KKR,OPEN,Neutral,59005,59005
"KLE Technological University Formerly known as BVBCET- Vidyanagar, Hubballi","Mechanical Engineering (4 Years, Bachelor of Technology)",GM,OPEN,Neutral,103984,103984
"KLE Technological University Formerly known as BVBCET- Vidyanagar, Hubballi","VLSI (4 Years, Bachelor of Technology)",GM,OPEN,Neutral,73602,73602
"Bangalore Institute of Technology-V V Puram, Bengaluru","Information Science & Engineering (4 Years, Bachelor of Technology)",GM,OPEN,Neutral,24965,24965
"Bangalore Institute of Technology-V V Puram, Bengaluru","Mechanical Engineering (4 Years, Bachelor of Technology)",GM,OPEN,Neutral,89065,89065
"Bangalore Institute of Technology-V V Puram, Bengaluru","Robotics & Artificial Intelligence (4 Years, Bachelor of Technology)",GM,OPEN,Neutral,30233,30233
"Bangalore Institute of Technology-V V Puram, Bengaluru","Electronics Engineering (VLSI Design & Technology) (4 Years, Bachelor of Technology)",GM,OPEN,Neutral,41382,41382
"Bangalore Institute of Technology-V V Puram, Bengaluru","Information Science & Engineering (4 Years, Bachelor of Technology)",KKR,OPEN,Neutral,35811,35811
"Bangalore Institute of Technology-V V Puram, Bengaluru","Robotics & Artificial Intelligence (4 Years, Bachelor of Technology)",KKR,OPEN,Neutral,58765,58765
"Bangalore Institute of Technology-V V Puram, Bengaluru","Electronics Engineering (VLSI Design & Technology) (4 Years, Bachelor of Technology)",KKR,OPEN,Neutral,70401,70401
"Bangalore Technological Institute-Chikkanayakanahalli Dinne, Bengaluru","Robotics & Artificial Intelligence (4 Years, Bachelor of Technology)",GM,OPEN,Neutral,65090,65090
"Bapuji Institute of Engineering and Technology-Shamanur Road, Davangere","Information Science & Engineering (4 Years, Bachelor of Technology)",GM,OPEN,Neutral,106067,106067
"Bapuji Institute of Engineering and Technology-Shamanur Road, Davangere","Information Science & Engineering (4 Years, Bachelor of Technology)",KKR,OPEN,Neutral,102127,102127
"Basaveshwar Engineering College-Vidya Nagar, Bagalkote","Information Science & Engineering (4 Years, Bachelor of Technology)",GM,OPEN,Neutral,109052,109052
"BMS College of Engineering-Basavanagudi, Bengaluru","Mechanical Engineering (4 Years, Bachelor of Technology)",GM,OPEN,Neutral,21793,21793
"BMS College of Engineering-Basavanagudi, Bengaluru","Mechanical Engineering (4 Years, Bachelor of Technology)",KKR,OPEN,Neutral,73003,73003
"BMS Institute of Technology and Management-Yelahanka, Bengaluru","Mechanical Engineering (4 Years, Bachelor of Technology)",GM,OPEN,Neutral,68406,68406
"Brindavan College of Engineering-Yelahanka, Bengaluru","Mechanical Engineering (4 Years, Bachelor of Technology)",GM,OPEN,Neutral,32957,32957
"CMR Institute of Technology-Brookefield, Bengaluru","Information Science & Engineering (4 Years, Bachelor of Technology)",GM,OPEN,Neutral,39306,39306
"CMR Institute of Technology-Brookefield, Bengaluru","Information Science & Engineering (4 Years, Bachelor of Technology)",KKR,OPEN,Neutral,74304,74304
"Chanakya University-Devanahalli, Bengaluru Rural","Electronics Engineering (VLSI Design & Technology) (4 Years, Bachelor of Technology)",GM,OPEN,Neutral,95562,95562
"City Engineering College-Doddakalasandra, Bengaluru","Mechanical Engineering (4 Years, Bachelor of Technology)",GM,OPEN,Neutral,87100,87100
Dayananda Sagar Academy of Technology and Management,"Information Science & Engineering (4 Years, Bachelor of Technology)",GM,OPEN,Neutral,94407,94407
Dayananda Sagar Academy of Technology and Management,"Information Science & Engineering (4 Years, Bachelor of Technology)",KKR,OPEN,Neutral,79199,79199
"Dayananda Sagar College of Engineering-Kumaraswamy Layout, Bengaluru","Information Science & Engineering (4 Years, Bachelor of Technology)",GM,OPEN,Neutral,10627,10627
"Dayananda Sagar College of Engineering-Kumaraswamy Layout, Bengaluru","Medical Electronics Engineering (4 Years, Bachelor of Technology)",GM,OPEN,Neutral,70191,70191
"Dayananda Sagar College of Engineering-Kumaraswamy Layout, Bengaluru","Mechanical Engineering (4 Years, Bachelor of Technology)",GM,OPEN,Neutral,55934,55934
"Dayananda Sagar College of Engineering-Kumaraswamy Layout, Bengaluru","Robotics & Artificial Intelligence (4 Years, Bachelor of Technology)",GM,OPEN,Neutral,12335,12335
"Dayananda Sagar College of Engineering-Kumaraswamy Layout, Bengaluru","Information Science & Engineering (4 Years, Bachelor of Technology)",KKR,OPEN,Neutral,22788,22788
"Dayananda Sagar College of Engineering-Kumaraswamy Layout, Bengaluru","Mechanical Engineering (4 Years, Bachelor of Technology)",KKR,OPEN,Neutral,108484,108484
"Dayananda Sagar College of Engineering-Kumaraswamy Layout, Bengaluru","Robotics & Artificial Intelligence (4 Years, Bachelor of Technology)",KKR,OPEN,Neutral,32330,32330
"Dr. Ambedkar Institute of Technology-Malathahalli, Bengaluru","Information Science & Engineering (4 Years, Bachelor of Technology)",GM,OPEN,Neutral,109945,109945
"Dr. Ambedkar Institute of Technology-Malathahalli, Bengaluru","Information Science & Engineering (4 Years, Bachelor of Technology)",KKR,OPEN,Neutral,102626,102626
East Point College of Engineering and Technology,"Information Science & Engineering (4 Years, Bachelor of Technology)",GM,OPEN,Neutral,108885,108885
"East West Institute of Technology-BEL Layout, Bengaluru","Mechanical Engineering (4 Years, Bachelor of Technology)",GM,OPEN,Neutral,104180,104180
"Garden City University-Old Madras Road, Bengaluru","Information Science & Engineering (4 Years, Bachelor of Technology)",GM,OPEN,Neutral,81367,81367
"Garden City University-Old Madras Road, Bengaluru","Robotics (4 Years, Bachelor of Technology)",GM,OPEN,Neutral,73658,73658
"Global Academy of Technology-Rajarajeshwari Nagar, Bengaluru","Information Science & Engineering (4 Years, Bachelor of Technology)",GM,OPEN,Neutral,93051,93051
"Global Academy of Technology-Rajarajeshwari Nagar, Bengaluru","Information Science & Engineering (4 Years, Bachelor of Technology)",KKR,OPEN,Neutral,102628,102628
GSSS Institute of Engineering and Technology for Women,"Information Science & Engineering (4 Years, Bachelor of Technology)",GM,OPEN,Neutral,88717,88717
GSSS Institute of Engineering and Technology for Women,"Information Science & Engineering (4 Years, Bachelor of Technology)",KKR,OPEN,Neutral,94706,94706
"Jawaharlal Nehru New College of Engineering JNNCE- Swalanga Road, Shivamogga","Information Science & Engineering (4 Years, Bachelor of Technology)",GM,OPEN,Neutral,108163,108163
"JSS Academy of Technical Education-Kengeri Main Road, Bengaluru","Information Science & Engineering (4 Years, Bachelor of Technology)",GM,OPEN,Neutral,107604,107604
"JSS Academy of Technical Education-Kengeri Main Road, Bengaluru","Mechanical Engineering (4 Years, Bachelor of Technology)",GM,OPEN,Neutral,49588,49588
"JSS Academy of Technical Education-Kengeri Main Road, Bengaluru","Robotics & Automation (4 Years, Bachelor of Technology)",GM,OPEN,Neutral,50204,50204
"JSS Academy of Technical Education-Kengeri Main Road, Bengaluru","Information Science & Engineering (4 Years, Bachelor of Technology)",KKR,OPEN,Neutral,93651,93651
JSS Science and Technology University-Mysuru,"Information Science & Engineering (4 Years, Bachelor of Technology)",GM,OPEN,Neutral,26486,26486
JSS Science and Technology University-Mysuru,"Mechanical Engineering (4 Years, Bachelor of Technology)",GM,OPEN,Neutral,93758,93758
JSS Science and Technology University-Mysuru,"Information Science & Engineering (4 Years, Bachelor of Technology)",KKR,OPEN,Neutral,30991,30991
"KLS Gogte Institute of Technology-Udyambag, Belagavi","Mechanical Engineering (4 Years, Bachelor of Technology)",GM,OPEN,Neutral,85421,85421
"M.S. Ramaiah Institute of Technology-MSR Nagar, Bengaluru","Information Science & Engineering (4 Years, Bachelor of Technology)",GM,OPEN,Neutral,3030,3030
"M.S. Ramaiah Institute of Technology-MSR Nagar, Bengaluru","Medical Electronics Engineering (4 Years, Bachelor of Technology)",GM,OPEN,Neutral,50220,50220
"M.S. Ramaiah Institute of Technology-MSR Nagar, Bengaluru","Mechanical Engineering (4 Years, Bachelor of Technology)",GM,OPEN,Neutral,25278,25278
"M.S. Ramaiah Institute of Technology-MSR Nagar, Bengaluru","Information Science & Engineering (4 Years, Bachelor of Technology)",KKR,OPEN,Neutral,12096,12096
"M.S. Ramaiah Institute of Technology-MSR Nagar, Bengaluru","Medical Electronics Engineering (4 Years, Bachelor of Technology)",KKR,OPEN,Neutral,82849,82849
"M.S. Ramaiah Institute of Technology-MSR Nagar, Bengaluru","Mechanical Engineering (4 Years, Bachelor of Technology)",KKR,OPEN,Neutral,54256,54256
"Maharaja Institute of Technology-Belawadi, Mandya","Information Science & Engineering (4 Years, Bachelor of Technology)",GM,OPEN,Neutral,109852,109852
"P.E.S.College of Engineering, Mandya","Information Science & Engineering (4 Years, Bachelor of Technology)",GM,OPEN,Neutral,92865,92865
"P.E.S.College of Engineering, Mandya","Robotics & Artificial Intelligence (4 Years, Bachelor of Technology)",GM,OPEN,Neutral,49355,49355
"R V College of Engineering-Mysore Road, Bengaluru","Mechanical Engineering (4 Years, Bachelor of Technology)",GM,OPEN,Neutral,7032,7032
"R V College of Engineering-Mysore Road, Bengaluru","Mechanical Engineering (4 Years, Bachelor of Technology)",KKR,OPEN,Neutral,39827,39827
"Raja Rajeswari College of Engineering-Kumbalgodu, Bengaluru","Information Science & Engineering (4 Years, Bachelor of Technology)",GM,OPEN,Neutral,92310,92310
"RNS Institute of Technology-R R Nagar Post, Bengaluru","Mechanical Engineering (4 Years, Bachelor of Technology)",GM,OPEN,Neutral,89591,89591
"SJB Institute of Technology-Kengeri, Bengaluru","Information Science & Engineering (4 Years, Bachelor of Technology)",GM,OPEN,Neutral,94373,94373
"SJB Institute of Technology-Kengeri, Bengaluru","Information Science & Engineering (4 Years, Bachelor of Technology)",KKR,OPEN,Neutral,104865,104865
"Sahyadri College of Engineering and Management-Adyar, Mangaluru","Information Science & Engineering (4 Years, Bachelor of Technology)",GM,OPEN,Neutral,67187,67187
"Sahyadri College of Engineering and Management-Adyar, Mangaluru","Robotics & Automation (4 Years, Bachelor of Technology)",GM,OPEN,Neutral,55193,55193
"SDM College of Engineering and Technology, Tulu Minority- Kalaghatagi, Dharwad","Information Science & Engineering (4 Years, Bachelor of Technology)",GM,OPEN,Neutral,79990,79990
"SDM College of Engineering and Technology, Tulu Minority- Kalaghatagi, Dharwad","Mechanical Engineering (4 Years, Bachelor of Technology)",GM,OPEN,Neutral,106615,106615
"SDM College of Engineering and Technology, Tulu Minority- Kalaghatagi, Dharwad","Information Science & Engineering (4 Years, Bachelor of Technology)",KKR,OPEN,Neutral,60443,60443
"Siddaganga Institute of Technology-B H Road, Tumakuru","Information Science & Engineering (4 Years, Bachelor of Technology)",GM,OPEN,Neutral,27637,27637
"Siddaganga Institute of Technology-B H Road, Tumakuru","Information Science & Engineering (4 Years, Bachelor of Technology)",KKR,OPEN,Neutral,41547,41547
"Sir M.Visvesvaraya Institute of Technology-Yelahanka, Bengaluru","Information Science & Engineering (4 Years, Bachelor of Technology)",GM,OPEN,Neutral,53971,53971
"Sir M.Visvesvaraya Institute of Technology-Yelahanka, Bengaluru","Mechanical Engineering (4 Years, Bachelor of Technology)",GM,OPEN,Neutral,84225,84225
"Sir M.Visvesvaraya Institute of Technology-Yelahanka, Bengaluru","Robotics & Artificial Intelligence (4 Years, Bachelor of Technology)",GM,OPEN,Neutral,73039,73039
"Sir M.Visvesvaraya Institute of Technology-Yelahanka, Bengaluru","Electronics & Computer Engineering (4 Years, Bachelor of Technology)",GM,OPEN,Neutral,102189,102189
"Sir M.Visvesvaraya Institute of Technology-Yelahanka, Bengaluru","Information Science & Engineering (4 Years, Bachelor of Technology)",KKR,OPEN,Neutral,72787,72787
"Sri Venkateshwara College of Engineering-KIAL Road, Bengaluru","Information Science & Engineering (4 Years, Bachelor of Technology)",GM,OPEN,Neutral,85021,85021
"The National Institute of Engineering South Campus- Mananthavady Road, Mysuru","Mechanical Engineering (4 Years, Bachelor of Technology)",GM,OPEN,Neutral,65094,65094
"Vemana Institute of Technology-Koramangala, Bengaluru","Information Science & Engineering (4 Years, Bachelor of Technology)",GM,OPEN,Neutral,97398,97398
Vidyavardhaka College of Engineering,"Mechanical Engineering (4 Years, Bachelor of Technology)",GM,OPEN,Neutral,87033,87033
"REVA University-Yelahanka, Bengaluru","Information Science & Engineering (4 Years, Bachelor of Technology)",GM,OPEN,Neutral,81333,81333
"Alliance University-Anekal, Bengaluru","Information Technology (4 Years, Bachelor of Technology)",KKR,OPEN,Neutral,94377,94377
"GITAM Deemed to be University-Dodaballapur taluk, Bengaluru","Mechanical Engineering (4 Years, Bachelor of Technology)",GM,OPEN,Neutral,95156,95156
"GITAM Deemed to be University-Dodaballapur taluk, Bengaluru","Electronics Engineering (VLSI Design & Technology) (4 Years, Bachelor of Technology)",GM,OPEN,Neutral,55985,55985
"Presidency University-Yelahanka, Bengaluru","Information Science & Engineering (4 Years, Bachelor of Technology)",GM,OPEN,Neutral,70713,70713
"M.S. Ramaiah University of Applied Sciences-MSR Nagar, Bengaluru","Information Science & Engineering (4 Years, Bachelor of Technology)",GM,OPEN,Neutral,38695,38695
"M.S. Ramaiah University of Applied Sciences-MSR Nagar, Bengaluru","Information Science & Engineering (4 Years, Bachelor of Technology)",KKR,OPEN,Neutral,110168,110168
"BGS College of Engineering and Technology- Mahalaxmipuram, Bengaluru","Information Science & Engineering (4 Years, Bachelor of Technology)",GM,OPEN,Neutral,72898,72898
